Stopping Criteria Long-Run Check: Resume vs Fresh (ML iters may differ)
generated: 2026-06-23 17:09:35

[CubMCCLTVec] status=ok

  loose_inputs:
    abs_tol: 1.00e-15
    rel_tol: 1.00e-02
    n_init: 256
    n_max: 4194304
    dimension: 2

  resume_inputs:
    abs_tol: 1.00e-15
    rel_tol: 1.00e-03
    n_init: 256
    n_max: 4194304
    dimension: 2

  fresh_inputs:
    abs_tol: 1.00e-15
    rel_tol: 1.00e-03
    n_init: 256
    n_max: 4194304
    dimension: 2

  loose_iteration_log:
    iter      n   solution  err_bound        tol    time(s)
       1    256  1.9042164  1.783e-01  1.904e-02  5.794e-05
       2    768  1.8416982  1.050e-01  1.842e-02  7.486e-05
       3   1792  1.8054701  7.091e-02  1.805e-02  9.584e-05
       4   3840  1.8000887  4.717e-02  1.800e-02  1.419e-04
       5   7936  1.8069199  3.282e-02  1.807e-02  2.289e-04
       6  16128  1.7969363  2.322e-02  1.797e-02  4.048e-04
       7  32512  1.8027463  1.621e-02  1.803e-02  7.670e-04

  resume_iteration_log:
    iter        n   solution  err_bound        tol    time(s)
       7    32512  1.8027463  1.621e-02  1.803e-02  7.670e-04
       8    97536  1.8004784  9.384e-03  1.800e-03      0.002
       9   227584  1.8044381  6.143e-03  1.804e-03      0.008
      10   487680  1.8068424  4.195e-03  1.807e-03      0.014
      11  1007872  1.8083251  2.913e-03  1.808e-03      0.038
      12  2048256  1.8084917  2.044e-03  1.808e-03      0.066
      13  4129024  1.8085591  1.439e-03  1.809e-03      0.187

  fresh_iteration_log:
    iter        n   solution  err_bound        tol    time(s)
       1      256  1.9042164  1.783e-01  1.904e-03  1.001e-05
       2      768  1.8416982  1.050e-01  1.842e-03  2.289e-05
       3     1792  1.8054701  7.091e-02  1.805e-03  4.792e-05
       4     3840  1.8000887  4.717e-02  1.800e-03  9.084e-05
       5     7936  1.8069199  3.282e-02  1.807e-03  1.779e-04
       6    16128  1.7969363  2.322e-02  1.797e-03  3.650e-04
       7    32512  1.8027463  1.621e-02  1.803e-03  7.229e-04
       8    65280  1.7998628  1.148e-02  1.800e-03      0.001
       9   130816  1.8034423  8.105e-03  1.803e-03      0.003
      10   261888   1.804903  5.724e-03  1.805e-03      0.006
      11   524032  1.8075127  4.046e-03  1.808e-03      0.069
      12  1048320  1.8087113  2.857e-03  1.809e-03      0.082
      13  2096896  1.8084899  2.020e-03  1.808e-03      0.167
      14  4194048  1.8085602  1.428e-03  1.809e-03      0.217

  Stage summary of CubMCCLTVec
  --------------------------------------------------------------------------
  Stage   rel_tol   total n     new n  iters    solution half-width time (s)
  --------------------------------------------------------------------------
  Loose     1e-02    32,512    32,512      7   1.8027463   1.62e-02   0.0008
  Resumed   1e-03 4,129,024 4,096,512      6   1.8085591   1.44e-03   0.1875
  Fresh     1e-03 4,194,048 4,194,048     14   1.8085602   1.43e-03   0.2169
  --------------------------------------------------------------------------

  WARNING: CubMCCLTVec: Inconsistent total samples (resume_n=4129024, fresh_n=4194048)

  WARNING: CubMCCLTVec: Inconsistent iterations (resume_iters=6, fresh_iters=14)

~~~~~~~~~~~~~~~~~~~~~~~~~~~~~~~~~~~~~~~~~~~~~~~~~~~~~~~~~~~~

[CubQMCLatticeG] status=ok

  loose_inputs:
    abs_tol: 1.00e-15
    rel_tol: 1.00e-02
    n_init: 1024
    n_max: 16777216
    n_reps: 16
    dimension: 2

  resume_inputs:
    abs_tol: 1.00e-15
    rel_tol: 2.00e-06
    n_init: 1024
    n_max: 16777216
    n_reps: 16
    dimension: 2

  fresh_inputs:
    abs_tol: 1.00e-15
    rel_tol: 2.00e-06
    n_init: 1024
    n_max: 16777216
    n_reps: 16
    dimension: 2

  loose_iteration_log:
    iter     n   solution  err_bound        tol  time(s)
       1  1024  1.8074969  5.056e-03  1.807e-02    0.016

  resume_iteration_log:
    iter        n   solution  err_bound        tol  time(s)
       1     1024  1.8074969  5.056e-03  1.807e-02    0.016
       2     2048  1.8082176  2.091e-03  3.616e-06    0.017
       3     4096  1.8081285  1.229e-03  3.616e-06    0.026
       4     8192  1.8081958  5.031e-04  3.616e-06    0.026
       5    16384  1.8081697  2.819e-04  3.616e-06    0.027
       6    32768  1.8081781  1.305e-04  3.616e-06    0.028
       7    65536  1.8081945  5.646e-05  3.616e-06    0.031
       8   131072  1.8081878  2.743e-05  3.616e-06    0.047
       9   262144   1.808189  1.312e-05  3.616e-06    0.062
      10   524288  1.8081867  6.123e-06  3.616e-06    0.153
      11  1048576  1.8081865  2.726e-06  3.616e-06    0.264

  fresh_iteration_log:
    iter        n   solution  err_bound        tol    time(s)
       1     1024  1.8074969  5.056e-03  3.615e-06  5.317e-05
       2     2048  1.8081432  2.147e-03  3.616e-06  1.290e-04
       3     4096   1.808086  1.203e-03  3.616e-06  2.801e-04
       4     8192  1.8082582  4.884e-04  3.617e-06  5.932e-04
       5    16384   1.808186  2.838e-04  3.616e-06      0.001
       6    32768  1.8081961  1.280e-04  3.616e-06      0.004
       7    65536   1.808186  5.679e-05  3.616e-06      0.007
       8   131072  1.8081829  2.695e-05  3.616e-06      0.012
       9   262144  1.8081861  1.311e-05  3.616e-06      0.025
      10   524288  1.8081859  6.149e-06  3.616e-06      0.110
      11  1048576  1.8081864  2.742e-06  3.616e-06      0.223

  Stage summary of CubQMCLatticeG
  --------------------------------------------------------------------------
  Stage   rel_tol   total n     new n  iters    solution half-width time (s)
  --------------------------------------------------------------------------
  Loose     1e-02     1,024     1,024      1   1.8074969   5.06e-03   0.0160
  Resumed   2e-06 1,048,576 1,047,552     10   1.8081865   2.73e-06   0.2805
  Fresh     2e-06 1,048,576 1,048,576     11   1.8081864   2.74e-06   0.2232
  --------------------------------------------------------------------------

  WARNING: CubQMCLatticeG: Inconsistent iterations (resume_iters=10, fresh_iters=11)

~~~~~~~~~~~~~~~~~~~~~~~~~~~~~~~~~~~~~~~~~~~~~~~~~~~~~~~~~~~~

[CubQMCNetG] status=ok

  loose_inputs:
    abs_tol: 1.00e-15
    rel_tol: 1.00e-03
    n_init: 1024
    n_max: 16777216
    dimension: 2

  resume_inputs:
    abs_tol: 1.00e-15
    rel_tol: 1.00e-06
    n_init: 1024
    n_max: 16777216
    dimension: 2

  fresh_inputs:
    abs_tol: 1.00e-15
    rel_tol: 1.00e-06
    n_init: 1024
    n_max: 16777216
    dimension: 2

  loose_iteration_log:
    iter     n   solution  err_bound        tol  time(s)
       1  1024  1.8059642  4.222e-03  1.806e-03    0.164
       2  2048  1.8095835  2.399e-03  1.810e-03    0.164
       3  4096  1.8080641  1.124e-03  1.808e-03    0.164

  resume_iteration_log:
    iter        n   solution  err_bound        tol  time(s)
       3     4096  1.8080641  1.124e-03  1.808e-03    0.164
       4     8192  1.8082955  5.290e-04  1.808e-06    0.005
       5    16384   1.808219  3.171e-04  1.808e-06    0.005
       6    32768  1.8081114  1.166e-04  1.808e-06    0.007
       7    65536  1.8081257  5.985e-05  1.808e-06    0.009
       8   131072  1.8081827  2.700e-05  1.808e-06    0.013
       9   262144  1.8081892  2.367e-05  1.808e-06    0.033
      10   524288  1.8081893  7.469e-06  1.808e-06    0.115
      11  1048576   1.808186  2.617e-06  1.808e-06    0.160
      12  2097152  1.8081856  9.376e-07  1.808e-06    0.369

  fresh_iteration_log:
    iter        n   solution  err_bound        tol    time(s)
       1     1024  1.8059642  4.222e-03  1.806e-06  5.198e-05
       2     2048  1.8095835  2.399e-03  1.810e-06  1.221e-04
       3     4096  1.8080641  1.124e-03  1.808e-06  2.480e-04
       4     8192  1.8082955  5.290e-04  1.808e-06  4.940e-04
       5    16384   1.808219  3.171e-04  1.808e-06  9.801e-04
       6    32768  1.8081114  1.166e-04  1.808e-06      0.002
       7    65536  1.8081257  5.985e-05  1.808e-06      0.004
       8   131072  1.8081827  2.700e-05  1.808e-06      0.008
       9   262144  1.8081892  2.367e-05  1.808e-06      0.017
      10   524288  1.8081893  7.469e-06  1.808e-06      0.036
      11  1048576   1.808186  2.617e-06  1.808e-06      0.144
      12  2097152  1.8081856  9.376e-07  1.808e-06      0.288

  Stage summary of CubQMCNetG
  --------------------------------------------------------------------------
  Stage   rel_tol   total n     new n  iters    solution half-width time (s)
  --------------------------------------------------------------------------
  Loose     1e-03     4,096     4,096      3   1.8080641   1.12e-03   0.1641
  Resumed   1e-06 2,097,152 2,093,056      9   1.8081856   9.38e-07   0.5333
  Fresh     1e-06 2,097,152 2,097,152     12   1.8081856   9.38e-07   0.2875
  --------------------------------------------------------------------------

  WARNING: CubQMCNetG: Inconsistent iterations (resume_iters=9, fresh_iters=12)

~~~~~~~~~~~~~~~~~~~~~~~~~~~~~~~~~~~~~~~~~~~~~~~~~~~~~~~~~~~~

[CubQMCNetGRep] status=ok

  loose_inputs:
    abs_tol: 1.00e-15
    rel_tol: 1.00e-03
    n_init: 32
    n_max: 16777216
    n_reps: 16
    dimension: 8

  resume_inputs:
    abs_tol: 1.00e-15
    rel_tol: 1.00e-04
    n_init: 32
    n_max: 16777216
    n_reps: 16
    dimension: 8

  fresh_inputs:
    abs_tol: 1.00e-15
    rel_tol: 1.00e-04
    n_init: 32
    n_max: 16777216
    n_reps: 16
    dimension: 8

  loose_iteration_log:
    iter        n    solution  err_bound        tol  time(s)
       1      512  -30.973726  1.740e+00  3.097e-02    0.013
       2     1024  -30.641415  9.225e-01  3.064e-02    0.013
       3     2048  -31.050291  9.466e-01  3.105e-02    0.014
       4     4096  -30.521887  5.881e-01  3.052e-02    0.014
       5     8192  -30.746061  5.029e-01  3.075e-02    0.015
       6    16384  -30.415216  3.034e-01  3.042e-02    0.016
       7    32768  -30.602837  2.483e-01  3.060e-02    0.018
       8    65536  -30.565569  1.828e-01  3.057e-02    0.022
       9   131072  -30.553896  7.615e-02  3.055e-02    0.030
      10   262144  -30.588769  3.792e-02  3.059e-02    0.048
      11   524288  -30.614761  4.671e-02  3.061e-02    0.092
      12  1048576  -30.586506  4.218e-02  3.059e-02    0.218
      13  2097152  -30.607594  1.030e-02  3.061e-02    0.420

  resume_iteration_log:
    iter        n    solution  err_bound        tol  time(s)
      13  2097152  -30.607594  1.030e-02  3.061e-02    0.420
      14  4194304  -30.607246  5.664e-03  3.061e-03    0.405
      15  8388608    -30.6096  2.410e-03  3.061e-03    1.147

  fresh_iteration_log:
    iter        n    solution  err_bound        tol    time(s)
       1      512  -30.973726  1.740e+00  3.097e-03  2.041e-04
       2     1024  -30.641415  9.225e-01  3.064e-03  4.652e-04
       3     2048  -31.050291  9.466e-01  3.105e-03  7.770e-04
       4     4096  -30.521887  5.881e-01  3.052e-03      0.001
       5     8192  -30.746061  5.029e-01  3.075e-03      0.002
       6    16384  -30.415216  3.034e-01  3.042e-03      0.003
       7    32768  -30.602837  2.483e-01  3.060e-03      0.005
       8    65536  -30.565569  1.828e-01  3.057e-03      0.009
       9   131072  -30.553896  7.615e-02  3.055e-03      0.018
      10   262144  -30.588769  3.792e-02  3.059e-03      0.036
      11   524288  -30.614761  4.671e-02  3.061e-03      0.076
      12  1048576  -30.586506  4.218e-02  3.059e-03      0.209
      13  2097152  -30.607594  1.030e-02  3.061e-03      0.404
      14  4194304  -30.607246  5.664e-03  3.061e-03      0.807
      15  8388608    -30.6096  2.410e-03  3.061e-03      1.467

  Stage summary of CubQMCNetGRep
  --------------------------------------------------------------------------
  Stage   rel_tol   total n     new n  iters    solution half-width time (s)
  --------------------------------------------------------------------------
  Loose     1e-03 2,097,152 2,097,152     13 -30.6075937   1.03e-02   0.4204
  Resumed   1e-04 8,388,608 6,291,456      2 -30.6096002   2.41e-03   1.5677
  Fresh     1e-04 8,388,608 8,388,608     15 -30.6096002   2.41e-03   1.4667
  --------------------------------------------------------------------------

  WARNING: CubQMCNetGRep: Inconsistent iterations (resume_iters=2, fresh_iters=15)

~~~~~~~~~~~~~~~~~~~~~~~~~~~~~~~~~~~~~~~~~~~~~~~~~~~~~~~~~~~~

[CubQMCBayesLatticeG] status=ok

  loose_inputs:
    abs_tol: 1.00e-15
    rel_tol: 1.00e-03
    n_init: 64
    n_max: 16777216
    dimension: 2

  resume_inputs:
    abs_tol: 1.00e-15
    rel_tol: 1.00e-09
    n_init: 64
    n_max: 16777216
    dimension: 2

  fresh_inputs:
    abs_tol: 1.00e-15
    rel_tol: 1.00e-09
    n_init: 64
    n_max: 16777216
    dimension: 2

  loose_iteration_log:
    iter   n   solution  err_bound        tol    time(s)
       1  64  1.8089018  7.367e-05  1.809e-03  1.960e-04

  resume_iteration_log:
    iter     n   solution  err_bound        tol    time(s)
       1    64  1.8089018  7.367e-05  1.809e-03  1.960e-04
       2   128  1.8086308  4.281e-04  1.809e-09      0.011
       3   256  1.8081821  1.393e-05  1.808e-09      0.011
       4   512   1.808185  8.450e-06  1.808e-09      0.012
       5  1024  1.8081864  8.762e-08  1.808e-09      0.012
       6  2048  1.8081864  1.406e-08  1.808e-09      0.014
       7  4096  1.8081864  4.233e-09  1.808e-09      0.017
       8  8192  1.8081864  8.819e-10  1.808e-09      0.022

  fresh_iteration_log:
    iter     n   solution  err_bound        tol    time(s)
       1    64  1.8089018  7.367e-05  1.809e-09  2.630e-04
       2   128  1.8086308  4.281e-04  1.809e-09  5.021e-04
       3   256  1.8081821  1.393e-05  1.808e-09  8.261e-04
       4   512   1.808185  8.450e-06  1.808e-09      0.001
       5  1024  1.8081864  8.762e-08  1.808e-09      0.002
       6  2048  1.8081864  1.406e-08  1.808e-09      0.004
       7  4096  1.8081864  4.233e-09  1.808e-09      0.007
       8  8192  1.8081864  8.819e-10  1.808e-09      0.027

  Stage summary of CubQMCBayesLatticeG
  -----------------------------------------------------------------------------
  Stage   rel_tol   total n     new n  iters       solution half-width time (s)
  -----------------------------------------------------------------------------
  Loose     1e-03        64        64      1   1.8089017838   7.37e-05   0.0002
  Resumed   1e-09     8,192     8,128      7   1.8081864293   8.82e-10   0.0222
  Fresh     1e-09     8,192     8,192      8   1.8081864293   8.82e-10   0.0272
  -----------------------------------------------------------------------------

  WARNING: CubQMCBayesLatticeG: Inconsistent iterations (resume_iters=7, fresh_iters=8)

~~~~~~~~~~~~~~~~~~~~~~~~~~~~~~~~~~~~~~~~~~~~~~~~~~~~~~~~~~~~

[CubQMCBayesNetG] status=ok

  loose_inputs:
    abs_tol: 1.00e-15
    rel_tol: 1.00e-03
    n_init: 64
    n_max: 4194304
    dimension: 2

  resume_inputs:
    abs_tol: 1.00e-15
    rel_tol: 5.00e-06
    n_init: 64
    n_max: 4194304
    dimension: 2

  fresh_inputs:
    abs_tol: 1.00e-15
    rel_tol: 5.00e-06
    n_init: 64
    n_max: 4194304
    dimension: 2

  loose_iteration_log:
    iter    n   solution  err_bound        tol    time(s)
       1   64  1.8145148  2.735e-03  1.815e-03  6.318e-05
       2  128  1.8062334  3.439e-03  1.806e-03  1.361e-04
       3  256  1.8031918  9.242e-04  1.803e-03  2.971e-04

  resume_iteration_log:
    iter      n   solution  err_bound        tol    time(s)
       3    256  1.8031918  9.242e-04  1.803e-03  2.971e-04
       4    512   1.807899  1.347e-03  9.039e-06      0.010
       5   1024  1.8076627  3.325e-04  9.038e-06      0.011
       6   2048  1.8082016  5.655e-05  9.041e-06      0.013
       7   4096  1.8081542  1.051e-04  9.041e-06      0.015
       8   8192  1.8086629  2.030e-03  9.043e-06      0.019
       9  16384   1.808059  1.058e-06  9.040e-06      0.033

  fresh_iteration_log:
    iter      n   solution  err_bound        tol    time(s)
       1     64  1.8145148  2.735e-03  9.073e-06  4.983e-05
       2    128  1.8062334  3.439e-03  9.031e-06  1.240e-04
       3    256  1.8031918  9.242e-04  9.016e-06  2.570e-04
       4    512   1.807899  1.347e-03  9.039e-06  4.940e-04
       5   1024  1.8076627  3.325e-04  9.038e-06  9.780e-04
       6   2048  1.8082016  5.655e-05  9.041e-06      0.002
       7   4096  1.8081542  1.051e-04  9.041e-06      0.004
       8   8192  1.8086629  2.030e-03  9.043e-06      0.011
       9  16384   1.808059  1.058e-06  9.040e-06      0.019

  Stage summary of CubQMCBayesNetG
  --------------------------------------------------------------------------
  Stage   rel_tol   total n     new n  iters    solution half-width time (s)
  --------------------------------------------------------------------------
  Loose     1e-03       256       256      3   1.8031918   9.24e-04   0.0003
  Resumed   5e-06    16,384    16,128      6   1.8080590   1.06e-06   0.0333
  Fresh     5e-06    16,384    16,384      9   1.8080590   1.06e-06   0.0195
  --------------------------------------------------------------------------

  WARNING: CubQMCBayesNetG: Inconsistent iterations (resume_iters=6, fresh_iters=9)

~~~~~~~~~~~~~~~~~~~~~~~~~~~~~~~~~~~~~~~~~~~~~~~~~~~~~~~~~~~~

[CubMLMC] status=ok

  loose_inputs:
    rmse_tol: 5.00e-01
    n_init: 256
    n_limit: 16777216
    levels_min: 2
    levels_max: 10
    dimension: 4

  resume_inputs:
    rmse_tol: 1.00e-01
    n_init: 256
    n_limit: 16777216
    levels_min: 2
    levels_max: 10
    dimension: 4

  fresh_inputs:
    rmse_tol: 1.00e-01
    n_init: 256
    n_limit: 16777216
    levels_min: 2
    levels_max: 10
    dimension: 4

  loose_iteration_log:
    iter     n   solution  err_bound        tol  time(s)
       1   768  3.9627754  4.391e-01  5.000e-01    0.202
       2  1478  3.6017355  2.916e-01  5.000e-01    0.202
       3  1515  3.6057946  2.895e-01  5.000e-01    0.202
       4  1519  3.5993951  2.890e-01  5.000e-01    0.202

  resume_iteration_log:
    iter      n   solution  err_bound        tol    time(s)
       4   1519  3.5993951  2.890e-01  5.000e-01      0.202
       5    768  3.8667937  5.895e-01  1.000e-01  9.704e-05
       6  38217  3.6923907  2.002e-01  1.000e-01      0.002
       7  38217  3.6923907  2.001e-01  1.000e-01      0.002
       8  38813  3.5230479  1.261e-01  1.000e-01      0.002
       9  38813  3.5230479  1.261e-01  1.000e-01      0.002
      10  40118  3.4263202  8.774e-02  1.000e-01      0.002
      11  40873  3.4159284  8.350e-02  1.000e-01      0.002
      12  40873  3.4159284  8.350e-02  1.000e-01      0.002
      13  42232  3.3775541  7.160e-02  1.000e-01      0.003
      14  42652  3.3973246  6.204e-02  1.000e-01      0.003
      15  42652  3.3973246  6.204e-02  1.000e-01      0.003

  fresh_iteration_log:
    iter      n   solution  err_bound        tol    time(s)
       1    768  3.9619498  4.907e-01  1.000e-01  8.106e-05
       2  37152  3.7951941  3.105e-01  1.000e-01      0.002
       3  37152  3.7951941  3.105e-01  1.000e-01      0.002
       4  37813  3.6221723  1.647e-01  1.000e-01      0.002
       5  37851  3.6278482  1.568e-01  1.000e-01      0.002
       6  37851  3.6278482  1.568e-01  1.000e-01      0.002
       7  39998  3.5718096  7.569e-02  1.000e-01      0.002
       8  39998  3.5718096  7.569e-02  1.000e-01      0.002
       9  40864  3.5209314  6.807e-02  1.000e-01      0.003
      10  41429  3.5349836  5.766e-02  1.000e-01      0.003
      11  41429  3.5349836  5.766e-02  1.000e-01      0.003

  Stage summary of CubMLMC
  ----------------------------------------------------------------------------
  Stage    rmse_tol   total n     new n  iters    solution half-width time (s)
  ----------------------------------------------------------------------------
  Loose       5e-01     1,519     1,519      4   3.5993951   2.89e-01   0.2023
  Resumed     1e-01    42,652    41,133     11   3.3973246   6.20e-02   0.0029
  Fresh       1e-01    41,429    41,429     11   3.5349836   5.77e-02   0.0027
  ----------------------------------------------------------------------------

  WARNING: CubMLMC: Inconsistent total samples (resume_n=42652, fresh_n=41429)

~~~~~~~~~~~~~~~~~~~~~~~~~~~~~~~~~~~~~~~~~~~~~~~~~~~~~~~~~~~~

[CubMLQMC] status=ok

  loose_inputs:
    target_tol: 5.00e-01
    n_init: 256
    n_limit: 16777216
    replications: 32
    levels_min: 2
    levels_max: 10
    dimension: 4

  resume_inputs:
    target_tol: 1.00e-01
    n_init: 256
    n_limit: 16777216
    replications: 32
    levels_min: 2
    levels_max: 10
    dimension: 4

  fresh_inputs:
    target_tol: 1.00e-01
    n_init: 256
    n_limit: 16777216
    replications: 32
    levels_min: 2
    levels_max: 10
    dimension: 4

  loose_iteration_log:
    iter      n   solution  err_bound        tol  time(s)
       1  24576  3.7401705  1.517e-01  5.000e-01    0.226

  resume_iteration_log:
    iter      n   solution  err_bound        tol  time(s)
       1  24576  3.7401705  1.517e-01  5.000e-01    0.226
       2  90112  3.7758056  1.163e-01  1.000e-01    0.024
       3  98304  3.6166789  7.902e-02  1.000e-01    0.033

  fresh_iteration_log:
    iter      n   solution  err_bound        tol  time(s)
       1  90112  3.7626294  1.113e-01  1.000e-01    0.017
       2  98304  3.6073893  7.478e-02  1.000e-01    0.024

  Stage summary of CubMLQMC
  ----------------------------------------------------------------------------
  Stage    rmse_tol   total n     new n  iters    solution half-width time (s)
  ----------------------------------------------------------------------------
  Loose       5e-01    24,576    24,576      1   3.7401705   1.52e-01   0.2260
  Resumed     1e-01    98,304    73,728      2   3.6166789   7.90e-02   0.0333
  Fresh       1e-01    98,304    98,304      2   3.6073893   7.48e-02   0.0244
  ----------------------------------------------------------------------------

~~~~~~~~~~~~~~~~~~~~~~~~~~~~~~~~~~~~~~~~~~~~~~~~~~~~~~~~~~~~

[CubMLMCCont] status=ok

  loose_inputs:
    target_tol: 5.00e-01
    n_init: 256
    n_limit: 16777216
    levels_min: 2
    levels_max: 10
    n_tols: 1200
    dimension: 4

  resume_inputs:
    target_tol: 1.00e-01
    n_init: 256
    n_limit: 16777216
    levels_min: 2
    levels_max: 10
    n_tols: 1200
    dimension: 4

  fresh_inputs:
    target_tol: 1.00e-01
    n_init: 256
    n_limit: 16777216
    levels_min: 2
    levels_max: 10
    n_tols: 1200
    dimension: 4

  loose_iteration_log:
    iter     n   solution  err_bound        tol    time(s)
       1  1097  3.7398036  3.996e-01  1.657e+00  1.509e-04
       2  1097  3.7398036  3.996e-01  1.656e+00  1.519e-04
       3  1097  3.7398036  3.996e-01  1.654e+00  1.528e-04
       4  1097  3.7398036  3.996e-01  1.652e+00  1.540e-04
       5  1097  3.7398036  3.996e-01  1.651e+00  1.550e-04
       6  1097  3.7398036  3.996e-01  1.649e+00  1.550e-04
       7  1097  3.7398036  3.996e-01  1.647e+00  1.559e-04
       8  1097  3.7398036  3.996e-01  1.646e+00  1.569e-04
       9  1097  3.7398036  3.996e-01  1.644e+00  1.569e-04
      10  1097  3.7398036  3.996e-01  1.643e+00  1.578e-04
      11  1097  3.7398036  3.996e-01  1.641e+00  1.588e-04
      12  1097  3.7398036  3.996e-01  1.639e+00  1.588e-04
      13  1097  3.7398036  3.996e-01  1.638e+00  1.600e-04
      14  1097  3.7398036  3.996e-01  1.636e+00  1.609e-04
      15  1097  3.7398036  3.996e-01  1.634e+00  1.609e-04
      16  1097  3.7398036  3.996e-01  1.633e+00  1.619e-04
      17  1097  3.7398036  3.996e-01  1.631e+00  1.628e-04
      18  1097  3.7398036  3.996e-01  1.629e+00  1.638e-04
      19  1097  3.7398036  3.996e-01  1.628e+00  1.638e-04
      20  1097  3.7398036  3.996e-01  1.626e+00  1.650e-04
      21  1097  3.7398036  3.996e-01  1.625e+00  1.650e-04
      22  1097  3.7398036  3.996e-01  1.623e+00  1.659e-04
      23  1097  3.7398036  3.996e-01  1.621e+00  1.669e-04
      24  1097  3.7398036  3.996e-01  1.620e+00  1.669e-04
      25  1097  3.7398036  3.996e-01  1.618e+00  1.678e-04
      26  1097  3.7398036  3.996e-01  1.617e+00  1.688e-04
      27  1097  3.7398036  3.996e-01  1.615e+00  1.688e-04
      28  1097  3.7398036  3.996e-01  1.613e+00  1.700e-04
      29  1097  3.7398036  3.996e-01  1.612e+00  1.709e-04
      30  1097  3.7398036  3.996e-01  1.610e+00  1.709e-04
      31  1097  3.7398036  3.996e-01  1.608e+00  1.719e-04
      32  1097  3.7398036  3.996e-01  1.607e+00  1.729e-04
      33  1097  3.7398036  3.996e-01  1.605e+00  1.729e-04
      34  1097  3.7398036  3.996e-01  1.604e+00  1.738e-04
      35  1097  3.7398036  3.996e-01  1.602e+00  1.750e-04
      36  1097  3.7398036  3.996e-01  1.600e+00  1.750e-04
      37  1097  3.7398036  3.996e-01  1.599e+00  1.760e-04
      38  1097  3.7398036  3.996e-01  1.597e+00  1.769e-04
      39  1097  3.7398036  3.996e-01  1.596e+00  1.769e-04
      40  1097  3.7398036  3.996e-01  1.594e+00  1.779e-04
      41  1097  3.7398036  3.996e-01  1.592e+00  1.779e-04
      42  1097  3.7398036  3.996e-01  1.591e+00  1.788e-04
      43  1097  3.7398036  3.996e-01  1.589e+00  1.800e-04
      44  1097  3.7398036  3.996e-01  1.588e+00  1.810e-04
      45  1097  3.7398036  3.996e-01  1.586e+00  1.810e-04
      46  1097  3.7398036  3.996e-01  1.585e+00  1.819e-04
      47  1097  3.7398036  3.996e-01  1.583e+00  1.819e-04
      48  1097  3.7398036  3.996e-01  1.581e+00  1.829e-04
      49  1097  3.7398036  3.996e-01  1.580e+00  1.838e-04
      50  1097  3.7398036  3.996e-01  1.578e+00  1.838e-04
      51  1097  3.7398036  3.996e-01  1.577e+00  1.850e-04
      52  1097  3.7398036  3.996e-01  1.575e+00  1.860e-04
      53  1097  3.7398036  3.996e-01  1.573e+00  1.860e-04
      54  1097  3.7398036  3.996e-01  1.572e+00  1.869e-04
      55  1097  3.7398036  3.996e-01  1.570e+00  1.869e-04
      56  1097  3.7398036  3.996e-01  1.569e+00  1.879e-04
      57  1097  3.7398036  3.996e-01  1.567e+00  1.888e-04
      58  1097  3.7398036  3.996e-01  1.566e+00  1.900e-04
      59  1097  3.7398036  3.996e-01  1.564e+00  1.900e-04
      60  1097  3.7398036  3.996e-01  1.562e+00  1.910e-04
      61  1097  3.7398036  3.996e-01  1.561e+00  1.919e-04
      62  1097  3.7398036  3.996e-01  1.559e+00  1.919e-04
      63  1097  3.7398036  3.996e-01  1.558e+00  1.929e-04
      64  1097  3.7398036  3.996e-01  1.556e+00  1.938e-04
      65  1097  3.7398036  3.996e-01  1.555e+00  1.938e-04
      66  1097  3.7398036  3.996e-01  1.553e+00  1.948e-04
      67  1097  3.7398036  3.996e-01  1.552e+00  1.960e-04
      68  1097  3.7398036  3.996e-01  1.550e+00  1.960e-04
      69  1097  3.7398036  3.996e-01  1.549e+00  1.969e-04
      70  1097  3.7398036  3.996e-01  1.547e+00  1.979e-04
      71  1097  3.7398036  3.996e-01  1.545e+00  1.979e-04
      72  1097  3.7398036  3.996e-01  1.544e+00  1.988e-04
      73  1097  3.7398036  3.996e-01  1.542e+00  1.998e-04
      74  1097  3.7398036  3.996e-01  1.541e+00  1.998e-04
      75  1097  3.7398036  3.996e-01  1.539e+00  2.010e-04
      76  1097  3.7398036  3.996e-01  1.538e+00  2.019e-04
      77  1097  3.7398036  3.996e-01  1.536e+00  2.029e-04
      78  1097  3.7398036  3.996e-01  1.535e+00  2.029e-04
      79  1097  3.7398036  3.996e-01  1.533e+00  2.038e-04
      80  1097  3.7398036  3.996e-01  1.532e+00  2.048e-04
      81  1097  3.7398036  3.996e-01  1.530e+00  2.060e-04
      82  1097  3.7398036  3.996e-01  1.529e+00  2.060e-04
      83  1097  3.7398036  3.996e-01  1.527e+00  2.069e-04
      84  1097  3.7398036  3.996e-01  1.525e+00  2.079e-04
      85  1097  3.7398036  3.996e-01  1.524e+00  2.089e-04
      86  1097  3.7398036  3.996e-01  1.522e+00  2.089e-04
      87  1097  3.7398036  3.996e-01  1.521e+00  2.098e-04
      88  1097  3.7398036  3.996e-01  1.519e+00  2.110e-04
      89  1097  3.7398036  3.996e-01  1.518e+00  2.110e-04
      90  1097  3.7398036  3.996e-01  1.516e+00  2.120e-04
      91  1097  3.7398036  3.996e-01  1.515e+00  2.129e-04
      92  1097  3.7398036  3.996e-01  1.513e+00  2.129e-04
      93  1097  3.7398036  3.996e-01  1.512e+00  2.139e-04
      94  1097  3.7398036  3.996e-01  1.510e+00  2.148e-04
      95  1097  3.7398036  3.996e-01  1.509e+00  2.160e-04
      96  1097  3.7398036  3.996e-01  1.507e+00  2.160e-04
      97  1097  3.7398036  3.996e-01  1.506e+00  2.170e-04
      98  1097  3.7398036  3.996e-01  1.504e+00  2.179e-04
      99  1097  3.7398036  3.996e-01  1.503e+00  2.179e-04
     100  1097  3.7398036  3.996e-01  1.501e+00  2.189e-04
     101  1097  3.7398036  3.996e-01  1.500e+00  2.198e-04
     102  1097  3.7398036  3.996e-01  1.498e+00  2.210e-04
     103  1097  3.7398036  3.996e-01  1.497e+00  2.210e-04
     104  1097  3.7398036  3.996e-01  1.495e+00  2.220e-04
     105  1097  3.7398036  3.996e-01  1.494e+00  2.229e-04
     106  1097  3.7398036  3.996e-01  1.492e+00  2.229e-04
     107  1097  3.7398036  3.996e-01  1.491e+00  2.239e-04
     108  1097  3.7398036  3.996e-01  1.489e+00  2.248e-04
     109  1097  3.7398036  3.996e-01  1.488e+00  2.260e-04
     110  1097  3.7398036  3.996e-01  1.486e+00  2.260e-04
     111  1097  3.7398036  3.996e-01  1.485e+00  2.270e-04
     112  1097  3.7398036  3.996e-01  1.483e+00  2.279e-04
     113  1097  3.7398036  3.996e-01  1.482e+00  2.289e-04
     114  1097  3.7398036  3.996e-01  1.480e+00  2.289e-04
     115  1097  3.7398036  3.996e-01  1.479e+00  2.298e-04
     116  1097  3.7398036  3.996e-01  1.477e+00  2.308e-04
     117  1097  3.7398036  3.996e-01  1.476e+00  2.308e-04
     118  1097  3.7398036  3.996e-01  1.474e+00  2.320e-04
     119  1097  3.7398036  3.996e-01  1.473e+00  2.329e-04
     120  1097  3.7398036  3.996e-01  1.472e+00  2.329e-04
     121  1097  3.7398036  3.996e-01  1.470e+00  2.339e-04
     122  1097  3.7398036  3.996e-01  1.469e+00  2.348e-04
     123  1097  3.7398036  3.996e-01  1.467e+00  2.358e-04
     124  1097  3.7398036  3.996e-01  1.466e+00  2.358e-04
     125  1097  3.7398036  3.996e-01  1.464e+00  2.370e-04
     126  1097  3.7398036  3.996e-01  1.463e+00  2.370e-04
     127  1097  3.7398036  3.996e-01  1.461e+00  2.379e-04
     128  1097  3.7398036  3.996e-01  1.460e+00  2.389e-04
     129  1097  3.7398036  3.996e-01  1.458e+00  2.389e-04
     130  1097  3.7398036  3.996e-01  1.457e+00  2.398e-04
     131  1097  3.7398036  3.996e-01  1.455e+00  2.398e-04
     132  1097  3.7398036  3.996e-01  1.454e+00  2.408e-04
     133  1097  3.7398036  3.996e-01  1.453e+00  2.420e-04
     134  1097  3.7398036  3.996e-01  1.451e+00  2.420e-04
     135  1097  3.7398036  3.996e-01  1.450e+00  2.429e-04
     136  1097  3.7398036  3.996e-01  1.448e+00  2.439e-04
     137  1097  3.7398036  3.996e-01  1.447e+00  2.449e-04
     138  1097  3.7398036  3.996e-01  1.445e+00  2.449e-04
     139  1097  3.7398036  3.996e-01  1.444e+00  2.458e-04
     140  1097  3.7398036  3.996e-01  1.442e+00  2.458e-04
     141  1097  3.7398036  3.996e-01  1.441e+00  2.470e-04
     142  1097  3.7398036  3.996e-01  1.440e+00  2.480e-04
     143  1097  3.7398036  3.996e-01  1.438e+00  2.480e-04
     144  1097  3.7398036  3.996e-01  1.437e+00  2.489e-04
     145  1097  3.7398036  3.996e-01  1.435e+00  2.499e-04
     146  1097  3.7398036  3.996e-01  1.434e+00  2.499e-04
     147  1097  3.7398036  3.996e-01  1.432e+00  2.508e-04
     148  1097  3.7398036  3.996e-01  1.431e+00  2.520e-04
     149  1097  3.7398036  3.996e-01  1.430e+00  2.520e-04
     150  1097  3.7398036  3.996e-01  1.428e+00  2.530e-04
     151  1097  3.7398036  3.996e-01  1.427e+00  2.530e-04
     152  1097  3.7398036  3.996e-01  1.425e+00  2.539e-04
     153  1097  3.7398036  3.996e-01  1.424e+00  2.549e-04
     154  1097  3.7398036  3.996e-01  1.422e+00  2.549e-04
     155  1097  3.7398036  3.996e-01  1.421e+00  2.558e-04
     156  1097  3.7398036  3.996e-01  1.420e+00  2.570e-04
     157  1097  3.7398036  3.996e-01  1.418e+00  2.570e-04
     158  1097  3.7398036  3.996e-01  1.417e+00  2.580e-04
     159  1097  3.7398036  3.996e-01  1.415e+00  2.580e-04
     160  1097  3.7398036  3.996e-01  1.414e+00  2.589e-04
     161  1097  3.7398036  3.996e-01  1.412e+00  2.599e-04
     162  1097  3.7398036  3.996e-01  1.411e+00  2.608e-04
     163  1097  3.7398036  3.996e-01  1.410e+00  2.608e-04
     164  1097  3.7398036  3.996e-01  1.408e+00  2.620e-04
     165  1097  3.7398036  3.996e-01  1.407e+00  2.620e-04
     166  1097  3.7398036  3.996e-01  1.405e+00  2.630e-04
     167  1097  3.7398036  3.996e-01  1.404e+00  2.630e-04
     168  1097  3.7398036  3.996e-01  1.403e+00  2.639e-04
     169  1097  3.7398036  3.996e-01  1.401e+00  2.649e-04
     170  1097  3.7398036  3.996e-01  1.400e+00  2.649e-04
     171  1097  3.7398036  3.996e-01  1.398e+00  2.658e-04
     172  1097  3.7398036  3.996e-01  1.397e+00  2.668e-04
     173  1097  3.7398036  3.996e-01  1.396e+00  2.668e-04
     174  1097  3.7398036  3.996e-01  1.394e+00  2.680e-04
     175  1097  3.7398036  3.996e-01  1.393e+00  2.689e-04
     176  1097  3.7398036  3.996e-01  1.391e+00  2.689e-04
     177  1097  3.7398036  3.996e-01  1.390e+00  2.699e-04
     178  1097  3.7398036  3.996e-01  1.389e+00  2.699e-04
     179  1097  3.7398036  3.996e-01  1.387e+00  2.708e-04
     180  1097  3.7398036  3.996e-01  1.386e+00  2.718e-04
     181  1097  3.7398036  3.996e-01  1.385e+00  2.718e-04
     182  1097  3.7398036  3.996e-01  1.383e+00  2.730e-04
     183  1097  3.7398036  3.996e-01  1.382e+00  2.739e-04
     184  1097  3.7398036  3.996e-01  1.380e+00  2.739e-04
     185  1097  3.7398036  3.996e-01  1.379e+00  2.749e-04
     186  1097  3.7398036  3.996e-01  1.378e+00  2.759e-04
     187  1097  3.7398036  3.996e-01  1.376e+00  2.759e-04
     188  1097  3.7398036  3.996e-01  1.375e+00  2.768e-04
     189  1097  3.7398036  3.996e-01  1.373e+00  2.768e-04
     190  1097  3.7398036  3.996e-01  1.372e+00  2.780e-04
     191  1097  3.7398036  3.996e-01  1.371e+00  2.789e-04
     192  1097  3.7398036  3.996e-01  1.369e+00  2.789e-04
     193  1097  3.7398036  3.996e-01  1.368e+00  2.799e-04
     194  1097  3.7398036  3.996e-01  1.367e+00  2.799e-04
     195  1097  3.7398036  3.996e-01  1.365e+00  2.809e-04
     196  1097  3.7398036  3.996e-01  1.364e+00  2.818e-04
     197  1097  3.7398036  3.996e-01  1.363e+00  2.818e-04
     198  1097  3.7398036  3.996e-01  1.361e+00  2.830e-04
     199  1097  3.7398036  3.996e-01  1.360e+00  2.840e-04
     200  1097  3.7398036  3.996e-01  1.358e+00  2.840e-04
     201  1097  3.7398036  3.996e-01  1.357e+00  2.849e-04
     202  1097  3.7398036  3.996e-01  1.356e+00  2.849e-04
     203  1097  3.7398036  3.996e-01  1.354e+00  2.859e-04
     204  1097  3.7398036  3.996e-01  1.353e+00  2.868e-04
     205  1097  3.7398036  3.996e-01  1.352e+00  2.868e-04
     206  1097  3.7398036  3.996e-01  1.350e+00  2.880e-04
     207  1097  3.7398036  3.996e-01  1.349e+00  2.890e-04
     208  1097  3.7398036  3.996e-01  1.348e+00  2.890e-04
     209  1097  3.7398036  3.996e-01  1.346e+00  2.899e-04
     210  1097  3.7398036  3.996e-01  1.345e+00  2.899e-04
     211  1097  3.7398036  3.996e-01  1.344e+00  2.909e-04
     212  1097  3.7398036  3.996e-01  1.342e+00  2.918e-04
     213  1097  3.7398036  3.996e-01  1.341e+00  2.918e-04
     214  1097  3.7398036  3.996e-01  1.340e+00  2.930e-04
     215  1097  3.7398036  3.996e-01  1.338e+00  2.940e-04
     216  1097  3.7398036  3.996e-01  1.337e+00  2.949e-04
     217  1097  3.7398036  3.996e-01  1.336e+00  2.949e-04
     218  1097  3.7398036  3.996e-01  1.334e+00  2.959e-04
     219  1097  3.7398036  3.996e-01  1.333e+00  2.968e-04
     220  1097  3.7398036  3.996e-01  1.332e+00  2.968e-04
     221  1097  3.7398036  3.996e-01  1.330e+00  2.978e-04
     222  1097  3.7398036  3.996e-01  1.329e+00  2.990e-04
     223  1097  3.7398036  3.996e-01  1.328e+00  2.990e-04
     224  1097  3.7398036  3.996e-01  1.326e+00  2.999e-04
     225  1097  3.7398036  3.996e-01  1.325e+00  3.009e-04
     226  1097  3.7398036  3.996e-01  1.324e+00  3.018e-04
     227  1097  3.7398036  3.996e-01  1.322e+00  3.018e-04
     228  1097  3.7398036  3.996e-01  1.321e+00  3.028e-04
     229  1097  3.7398036  3.996e-01  1.320e+00  3.040e-04
     230  1097  3.7398036  3.996e-01  1.318e+00  3.040e-04
     231  1097  3.7398036  3.996e-01  1.317e+00  3.049e-04
     232  1097  3.7398036  3.996e-01  1.316e+00  3.059e-04
     233  1097  3.7398036  3.996e-01  1.314e+00  3.059e-04
     234  1097  3.7398036  3.996e-01  1.313e+00  3.068e-04
     235  1097  3.7398036  3.996e-01  1.312e+00  3.078e-04
     236  1097  3.7398036  3.996e-01  1.310e+00  3.078e-04
     237  1097  3.7398036  3.996e-01  1.309e+00  3.090e-04
     238  1097  3.7398036  3.996e-01  1.308e+00  3.099e-04
     239  1097  3.7398036  3.996e-01  1.307e+00  3.109e-04
     240  1097  3.7398036  3.996e-01  1.305e+00  3.109e-04
     241  1097  3.7398036  3.996e-01  1.304e+00  3.119e-04
     242  1097  3.7398036  3.996e-01  1.303e+00  3.128e-04
     243  1097  3.7398036  3.996e-01  1.301e+00  3.128e-04
     244  1097  3.7398036  3.996e-01  1.300e+00  3.140e-04
     245  1097  3.7398036  3.996e-01  1.299e+00  3.150e-04
     246  1097  3.7398036  3.996e-01  1.297e+00  3.150e-04
     247  1097  3.7398036  3.996e-01  1.296e+00  3.159e-04
     248  1097  3.7398036  3.996e-01  1.295e+00  3.169e-04
     249  1097  3.7398036  3.996e-01  1.294e+00  3.169e-04
     250  1097  3.7398036  3.996e-01  1.292e+00  3.178e-04
     251  1097  3.7398036  3.996e-01  1.291e+00  3.190e-04
     252  1097  3.7398036  3.996e-01  1.290e+00  3.200e-04
     253  1097  3.7398036  3.996e-01  1.288e+00  3.209e-04
     254  1097  3.7398036  3.996e-01  1.287e+00  3.209e-04
     255  1097  3.7398036  3.996e-01  1.286e+00  3.219e-04
     256  1097  3.7398036  3.996e-01  1.285e+00  3.228e-04
     257  1097  3.7398036  3.996e-01  1.283e+00  3.228e-04
     258  1097  3.7398036  3.996e-01  1.282e+00  3.240e-04
     259  1097  3.7398036  3.996e-01  1.281e+00  3.250e-04
     260  1097  3.7398036  3.996e-01  1.279e+00  3.250e-04
     261  1097  3.7398036  3.996e-01  1.278e+00  3.259e-04
     262  1097  3.7398036  3.996e-01  1.277e+00  3.269e-04
     263  1097  3.7398036  3.996e-01  1.276e+00  3.269e-04
     264  1097  3.7398036  3.996e-01  1.274e+00  3.278e-04
     265  1097  3.7398036  3.996e-01  1.273e+00  3.290e-04
     266  1097  3.7398036  3.996e-01  1.272e+00  3.300e-04
     267  1097  3.7398036  3.996e-01  1.270e+00  3.300e-04
     268  1097  3.7398036  3.996e-01  1.269e+00  3.309e-04
     269  1097  3.7398036  3.996e-01  1.268e+00  3.319e-04
     270  1097  3.7398036  3.996e-01  1.267e+00  3.319e-04
     271  1097  3.7398036  3.996e-01  1.265e+00  3.328e-04
     272  1097  3.7398036  3.996e-01  1.264e+00  3.338e-04
     273  1097  3.7398036  3.996e-01  1.263e+00  3.338e-04
     274  1097  3.7398036  3.996e-01  1.262e+00  3.350e-04
     275  1097  3.7398036  3.996e-01  1.260e+00  3.359e-04
     276  1097  3.7398036  3.996e-01  1.259e+00  3.359e-04
     277  1097  3.7398036  3.996e-01  1.258e+00  3.369e-04
     278  1097  3.7398036  3.996e-01  1.257e+00  3.378e-04
     279  1097  3.7398036  3.996e-01  1.255e+00  3.388e-04
     280  1097  3.7398036  3.996e-01  1.254e+00  3.388e-04
     281  1097  3.7398036  3.996e-01  1.253e+00  3.400e-04
     282  1097  3.7398036  3.996e-01  1.252e+00  3.409e-04
     283  1097  3.7398036  3.996e-01  1.250e+00  3.419e-04
     284  1097  3.7398036  3.996e-01  1.249e+00  3.419e-04
     285  1097  3.7398036  3.996e-01  1.248e+00  3.428e-04
     286  1097  3.7398036  3.996e-01  1.247e+00  3.438e-04
     287  1097  3.7398036  3.996e-01  1.245e+00  3.438e-04
     288  1097  3.7398036  3.996e-01  1.244e+00  3.450e-04
     289  1097  3.7398036  3.996e-01  1.243e+00  3.459e-04
     290  1097  3.7398036  3.996e-01  1.242e+00  3.459e-04
     291  1097  3.7398036  3.996e-01  1.240e+00  3.469e-04
     292  1097  3.7398036  3.996e-01  1.239e+00  3.479e-04
     293  1097  3.7398036  3.996e-01  1.238e+00  3.488e-04
     294  1097  3.7398036  3.996e-01  1.237e+00  3.488e-04
     295  1097  3.7398036  3.996e-01  1.235e+00  3.500e-04
     296  1097  3.7398036  3.996e-01  1.234e+00  3.510e-04
     297  1097  3.7398036  3.996e-01  1.233e+00  3.510e-04
     298  1097  3.7398036  3.996e-01  1.232e+00  3.519e-04
     299  1097  3.7398036  3.996e-01  1.230e+00  3.529e-04
     300  1097  3.7398036  3.996e-01  1.229e+00  3.538e-04
     301  1097  3.7398036  3.996e-01  1.228e+00  3.538e-04
     302  1097  3.7398036  3.996e-01  1.227e+00  3.550e-04
     303  1097  3.7398036  3.996e-01  1.226e+00  3.560e-04
     304  1097  3.7398036  3.996e-01  1.224e+00  3.560e-04
     305  1097  3.7398036  3.996e-01  1.223e+00  3.569e-04
     306  1097  3.7398036  3.996e-01  1.222e+00  3.579e-04
     307  1097  3.7398036  3.996e-01  1.221e+00  3.579e-04
     308  1097  3.7398036  3.996e-01  1.219e+00  3.588e-04
     309  1097  3.7398036  3.996e-01  1.218e+00  3.600e-04
     310  1097  3.7398036  3.996e-01  1.217e+00  3.610e-04
     311  1097  3.7398036  3.996e-01  1.216e+00  3.610e-04
     312  1097  3.7398036  3.996e-01  1.215e+00  3.619e-04
     313  1097  3.7398036  3.996e-01  1.213e+00  3.629e-04
     314  1097  3.7398036  3.996e-01  1.212e+00  3.629e-04
     315  1097  3.7398036  3.996e-01  1.211e+00  3.638e-04
     316  1097  3.7398036  3.996e-01  1.210e+00  3.650e-04
     317  1097  3.7398036  3.996e-01  1.209e+00  3.660e-04
     318  1097  3.7398036  3.996e-01  1.207e+00  3.660e-04
     319  1097  3.7398036  3.996e-01  1.206e+00  3.669e-04
     320  1097  3.7398036  3.996e-01  1.205e+00  3.679e-04
     321  1097  3.7398036  3.996e-01  1.204e+00  3.679e-04
     322  1097  3.7398036  3.996e-01  1.203e+00  3.688e-04
     323  1097  3.7398036  3.996e-01  1.201e+00  3.698e-04
     324  1097  3.7398036  3.996e-01  1.200e+00  3.698e-04
     325  1097  3.7398036  3.996e-01  1.199e+00  3.710e-04
     326  1097  3.7398036  3.996e-01  1.198e+00  3.719e-04
     327  1097  3.7398036  3.996e-01  1.197e+00  3.719e-04
     328  1097  3.7398036  3.996e-01  1.195e+00  3.729e-04
     329  1097  3.7398036  3.996e-01  1.194e+00  3.738e-04
     330  1097  3.7398036  3.996e-01  1.193e+00  3.748e-04
     331  1097  3.7398036  3.996e-01  1.192e+00  3.748e-04
     332  1097  3.7398036  3.996e-01  1.191e+00  3.760e-04
     333  1097  3.7398036  3.996e-01  1.189e+00  3.769e-04
     334  1097  3.7398036  3.996e-01  1.188e+00  3.769e-04
     335  1097  3.7398036  3.996e-01  1.187e+00  3.779e-04
     336  1097  3.7398036  3.996e-01  1.186e+00  3.788e-04
     337  1097  3.7398036  3.996e-01  1.185e+00  3.798e-04
     338  1097  3.7398036  3.996e-01  1.183e+00  3.798e-04
     339  1097  3.7398036  3.996e-01  1.182e+00  3.810e-04
     340  1097  3.7398036  3.996e-01  1.181e+00  3.819e-04
     341  1097  3.7398036  3.996e-01  1.180e+00  3.819e-04
     342  1097  3.7398036  3.996e-01  1.179e+00  3.829e-04
     343  1097  3.7398036  3.996e-01  1.178e+00  3.839e-04
     344  1097  3.7398036  3.996e-01  1.176e+00  3.839e-04
     345  1097  3.7398036  3.996e-01  1.175e+00  3.848e-04
     346  1097  3.7398036  3.996e-01  1.174e+00  3.860e-04
     347  1097  3.7398036  3.996e-01  1.173e+00  3.860e-04
     348  1097  3.7398036  3.996e-01  1.172e+00  3.870e-04
     349  1097  3.7398036  3.996e-01  1.170e+00  3.879e-04
     350  1097  3.7398036  3.996e-01  1.169e+00  3.879e-04
     351  1097  3.7398036  3.996e-01  1.168e+00  3.889e-04
     352  1097  3.7398036  3.996e-01  1.167e+00  3.898e-04
     353  1097  3.7398036  3.996e-01  1.166e+00  3.910e-04
     354  1097  3.7398036  3.996e-01  1.165e+00  3.910e-04
     355  1097  3.7398036  3.996e-01  1.163e+00  3.920e-04
     356  1097  3.7398036  3.996e-01  1.162e+00  3.929e-04
     357  1097  3.7398036  3.996e-01  1.161e+00  3.939e-04
     358  1097  3.7398036  3.996e-01  1.160e+00  3.939e-04
     359  1097  3.7398036  3.996e-01  1.159e+00  3.948e-04
     360  1097  3.7398036  3.996e-01  1.158e+00  3.960e-04
     361  1097  3.7398036  3.996e-01  1.157e+00  3.960e-04
     362  1097  3.7398036  3.996e-01  1.155e+00  3.970e-04
     363  1097  3.7398036  3.996e-01  1.154e+00  3.979e-04
     364  1097  3.7398036  3.996e-01  1.153e+00  3.989e-04
     365  1097  3.7398036  3.996e-01  1.152e+00  3.989e-04
     366  1097  3.7398036  3.996e-01  1.151e+00  3.998e-04
     367  1097  3.7398036  3.996e-01  1.150e+00  4.010e-04
     368  1097  3.7398036  3.996e-01  1.148e+00  4.010e-04
     369  1097  3.7398036  3.996e-01  1.147e+00  4.020e-04
     370  1097  3.7398036  3.996e-01  1.146e+00  4.029e-04
     371  1097  3.7398036  3.996e-01  1.145e+00  4.029e-04
     372  1097  3.7398036  3.996e-01  1.144e+00  4.039e-04
     373  1097  3.7398036  3.996e-01  1.143e+00  4.048e-04
     374  1097  3.7398036  3.996e-01  1.142e+00  4.048e-04
     375  1097  3.7398036  3.996e-01  1.140e+00  4.058e-04
     376  1097  3.7398036  3.996e-01  1.139e+00  4.070e-04
     377  1097  3.7398036  3.996e-01  1.138e+00  4.079e-04
     378  1097  3.7398036  3.996e-01  1.137e+00  4.079e-04
     379  1097  3.7398036  3.996e-01  1.136e+00  4.089e-04
     380  1097  3.7398036  3.996e-01  1.135e+00  4.098e-04
     381  1097  3.7398036  3.996e-01  1.134e+00  4.098e-04
     382  1097  3.7398036  3.996e-01  1.133e+00  4.108e-04
     383  1097  3.7398036  3.996e-01  1.131e+00  4.120e-04
     384  1097  3.7398036  3.996e-01  1.130e+00  4.120e-04
     385  1097  3.7398036  3.996e-01  1.129e+00  4.129e-04
     386  1097  3.7398036  3.996e-01  1.128e+00  4.139e-04
     387  1097  3.7398036  3.996e-01  1.127e+00  4.139e-04
     388  1097  3.7398036  3.996e-01  1.126e+00  4.148e-04
     389  1097  3.7398036  3.996e-01  1.125e+00  4.158e-04
     390  1097  3.7398036  3.996e-01  1.123e+00  4.158e-04
     391  1097  3.7398036  3.996e-01  1.122e+00  4.170e-04
     392  1097  3.7398036  3.996e-01  1.121e+00  4.179e-04
     393  1097  3.7398036  3.996e-01  1.120e+00  4.179e-04
     394  1097  3.7398036  3.996e-01  1.119e+00  4.189e-04
     395  1097  3.7398036  3.996e-01  1.118e+00  4.199e-04
     396  1097  3.7398036  3.996e-01  1.117e+00  4.208e-04
     397  1097  3.7398036  3.996e-01  1.116e+00  4.220e-04
     398  1097  3.7398036  3.996e-01  1.115e+00  4.220e-04
     399  1097  3.7398036  3.996e-01  1.113e+00  4.230e-04
     400  1097  3.7398036  3.996e-01  1.112e+00  4.239e-04
     401  1097  3.7398036  3.996e-01  1.111e+00  4.239e-04
     402  1097  3.7398036  3.996e-01  1.110e+00  4.249e-04
     403  1097  3.7398036  3.996e-01  1.109e+00  4.258e-04
     404  1097  3.7398036  3.996e-01  1.108e+00  4.258e-04
     405  1097  3.7398036  3.996e-01  1.107e+00  4.270e-04
     406  1097  3.7398036  3.996e-01  1.106e+00  4.280e-04
     407  1097  3.7398036  3.996e-01  1.105e+00  4.280e-04
     408  1097  3.7398036  3.996e-01  1.103e+00  4.289e-04
     409  1097  3.7398036  3.996e-01  1.102e+00  4.299e-04
     410  1097  3.7398036  3.996e-01  1.101e+00  4.299e-04
     411  1097  3.7398036  3.996e-01  1.100e+00  4.308e-04
     412  1097  3.7398036  3.996e-01  1.099e+00  4.320e-04
     413  1097  3.7398036  3.996e-01  1.098e+00  4.330e-04
     414  1097  3.7398036  3.996e-01  1.097e+00  4.330e-04
     415  1097  3.7398036  3.996e-01  1.096e+00  4.339e-04
     416  1097  3.7398036  3.996e-01  1.095e+00  4.339e-04
     417  1097  3.7398036  3.996e-01  1.094e+00  4.349e-04
     418  1097  3.7398036  3.996e-01  1.092e+00  4.358e-04
     419  1097  3.7398036  3.996e-01  1.091e+00  4.358e-04
     420  1097  3.7398036  3.996e-01  1.090e+00  4.370e-04
     421  1097  3.7398036  3.996e-01  1.089e+00  4.380e-04
     422  1097  3.7398036  3.996e-01  1.088e+00  4.389e-04
     423  1097  3.7398036  3.996e-01  1.087e+00  4.389e-04
     424  1097  3.7398036  3.996e-01  1.086e+00  4.399e-04
     425  1097  3.7398036  3.996e-01  1.085e+00  4.408e-04
     426  1097  3.7398036  3.996e-01  1.084e+00  4.408e-04
     427  1097  3.7398036  3.996e-01  1.083e+00  4.418e-04
     428  1097  3.7398036  3.996e-01  1.082e+00  4.430e-04
     429  1097  3.7398036  3.996e-01  1.081e+00  4.430e-04
     430  1097  3.7398036  3.996e-01  1.079e+00  4.439e-04
     431  1097  3.7398036  3.996e-01  1.078e+00  4.449e-04
     432  1097  3.7398036  3.996e-01  1.077e+00  4.449e-04
     433  1097  3.7398036  3.996e-01  1.076e+00  4.458e-04
     434  1097  3.7398036  3.996e-01  1.075e+00  4.468e-04
     435  1097  3.7398036  3.996e-01  1.074e+00  4.480e-04
     436  1097  3.7398036  3.996e-01  1.073e+00  4.480e-04
     437  1097  3.7398036  3.996e-01  1.072e+00  4.489e-04
     438  1097  3.7398036  3.996e-01  1.071e+00  4.499e-04
     439  1097  3.7398036  3.996e-01  1.070e+00  4.508e-04
     440  1097  3.7398036  3.996e-01  1.069e+00  4.508e-04
     441  1097  3.7398036  3.996e-01  1.068e+00  4.518e-04
     442  1097  3.7398036  3.996e-01  1.067e+00  4.518e-04
     443  1097  3.7398036  3.996e-01  1.066e+00  4.530e-04
     444  1097  3.7398036  3.996e-01  1.064e+00  4.539e-04
     445  1097  3.7398036  3.996e-01  1.063e+00  4.539e-04
     446  1097  3.7398036  3.996e-01  1.062e+00  4.549e-04
     447  1097  3.7398036  3.996e-01  1.061e+00  4.559e-04
     448  1097  3.7398036  3.996e-01  1.060e+00  4.559e-04
     449  1097  3.7398036  3.996e-01  1.059e+00  4.568e-04
     450  1097  3.7398036  3.996e-01  1.058e+00  4.580e-04
     451  1097  3.7398036  3.996e-01  1.057e+00  4.590e-04
     452  1097  3.7398036  3.996e-01  1.056e+00  4.590e-04
     453  1097  3.7398036  3.996e-01  1.055e+00  4.599e-04
     454  1097  3.7398036  3.996e-01  1.054e+00  4.609e-04
     455  1097  3.7398036  3.996e-01  1.053e+00  4.609e-04
     456  1097  3.7398036  3.996e-01  1.052e+00  4.618e-04
     457  1097  3.7398036  3.996e-01  1.051e+00  4.630e-04
     458  1097  3.7398036  3.996e-01  1.050e+00  4.630e-04
     459  1097  3.7398036  3.996e-01  1.049e+00  4.640e-04
     460  1097  3.7398036  3.996e-01  1.048e+00  4.649e-04
     461  1097  3.7398036  3.996e-01  1.047e+00  4.649e-04
     462  1097  3.7398036  3.996e-01  1.045e+00  4.659e-04
     463  1097  3.7398036  3.996e-01  1.044e+00  4.668e-04
     464  1097  3.7398036  3.996e-01  1.043e+00  4.680e-04
     465  1097  3.7398036  3.996e-01  1.042e+00  4.680e-04
     466  1097  3.7398036  3.996e-01  1.041e+00  4.690e-04
     467  1097  3.7398036  3.996e-01  1.040e+00  4.699e-04
     468  1097  3.7398036  3.996e-01  1.039e+00  4.699e-04
     469  1097  3.7398036  3.996e-01  1.038e+00  4.709e-04
     470  1097  3.7398036  3.996e-01  1.037e+00  4.718e-04
     471  1097  3.7398036  3.996e-01  1.036e+00  4.718e-04
     472  1097  3.7398036  3.996e-01  1.035e+00  4.728e-04
     473  1097  3.7398036  3.996e-01  1.034e+00  4.740e-04
     474  1097  3.7398036  3.996e-01  1.033e+00  4.749e-04
     475  1097  3.7398036  3.996e-01  1.032e+00  4.749e-04
     476  1097  3.7398036  3.996e-01  1.031e+00  4.759e-04
     477  1097  3.7398036  3.996e-01  1.030e+00  4.768e-04
     478  1097  3.7398036  3.996e-01  1.029e+00  4.778e-04
     479  1097  3.7398036  3.996e-01  1.028e+00  4.778e-04
     480  1097  3.7398036  3.996e-01  1.027e+00  4.790e-04
     481  1097  3.7398036  3.996e-01  1.026e+00  4.799e-04
     482  1097  3.7398036  3.996e-01  1.025e+00  4.799e-04
     483  1097  3.7398036  3.996e-01  1.024e+00  4.809e-04
     484  1097  3.7398036  3.996e-01  1.023e+00  4.818e-04
     485  1097  3.7398036  3.996e-01  1.022e+00  4.818e-04
     486  1097  3.7398036  3.996e-01  1.021e+00  4.828e-04
     487  1097  3.7398036  3.996e-01  1.020e+00  4.840e-04
     488  1097  3.7398036  3.996e-01  1.019e+00  4.840e-04
     489  1097  3.7398036  3.996e-01  1.018e+00  4.849e-04
     490  1097  3.7398036  3.996e-01  1.017e+00  4.859e-04
     491  1097  3.7398036  3.996e-01  1.016e+00  4.869e-04
     492  1097  3.7398036  3.996e-01  1.015e+00  4.869e-04
     493  1097  3.7398036  3.996e-01  1.014e+00  4.878e-04
     494  1097  3.7398036  3.996e-01  1.013e+00  4.890e-04
     495  1097  3.7398036  3.996e-01  1.012e+00  4.890e-04
     496  1097  3.7398036  3.996e-01  1.011e+00  4.900e-04
     497  1097  3.7398036  3.996e-01  1.010e+00  4.909e-04
     498  1097  3.7398036  3.996e-01  1.009e+00  4.909e-04
     499  1097  3.7398036  3.996e-01  1.008e+00  4.919e-04
     500  1097  3.7398036  3.996e-01  1.007e+00  4.928e-04
     501  1097  3.7398036  3.996e-01  1.006e+00  4.928e-04
     502  1097  3.7398036  3.996e-01  1.005e+00  4.940e-04
     503  1097  3.7398036  3.996e-01  1.004e+00  4.950e-04
     504  1097  3.7398036  3.996e-01  1.003e+00  4.959e-04
     505  1097  3.7398036  3.996e-01  1.002e+00  4.959e-04
     506  1097  3.7398036  3.996e-01  1.001e+00  4.969e-04
     507  1097  3.7398036  3.996e-01  9.995e-01  4.978e-04
     508  1097  3.7398036  3.996e-01  9.985e-01  4.978e-04
     509  1097  3.7398036  3.996e-01  9.975e-01  4.990e-04
     510  1097  3.7398036  3.996e-01  9.965e-01  5.000e-04
     511  1097  3.7398036  3.996e-01  9.955e-01  5.000e-04
     512  1097  3.7398036  3.996e-01  9.945e-01  5.009e-04
     513  1097  3.7398036  3.996e-01  9.935e-01  5.019e-04
     514  1097  3.7398036  3.996e-01  9.925e-01  5.019e-04
     515  1097  3.7398036  3.996e-01  9.915e-01  5.028e-04
     516  1097  3.7398036  3.996e-01  9.906e-01  5.040e-04
     517  1097  3.7398036  3.996e-01  9.896e-01  5.050e-04
     518  1097  3.7398036  3.996e-01  9.886e-01  5.050e-04
     519  1097  3.7398036  3.996e-01  9.876e-01  5.059e-04
     520  1097  3.7398036  3.996e-01  9.866e-01  5.069e-04
     521  1097  3.7398036  3.996e-01  9.856e-01  5.069e-04
     522  1097  3.7398036  3.996e-01  9.846e-01  5.078e-04
     523  1097  3.7398036  3.996e-01  9.836e-01  5.088e-04
     524  1097  3.7398036  3.996e-01  9.827e-01  5.100e-04
     525  1097  3.7398036  3.996e-01  9.817e-01  5.100e-04
     526  1097  3.7398036  3.996e-01  9.807e-01  5.109e-04
     527  1097  3.7398036  3.996e-01  9.797e-01  5.119e-04
     528  1097  3.7398036  3.996e-01  9.787e-01  5.119e-04
     529  1097  3.7398036  3.996e-01  9.778e-01  5.128e-04
     530  1097  3.7398036  3.996e-01  9.768e-01  5.138e-04
     531  1097  3.7398036  3.996e-01  9.758e-01  5.150e-04
     532  1097  3.7398036  3.996e-01  9.748e-01  5.150e-04
     533  1097  3.7398036  3.996e-01  9.739e-01  5.159e-04
     534  1097  3.7398036  3.996e-01  9.729e-01  5.169e-04
     535  1097  3.7398036  3.996e-01  9.719e-01  5.169e-04
     536  1097  3.7398036  3.996e-01  9.710e-01  5.188e-04
     537  1097  3.7398036  3.996e-01  9.700e-01  5.188e-04
     538  1097  3.7398036  3.996e-01  9.690e-01  5.200e-04
     539  1097  3.7398036  3.996e-01  9.680e-01  5.209e-04
     540  1097  3.7398036  3.996e-01  9.671e-01  5.209e-04
     541  1097  3.7398036  3.996e-01  9.661e-01  5.219e-04
     542  1097  3.7398036  3.996e-01  9.651e-01  5.229e-04
     543  1097  3.7398036  3.996e-01  9.642e-01  5.229e-04
     544  1097  3.7398036  3.996e-01  9.632e-01  5.238e-04
     545  1097  3.7398036  3.996e-01  9.623e-01  5.250e-04
     546  1097  3.7398036  3.996e-01  9.613e-01  5.260e-04
     547  1097  3.7398036  3.996e-01  9.603e-01  5.260e-04
     548  1097  3.7398036  3.996e-01  9.594e-01  5.269e-04
     549  1097  3.7398036  3.996e-01  9.584e-01  5.279e-04
     550  1097  3.7398036  3.996e-01  9.575e-01  5.288e-04
     551  1097  3.7398036  3.996e-01  9.565e-01  5.288e-04
     552  1097  3.7398036  3.996e-01  9.555e-01  5.300e-04
     553  1097  3.7398036  3.996e-01  9.546e-01  5.300e-04
     554  1097  3.7398036  3.996e-01  9.536e-01  5.310e-04
     555  1097  3.7398036  3.996e-01  9.527e-01  5.319e-04
     556  1097  3.7398036  3.996e-01  9.517e-01  5.319e-04
     557  1097  3.7398036  3.996e-01  9.508e-01  5.329e-04
     558  1097  3.7398036  3.996e-01  9.498e-01  5.338e-04
     559  1097  3.7398036  3.996e-01  9.489e-01  5.350e-04
     560  1097  3.7398036  3.996e-01  9.479e-01  5.350e-04
     561  1097  3.7398036  3.996e-01  9.470e-01  5.360e-04
     562  1097  3.7398036  3.996e-01  9.460e-01  5.369e-04
     563  1097  3.7398036  3.996e-01  9.451e-01  5.369e-04
     564  1097  3.7398036  3.996e-01  9.442e-01  5.379e-04
     565  1097  3.7398036  3.996e-01  9.432e-01  5.388e-04
     566  1097  3.7398036  3.996e-01  9.423e-01  5.388e-04
     567  1097  3.7398036  3.996e-01  9.413e-01  5.400e-04
     568  1097  3.7398036  3.996e-01  9.404e-01  5.410e-04
     569  1097  3.7398036  3.996e-01  9.394e-01  5.410e-04
     570  1097  3.7398036  3.996e-01  9.385e-01  5.419e-04
     571  1097  3.7398036  3.996e-01  9.376e-01  5.429e-04
     572  1097  3.7398036  3.996e-01  9.366e-01  5.438e-04
     573  1097  3.7398036  3.996e-01  9.357e-01  5.438e-04
     574  1097  3.7398036  3.996e-01  9.348e-01  5.448e-04
     575  1097  3.7398036  3.996e-01  9.338e-01  5.448e-04
     576  1097  3.7398036  3.996e-01  9.329e-01  5.460e-04
     577  1097  3.7398036  3.996e-01  9.320e-01  5.469e-04
     578  1097  3.7398036  3.996e-01  9.310e-01  5.479e-04
     579  1097  3.7398036  3.996e-01  9.301e-01  5.479e-04
     580  1097  3.7398036  3.996e-01  9.292e-01  5.488e-04
     581  1097  3.7398036  3.996e-01  9.282e-01  5.498e-04
     582  1097  3.7398036  3.996e-01  9.273e-01  5.510e-04
     583  1097  3.7398036  3.996e-01  9.264e-01  5.510e-04
     584  1097  3.7398036  3.996e-01  9.255e-01  5.519e-04
     585  1097  3.7398036  3.996e-01  9.245e-01  5.529e-04
     586  1097  3.7398036  3.996e-01  9.236e-01  5.529e-04
     587  1097  3.7398036  3.996e-01  9.227e-01  5.538e-04
     588  1097  3.7398036  3.996e-01  9.218e-01  5.548e-04
     589  1097  3.7398036  3.996e-01  9.209e-01  5.560e-04
     590  1097  3.7398036  3.996e-01  9.199e-01  5.560e-04
     591  1097  3.7398036  3.996e-01  9.190e-01  5.569e-04
     592  1097  3.7398036  3.996e-01  9.181e-01  5.579e-04
     593  1097  3.7398036  3.996e-01  9.172e-01  5.579e-04
     594  1097  3.7398036  3.996e-01  9.163e-01  5.589e-04
     595  1097  3.7398036  3.996e-01  9.153e-01  5.598e-04
     596  1097  3.7398036  3.996e-01  9.144e-01  5.598e-04
     597  1097  3.7398036  3.996e-01  9.135e-01  5.610e-04
     598  1097  3.7398036  3.996e-01  9.126e-01  5.620e-04
     599  1097  3.7398036  3.996e-01  9.117e-01  5.629e-04
     600  1097  3.7398036  3.996e-01  9.108e-01  5.629e-04
     601  1097  3.7398036  3.996e-01  9.099e-01  5.639e-04
     602  1097  3.7398036  3.996e-01  9.090e-01  5.648e-04
     603  1097  3.7398036  3.996e-01  9.081e-01  5.648e-04
     604  1097  3.7398036  3.996e-01  9.072e-01  5.660e-04
     605  1097  3.7398036  3.996e-01  9.062e-01  5.670e-04
     606  1097  3.7398036  3.996e-01  9.053e-01  5.670e-04
     607  1097  3.7398036  3.996e-01  9.044e-01  5.679e-04
     608  1097  3.7398036  3.996e-01  9.035e-01  5.689e-04
     609  1097  3.7398036  3.996e-01  9.026e-01  5.698e-04
     610  1097  3.7398036  3.996e-01  9.017e-01  5.698e-04
     611  1097  3.7398036  3.996e-01  9.008e-01  5.710e-04
     612  1097  3.7398036  3.996e-01  8.999e-01  5.720e-04
     613  1097  3.7398036  3.996e-01  8.990e-01  5.720e-04
     614  1097  3.7398036  3.996e-01  8.981e-01  5.729e-04
     615  1097  3.7398036  3.996e-01  8.972e-01  5.739e-04
     616  1097  3.7398036  3.996e-01  8.963e-01  5.739e-04
     617  1097  3.7398036  3.996e-01  8.954e-01  5.748e-04
     618  1097  3.7398036  3.996e-01  8.945e-01  5.760e-04
     619  1097  3.7398036  3.996e-01  8.937e-01  5.760e-04
     620  1097  3.7398036  3.996e-01  8.928e-01  5.770e-04
     621  1097  3.7398036  3.996e-01  8.919e-01  5.779e-04
     622  1097  3.7398036  3.996e-01  8.910e-01  5.789e-04
     623  1097  3.7398036  3.996e-01  8.901e-01  5.789e-04
     624  1097  3.7398036  3.996e-01  8.892e-01  5.798e-04
     625  1097  3.7398036  3.996e-01  8.883e-01  5.808e-04
     626  1097  3.7398036  3.996e-01  8.874e-01  5.808e-04
     627  1097  3.7398036  3.996e-01  8.865e-01  5.820e-04
     628  1097  3.7398036  3.996e-01  8.857e-01  5.829e-04
     629  1097  3.7398036  3.996e-01  8.848e-01  5.839e-04
     630  1097  3.7398036  3.996e-01  8.839e-01  5.839e-04
     631  1097  3.7398036  3.996e-01  8.830e-01  5.848e-04
     632  1097  3.7398036  3.996e-01  8.821e-01  5.858e-04
     633  1097  3.7398036  3.996e-01  8.812e-01  5.858e-04
     634  1097  3.7398036  3.996e-01  8.804e-01  5.870e-04
     635  1097  3.7398036  3.996e-01  8.795e-01  5.879e-04
     636  1097  3.7398036  3.996e-01  8.786e-01  5.889e-04
     637  1097  3.7398036  3.996e-01  8.777e-01  5.889e-04
     638  1097  3.7398036  3.996e-01  8.768e-01  5.898e-04
     639  1097  3.7398036  3.996e-01  8.760e-01  5.908e-04
     640  1097  3.7398036  3.996e-01  8.751e-01  5.908e-04
     641  1097  3.7398036  3.996e-01  8.742e-01  5.920e-04
     642  1097  3.7398036  3.996e-01  8.733e-01  5.929e-04
     643  1097  3.7398036  3.996e-01  8.725e-01  5.929e-04
     644  1097  3.7398036  3.996e-01  8.716e-01  5.939e-04
     645  1097  3.7398036  3.996e-01  8.707e-01  5.949e-04
     646  1097  3.7398036  3.996e-01  8.699e-01  5.949e-04
     647  1097  3.7398036  3.996e-01  8.690e-01  5.958e-04
     648  1097  3.7398036  3.996e-01  8.681e-01  5.970e-04
     649  1097  3.7398036  3.996e-01  8.673e-01  5.980e-04
     650  1097  3.7398036  3.996e-01  8.664e-01  5.980e-04
     651  1097  3.7398036  3.996e-01  8.655e-01  5.989e-04
     652  1097  3.7398036  3.996e-01  8.647e-01  5.999e-04
     653  1097  3.7398036  3.996e-01  8.638e-01  5.999e-04
     654  1097  3.7398036  3.996e-01  8.629e-01  6.008e-04
     655  1097  3.7398036  3.996e-01  8.621e-01  6.020e-04
     656  1097  3.7398036  3.996e-01  8.612e-01  6.030e-04
     657  1097  3.7398036  3.996e-01  8.603e-01  6.030e-04
     658  1097  3.7398036  3.996e-01  8.595e-01  6.039e-04
     659  1097  3.7398036  3.996e-01  8.586e-01  6.049e-04
     660  1097  3.7398036  3.996e-01  8.578e-01  6.049e-04
     661  1097  3.7398036  3.996e-01  8.569e-01  6.058e-04
     662  1097  3.7398036  3.996e-01  8.561e-01  6.070e-04
     663  1097  3.7398036  3.996e-01  8.552e-01  6.080e-04
     664  1097  3.7398036  3.996e-01  8.543e-01  6.080e-04
     665  1097  3.7398036  3.996e-01  8.535e-01  6.089e-04
     666  1097  3.7398036  3.996e-01  8.526e-01  6.099e-04
     667  1097  3.7398036  3.996e-01  8.518e-01  6.099e-04
     668  1097  3.7398036  3.996e-01  8.509e-01  6.108e-04
     669  1097  3.7398036  3.996e-01  8.501e-01  6.120e-04
     670  1097  3.7398036  3.996e-01  8.492e-01  6.120e-04
     671  1097  3.7398036  3.996e-01  8.484e-01  6.130e-04
     672  1097  3.7398036  3.996e-01  8.475e-01  6.139e-04
     673  1097  3.7398036  3.996e-01  8.467e-01  6.139e-04
     674  1097  3.7398036  3.996e-01  8.459e-01  6.149e-04
     675  1097  3.7398036  3.996e-01  8.450e-01  6.158e-04
     676  1097  3.7398036  3.996e-01  8.442e-01  6.158e-04
     677  1097  3.7398036  3.996e-01  8.433e-01  6.168e-04
     678  1097  3.7398036  3.996e-01  8.425e-01  6.180e-04
     679  1097  3.7398036  3.996e-01  8.416e-01  6.180e-04
     680  1097  3.7398036  3.996e-01  8.408e-01  6.189e-04
     681  1097  3.7398036  3.996e-01  8.400e-01  6.199e-04
     682  1097  3.7398036  3.996e-01  8.391e-01  6.199e-04
     683  1097  3.7398036  3.996e-01  8.383e-01  6.208e-04
     684  1097  3.7398036  3.996e-01  8.374e-01  6.218e-04
     685  1097  3.7398036  3.996e-01  8.366e-01  6.218e-04
     686  1097  3.7398036  3.996e-01  8.358e-01  6.230e-04
     687  1097  3.7398036  3.996e-01  8.349e-01  6.239e-04
     688  1097  3.7398036  3.996e-01  8.341e-01  6.249e-04
     689  1097  3.7398036  3.996e-01  8.333e-01  6.249e-04
     690  1097  3.7398036  3.996e-01  8.324e-01  6.258e-04
     691  1097  3.7398036  3.996e-01  8.316e-01  6.268e-04
     692  1097  3.7398036  3.996e-01  8.308e-01  6.268e-04
     693  1097  3.7398036  3.996e-01  8.299e-01  6.280e-04
     694  1097  3.7398036  3.996e-01  8.291e-01  6.289e-04
     695  1097  3.7398036  3.996e-01  8.283e-01  6.299e-04
     696  1097  3.7398036  3.996e-01  8.275e-01  6.299e-04
     697  1097  3.7398036  3.996e-01  8.266e-01  6.309e-04
     698  1097  3.7398036  3.996e-01  8.258e-01  6.318e-04
     699  1097  3.7398036  3.996e-01  8.250e-01  6.318e-04
     700  1097  3.7398036  3.996e-01  8.242e-01  6.330e-04
     701  1097  3.7398036  3.996e-01  8.233e-01  6.340e-04
     702  1097  3.7398036  3.996e-01  8.225e-01  6.340e-04
     703  1097  3.7398036  3.996e-01  8.217e-01  6.349e-04
     704  1097  3.7398036  3.996e-01  8.209e-01  6.359e-04
     705  1097  3.7398036  3.996e-01  8.200e-01  6.368e-04
     706  1097  3.7398036  3.996e-01  8.192e-01  6.368e-04
     707  1097  3.7398036  3.996e-01  8.184e-01  6.380e-04
     708  1097  3.7398036  3.996e-01  8.176e-01  6.390e-04
     709  1097  3.7398036  3.996e-01  8.168e-01  6.390e-04
     710  1097  3.7398036  3.996e-01  8.160e-01  6.399e-04
     711  1097  3.7398036  3.996e-01  8.151e-01  6.409e-04
     712  1097  3.7398036  3.996e-01  8.143e-01  6.409e-04
     713  1097  3.7398036  3.996e-01  8.135e-01  6.418e-04
     714  1097  3.7398036  3.996e-01  8.127e-01  6.430e-04
     715  1097  3.7398036  3.996e-01  8.119e-01  6.440e-04
     716  1097  3.7398036  3.996e-01  8.111e-01  6.440e-04
     717  1097  3.7398036  3.996e-01  8.103e-01  6.449e-04
     718  1097  3.7398036  3.996e-01  8.095e-01  6.459e-04
     719  1097  3.7398036  3.996e-01  8.087e-01  6.459e-04
     720  1097  3.7398036  3.996e-01  8.078e-01  6.468e-04
     721  1097  3.7398036  3.996e-01  8.070e-01  6.480e-04
     722  1097  3.7398036  3.996e-01  8.062e-01  6.480e-04
     723  1097  3.7398036  3.996e-01  8.054e-01  6.490e-04
     724  1097  3.7398036  3.996e-01  8.046e-01  6.499e-04
     725  1097  3.7398036  3.996e-01  8.038e-01  6.499e-04
     726  1097  3.7398036  3.996e-01  8.030e-01  6.509e-04
     727  1097  3.7398036  3.996e-01  8.022e-01  6.518e-04
     728  1097  3.7398036  3.996e-01  8.014e-01  6.528e-04
     729  1097  3.7398036  3.996e-01  8.006e-01  6.528e-04
     730  1097  3.7398036  3.996e-01  7.998e-01  6.540e-04
     731  1097  3.7398036  3.996e-01  7.990e-01  6.549e-04
     732  1097  3.7398036  3.996e-01  7.982e-01  6.549e-04
     733  1097  3.7398036  3.996e-01  7.974e-01  6.559e-04
     734  1097  3.7398036  3.996e-01  7.966e-01  6.568e-04
     735  1097  3.7398036  3.996e-01  7.958e-01  6.568e-04
     736  1097  3.7398036  3.996e-01  7.950e-01  6.578e-04
     737  1097  3.7398036  3.996e-01  7.942e-01  6.590e-04
     738  1097  3.7398036  3.996e-01  7.934e-01  6.590e-04
     739  1097  3.7398036  3.996e-01  7.926e-01  6.599e-04
     740  1097  3.7398036  3.996e-01  7.919e-01  6.609e-04
     741  1097  3.7398036  3.996e-01  7.911e-01  6.618e-04
     742  1097  3.7398036  3.996e-01  7.903e-01  6.618e-04
     743  1097  3.7398036  3.996e-01  7.895e-01  6.628e-04
     744  1097  3.7398036  3.996e-01  7.887e-01  6.640e-04
     745  1097  3.7398036  3.996e-01  7.879e-01  6.640e-04
     746  1097  3.7398036  3.996e-01  7.871e-01  6.649e-04
     747  1097  3.7398036  3.996e-01  7.863e-01  6.659e-04
     748  1097  3.7398036  3.996e-01  7.855e-01  6.669e-04
     749  1097  3.7398036  3.996e-01  7.848e-01  6.669e-04
     750  1097  3.7398036  3.996e-01  7.840e-01  6.678e-04
     751  1097  3.7398036  3.996e-01  7.832e-01  6.690e-04
     752  1097  3.7398036  3.996e-01  7.824e-01  6.700e-04
     753  1097  3.7398036  3.996e-01  7.816e-01  6.700e-04
     754  1097  3.7398036  3.996e-01  7.809e-01  6.709e-04
     755  1097  3.7398036  3.996e-01  7.801e-01  6.719e-04
     756  1097  3.7398036  3.996e-01  7.793e-01  6.719e-04
     757  1097  3.7398036  3.996e-01  7.785e-01  6.728e-04
     758  1097  3.7398036  3.996e-01  7.777e-01  6.740e-04
     759  1097  3.7398036  3.996e-01  7.770e-01  6.740e-04
     760  1097  3.7398036  3.996e-01  7.762e-01  6.750e-04
     761  1097  3.7398036  3.996e-01  7.754e-01  6.759e-04
     762  1097  3.7398036  3.996e-01  7.746e-01  6.759e-04
     763  1097  3.7398036  3.996e-01  7.739e-01  6.769e-04
     764  1097  3.7398036  3.996e-01  7.731e-01  6.778e-04
     765  1097  3.7398036  3.996e-01  7.723e-01  6.778e-04
     766  1097  3.7398036  3.996e-01  7.715e-01  6.790e-04
     767  1097  3.7398036  3.996e-01  7.708e-01  6.800e-04
     768  1097  3.7398036  3.996e-01  7.700e-01  6.800e-04
     769  1097  3.7398036  3.996e-01  7.692e-01  6.809e-04
     770  1097  3.7398036  3.996e-01  7.685e-01  6.819e-04
     771  1097  3.7398036  3.996e-01  7.677e-01  6.828e-04
     772  1097  3.7398036  3.996e-01  7.669e-01  6.828e-04
     773  1097  3.7398036  3.996e-01  7.662e-01  6.838e-04
     774  1097  3.7398036  3.996e-01  7.654e-01  6.850e-04
     775  1097  3.7398036  3.996e-01  7.646e-01  6.850e-04
     776  1097  3.7398036  3.996e-01  7.639e-01  6.859e-04
     777  1097  3.7398036  3.996e-01  7.631e-01  6.869e-04
     778  1097  3.7398036  3.996e-01  7.623e-01  6.869e-04
     779  1097  3.7398036  3.996e-01  7.616e-01  6.878e-04
     780  1097  3.7398036  3.996e-01  7.608e-01  6.888e-04
     781  1097  3.7398036  3.996e-01  7.601e-01  6.888e-04
     782  1097  3.7398036  3.996e-01  7.593e-01  6.900e-04
     783  1097  3.7398036  3.996e-01  7.585e-01  6.909e-04
     784  1097  3.7398036  3.996e-01  7.578e-01  6.909e-04
     785  1097  3.7398036  3.996e-01  7.570e-01  6.919e-04
     786  1097  3.7398036  3.996e-01  7.563e-01  6.928e-04
     787  1097  3.7398036  3.996e-01  7.555e-01  6.928e-04
     788  1097  3.7398036  3.996e-01  7.548e-01  6.938e-04
     789  1097  3.7398036  3.996e-01  7.540e-01  6.950e-04
     790  1097  3.7398036  3.996e-01  7.533e-01  6.950e-04
     791  1097  3.7398036  3.996e-01  7.525e-01  6.959e-04
     792  1097  3.7398036  3.996e-01  7.518e-01  6.969e-04
     793  1097  3.7398036  3.996e-01  7.510e-01  6.969e-04
     794  1097  3.7398036  3.996e-01  7.502e-01  6.979e-04
     795  1097  3.7398036  3.996e-01  7.495e-01  6.988e-04
     796  1097  3.7398036  3.996e-01  7.488e-01  7.000e-04
     797  1097  3.7398036  3.996e-01  7.480e-01  7.000e-04
     798  1097  3.7398036  3.996e-01  7.473e-01  7.010e-04
     799  1097  3.7398036  3.996e-01  7.465e-01  7.019e-04
     800  1097  3.7398036  3.996e-01  7.458e-01  7.019e-04
     801  1097  3.7398036  3.996e-01  7.450e-01  7.029e-04
     802  1097  3.7398036  3.996e-01  7.443e-01  7.038e-04
     803  1097  3.7398036  3.996e-01  7.435e-01  7.038e-04
     804  1097  3.7398036  3.996e-01  7.428e-01  7.050e-04
     805  1097  3.7398036  3.996e-01  7.420e-01  7.060e-04
     806  1097  3.7398036  3.996e-01  7.413e-01  7.069e-04
     807  1097  3.7398036  3.996e-01  7.406e-01  7.069e-04
     808  1097  3.7398036  3.996e-01  7.398e-01  7.079e-04
     809  1097  3.7398036  3.996e-01  7.391e-01  7.088e-04
     810  1097  3.7398036  3.996e-01  7.383e-01  7.088e-04
     811  1097  3.7398036  3.996e-01  7.376e-01  7.100e-04
     812  1097  3.7398036  3.996e-01  7.369e-01  7.110e-04
     813  1097  3.7398036  3.996e-01  7.361e-01  7.110e-04
     814  1097  3.7398036  3.996e-01  7.354e-01  7.119e-04
     815  1097  3.7398036  3.996e-01  7.347e-01  7.129e-04
     816  1097  3.7398036  3.996e-01  7.339e-01  7.129e-04
     817  1097  3.7398036  3.996e-01  7.332e-01  7.138e-04
     818  1097  3.7398036  3.996e-01  7.325e-01  7.150e-04
     819  1097  3.7398036  3.996e-01  7.317e-01  7.150e-04
     820  1097  3.7398036  3.996e-01  7.310e-01  7.160e-04
     821  1097  3.7398036  3.996e-01  7.303e-01  7.169e-04
     822  1097  3.7398036  3.996e-01  7.295e-01  7.179e-04
     823  1097  3.7398036  3.996e-01  7.288e-01  7.179e-04
     824  1097  3.7398036  3.996e-01  7.281e-01  7.188e-04
     825  1097  3.7398036  3.996e-01  7.274e-01  7.198e-04
     826  1097  3.7398036  3.996e-01  7.266e-01  7.198e-04
     827  1097  3.7398036  3.996e-01  7.259e-01  7.210e-04
     828  1097  3.7398036  3.996e-01  7.252e-01  7.219e-04
     829  1097  3.7398036  3.996e-01  7.245e-01  7.219e-04
     830  1097  3.7398036  3.996e-01  7.237e-01  7.229e-04
     831  1097  3.7398036  3.996e-01  7.230e-01  7.238e-04
     832  1097  3.7398036  3.996e-01  7.223e-01  7.238e-04
     833  1097  3.7398036  3.996e-01  7.216e-01  7.248e-04
     834  1097  3.7398036  3.996e-01  7.208e-01  7.260e-04
     835  1097  3.7398036  3.996e-01  7.201e-01  7.260e-04
     836  1097  3.7398036  3.996e-01  7.194e-01  7.269e-04
     837  1097  3.7398036  3.996e-01  7.187e-01  7.269e-04
     838  1097  3.7398036  3.996e-01  7.180e-01  7.279e-04
     839  1097  3.7398036  3.996e-01  7.173e-01  7.288e-04
     840  1097  3.7398036  3.996e-01  7.165e-01  7.288e-04
     841  1097  3.7398036  3.996e-01  7.158e-01  7.298e-04
     842  1097  3.7398036  3.996e-01  7.151e-01  7.298e-04
     843  1097  3.7398036  3.996e-01  7.144e-01  7.310e-04
     844  1097  3.7398036  3.996e-01  7.137e-01  7.319e-04
     845  1097  3.7398036  3.996e-01  7.130e-01  7.319e-04
     846  1097  3.7398036  3.996e-01  7.123e-01  7.329e-04
     847  1097  3.7398036  3.996e-01  7.115e-01  7.339e-04
     848  1097  3.7398036  3.996e-01  7.108e-01  7.339e-04
     849  1097  3.7398036  3.996e-01  7.101e-01  7.348e-04
     850  1097  3.7398036  3.996e-01  7.094e-01  7.348e-04
     851  1097  3.7398036  3.996e-01  7.087e-01  7.360e-04
     852  1097  3.7398036  3.996e-01  7.080e-01  7.370e-04
     853  1097  3.7398036  3.996e-01  7.073e-01  7.370e-04
     854  1097  3.7398036  3.996e-01  7.066e-01  7.379e-04
     855  1097  3.7398036  3.996e-01  7.059e-01  7.389e-04
     856  1097  3.7398036  3.996e-01  7.052e-01  7.389e-04
     857  1097  3.7398036  3.996e-01  7.045e-01  7.398e-04
     858  1097  3.7398036  3.996e-01  7.038e-01  7.398e-04
     859  1097  3.7398036  3.996e-01  7.031e-01  7.410e-04
     860  1097  3.7398036  3.996e-01  7.024e-01  7.420e-04
     861  1097  3.7398036  3.996e-01  7.017e-01  7.420e-04
     862  1097  3.7398036  3.996e-01  7.010e-01  7.429e-04
     863  1097  3.7398036  3.996e-01  7.003e-01  7.429e-04
     864  1097  3.7398036  3.996e-01  6.996e-01  7.439e-04
     865  1097  3.7398036  3.996e-01  6.989e-01  7.448e-04
     866  1097  3.7398036  3.996e-01  6.982e-01  7.448e-04
     867  1097  3.7398036  3.996e-01  6.975e-01  7.460e-04
     868  1097  3.7398036  3.996e-01  6.968e-01  7.470e-04
     869  1097  3.7398036  3.996e-01  6.961e-01  7.470e-04
     870  1097  3.7398036  3.996e-01  6.954e-01  7.479e-04
     871  1097  3.7398036  3.996e-01  6.947e-01  7.479e-04
     872  1097  3.7398036  3.996e-01  6.940e-01  7.489e-04
     873  1097  3.7398036  3.996e-01  6.933e-01  7.498e-04
     874  1097  3.7398036  3.996e-01  6.926e-01  7.498e-04
     875  1097  3.7398036  3.996e-01  6.919e-01  7.510e-04
     876  1097  3.7398036  3.996e-01  6.912e-01  7.510e-04
     877  1097  3.7398036  3.995e-01  6.905e-01  7.520e-04
     878  1097  3.7398036  3.995e-01  6.898e-01  7.529e-04
     879  1097  3.7398036  3.995e-01  6.891e-01  7.529e-04
     880  1097  3.7398036  3.995e-01  6.885e-01  7.539e-04
     881  1097  3.7398036  3.995e-01  6.878e-01  7.548e-04
     882  1097  3.7398036  3.995e-01  6.871e-01  7.548e-04
     883  1097  3.7398036  3.995e-01  6.864e-01  7.558e-04
     884  1097  3.7398036  3.995e-01  6.857e-01  7.570e-04
     885  1097  3.7398036  3.995e-01  6.850e-01  7.570e-04
     886  1097  3.7398036  3.995e-01  6.843e-01  7.579e-04
     887  1097  3.7398036  3.995e-01  6.837e-01  7.579e-04
     888  1097  3.7398036  3.995e-01  6.830e-01  7.589e-04
     889  1097  3.7398036  3.995e-01  6.823e-01  7.589e-04
     890  1097  3.7398036  3.995e-01  6.816e-01  7.598e-04
     891  1097  3.7398036  3.995e-01  6.809e-01  7.608e-04
     892  1097  3.7398036  3.995e-01  6.802e-01  7.608e-04
     893  1097  3.7398036  3.995e-01  6.796e-01  7.620e-04
     894  1097  3.7398036  3.995e-01  6.789e-01  7.629e-04
     895  1097  3.7398036  3.995e-01  6.782e-01  7.629e-04
     896  1097  3.7398036  3.995e-01  6.775e-01  7.639e-04
     897  1097  3.7398036  3.995e-01  6.769e-01  7.639e-04
     898  1097  3.7398036  3.995e-01  6.762e-01  7.648e-04
     899  1097  3.7398036  3.995e-01  6.755e-01  7.658e-04
     900  1097  3.7398036  3.995e-01  6.748e-01  7.658e-04
     901  1097  3.7398036  3.994e-01  6.742e-01  7.670e-04
     902  1097  3.7398036  3.994e-01  6.735e-01  7.679e-04
     903  1097  3.7398036  3.994e-01  6.728e-01  7.679e-04
     904  1097  3.7398036  3.994e-01  6.721e-01  7.689e-04
     905  1097  3.7398036  3.994e-01  6.715e-01  7.699e-04
     906  1097  3.7398036  3.994e-01  6.708e-01  7.699e-04
     907  1097  3.7398036  3.994e-01  6.701e-01  7.708e-04
     908  1097  3.7398036  3.994e-01  6.695e-01  7.708e-04
     909  1097  3.7398036  3.994e-01  6.688e-01  7.720e-04
     910  1097  3.7398036  3.994e-01  6.681e-01  7.730e-04
     911  1097  3.7398036  3.994e-01  6.674e-01  7.730e-04
     912  1097  3.7398036  3.994e-01  6.668e-01  7.739e-04
     913  1097  3.7398036  3.994e-01  6.661e-01  7.739e-04
     914  1097  3.7398036  3.994e-01  6.655e-01  7.749e-04
     915  1097  3.7398036  3.994e-01  6.648e-01  7.758e-04
     916  1097  3.7398036  3.994e-01  6.641e-01  7.758e-04
     917  1097  3.7398036  3.994e-01  6.635e-01  7.770e-04
     918  1097  3.7398036  3.994e-01  6.628e-01  7.770e-04
     919  1097  3.7398036  3.994e-01  6.621e-01  7.780e-04
     920  1097  3.7398036  3.994e-01  6.615e-01  7.789e-04
     921  1097  3.7398036  3.994e-01  6.608e-01  7.799e-04
     922  1097  3.7398036  3.994e-01  6.602e-01  7.799e-04
     923  1097  3.7398036  3.994e-01  6.595e-01  7.808e-04
     924  1097  3.7398036  3.993e-01  6.588e-01  7.808e-04
     925  1097  3.7398036  3.993e-01  6.582e-01  7.820e-04
     926  1097  3.7398036  3.993e-01  6.575e-01  7.820e-04
     927  1097  3.7398036  3.993e-01  6.569e-01  7.830e-04
     928  1097  3.7398036  3.993e-01  6.562e-01  7.839e-04
     929  1097  3.7398036  3.993e-01  6.555e-01  7.839e-04
     930  1097  3.7398036  3.993e-01  6.549e-01  7.849e-04
     931  1097  3.7398036  3.993e-01  6.542e-01  7.858e-04
     932  1097  3.7398036  3.993e-01  6.536e-01  7.858e-04
     933  1097  3.7398036  3.993e-01  6.529e-01  7.870e-04
     934  1097  3.7398036  3.993e-01  6.523e-01  7.880e-04
     935  1097  3.7398036  3.993e-01  6.516e-01  7.880e-04
     936  1097  3.7398036  3.993e-01  6.510e-01  7.889e-04
     937  1097  3.7398036  3.993e-01  6.503e-01  7.889e-04
     938  1097  3.7398036  3.993e-01  6.497e-01  7.899e-04
     939  1097  3.7398036  3.993e-01  6.490e-01  7.908e-04
     940  1097  3.7398036  3.993e-01  6.484e-01  7.908e-04
     941  1097  3.7398036  3.993e-01  6.477e-01  7.918e-04
     942  1097  3.7398036  3.993e-01  6.471e-01  7.918e-04
     943  1097  3.7398036  3.993e-01  6.464e-01  7.930e-04
     944  1097  3.7398036  3.993e-01  6.458e-01  7.939e-04
     945  1097  3.7398036  3.993e-01  6.451e-01  7.939e-04
     946  1097  3.7398036  3.992e-01  6.445e-01  7.949e-04
     947  1097  3.7398036  3.992e-01  6.439e-01  7.949e-04
     948  1097  3.7398036  3.992e-01  6.432e-01  7.958e-04
     949  1097  3.7398036  3.992e-01  6.426e-01  7.968e-04
     950  1097  3.7398036  3.992e-01  6.419e-01  7.968e-04
     951  1097  3.7398036  3.992e-01  6.413e-01  7.980e-04
     952  1097  3.7398036  3.992e-01  6.407e-01  7.980e-04
     953  1097  3.7398036  3.992e-01  6.400e-01  7.989e-04
     954  1097  3.7398036  3.992e-01  6.394e-01  7.999e-04
     955  1097  3.7398036  3.992e-01  6.387e-01  7.999e-04
     956  1097  3.7398036  3.992e-01  6.381e-01  8.008e-04
     957  1097  3.7398036  3.992e-01  6.375e-01  8.018e-04
     958  1097  3.7398036  3.992e-01  6.368e-01  8.018e-04
     959  1097  3.7398036  3.992e-01  6.362e-01  8.030e-04
     960  1097  3.7398036  3.992e-01  6.355e-01  8.039e-04
     961  1097  3.7398036  3.992e-01  6.349e-01  8.049e-04
     962  1097  3.7398036  3.992e-01  6.343e-01  8.049e-04
     963  1097  3.7398036  3.992e-01  6.336e-01  8.059e-04
     964  1097  3.7398036  3.992e-01  6.330e-01  8.059e-04
     965  1097  3.7398036  3.992e-01  6.324e-01  8.068e-04
     966  1097  3.7398036  3.992e-01  6.317e-01  8.080e-04
     967  1097  3.7398036  3.991e-01  6.311e-01  8.080e-04
     968  1097  3.7398036  3.991e-01  6.305e-01  8.090e-04
     969  1097  3.7398036  3.991e-01  6.299e-01  8.090e-04
     970  1097  3.7398036  3.991e-01  6.292e-01  8.099e-04
     971  1097  3.7398036  3.991e-01  6.286e-01  8.109e-04
     972  1097  3.7398036  3.991e-01  6.280e-01  8.109e-04
     973  1097  3.7398036  3.991e-01  6.273e-01  8.118e-04
     974  1097  3.7398036  3.991e-01  6.267e-01  8.118e-04
     975  1097  3.7398036  3.991e-01  6.261e-01  8.130e-04
     976  1097  3.7398036  3.991e-01  6.255e-01  8.140e-04
     977  1097  3.7398036  3.991e-01  6.248e-01  8.140e-04
     978  1097  3.7398036  3.991e-01  6.242e-01  8.149e-04
     979  1097  3.7398036  3.991e-01  6.236e-01  8.149e-04
     980  1097  3.7398036  3.991e-01  6.230e-01  8.159e-04
     981  1097  3.7398036  3.991e-01  6.223e-01  8.168e-04
     982  1097  3.7398036  3.991e-01  6.217e-01  8.168e-04
     983  1097  3.7398036  3.991e-01  6.211e-01  8.180e-04
     984  1097  3.7398036  3.991e-01  6.205e-01  8.190e-04
     985  1097  3.7398036  3.991e-01  6.199e-01  8.190e-04
     986  1097  3.7398036  3.991e-01  6.192e-01  8.199e-04
     987  1097  3.7398036  3.990e-01  6.186e-01  8.199e-04
     988  1097  3.7398036  3.990e-01  6.180e-01  8.209e-04
     989  1097  3.7398036  3.990e-01  6.174e-01  8.218e-04
     990  1097  3.7398036  3.990e-01  6.168e-01  8.218e-04
     991  1097  3.7398036  3.990e-01  6.162e-01  8.230e-04
     992  1097  3.7398036  3.990e-01  6.155e-01  8.240e-04
     993  1097  3.7398036  3.990e-01  6.149e-01  8.240e-04
     994  1097  3.7398036  3.990e-01  6.143e-01  8.249e-04
     995  1097  3.7398036  3.990e-01  6.137e-01  8.249e-04
     996  1097  3.7398036  3.990e-01  6.131e-01  8.259e-04
     997  1097  3.7398036  3.990e-01  6.125e-01  8.268e-04
     998  1097  3.7398036  3.990e-01  6.119e-01  8.268e-04
     999  1097  3.7398036  3.990e-01  6.113e-01  8.278e-04
    1000  1097  3.7398036  3.990e-01  6.106e-01  8.290e-04
    1001  1097  3.7398036  3.990e-01  6.100e-01  8.290e-04
    1002  1097  3.7398036  3.990e-01  6.094e-01  8.299e-04
    1003  1097  3.7398036  3.990e-01  6.088e-01  8.299e-04
    1004  1097  3.7398036  3.990e-01  6.082e-01  8.309e-04
    1005  1097  3.7398036  3.990e-01  6.076e-01  8.318e-04
    1006  1097  3.7398036  3.989e-01  6.070e-01  8.318e-04
    1007  1097  3.7398036  3.989e-01  6.064e-01  8.328e-04
    1008  1097  3.7398036  3.989e-01  6.058e-01  8.340e-04
    1009  1097  3.7398036  3.989e-01  6.052e-01  8.340e-04
    1010  1097  3.7398036  3.989e-01  6.046e-01  8.349e-04
    1011  1097  3.7398036  3.989e-01  6.040e-01  8.349e-04
    1012  1097  3.7398036  3.989e-01  6.034e-01  8.359e-04
    1013  1097  3.7398036  3.989e-01  6.028e-01  8.359e-04
    1014  1097  3.7398036  3.989e-01  6.022e-01  8.368e-04
    1015  1097  3.7398036  3.989e-01  6.016e-01  8.378e-04
    1016  1097  3.7398036  3.989e-01  6.010e-01  8.390e-04
    1017  1097  3.7398036  3.989e-01  6.004e-01  8.390e-04
    1018  1097  3.7398036  3.989e-01  5.998e-01  8.399e-04
    1019  1097  3.7398036  3.989e-01  5.992e-01  8.409e-04
    1020  1097  3.7398036  3.989e-01  5.986e-01  8.409e-04
    1021  1097  3.7398036  3.989e-01  5.980e-01  8.419e-04
    1022  1097  3.7398036  3.989e-01  5.974e-01  8.428e-04
    1023  1097  3.7398036  3.989e-01  5.968e-01  8.428e-04
    1024  1097  3.7398036  3.989e-01  5.962e-01  8.440e-04
    1025  1097  3.7398036  3.988e-01  5.956e-01  8.450e-04
    1026  1097  3.7398036  3.988e-01  5.950e-01  8.450e-04
    1027  1097  3.7398036  3.988e-01  5.944e-01  8.459e-04
    1028  1097  3.7398036  3.988e-01  5.938e-01  8.469e-04
    1029  1097  3.7398036  3.988e-01  5.932e-01  8.469e-04
    1030  1097  3.7398036  3.988e-01  5.926e-01  8.478e-04
    1031  1097  3.7398036  3.988e-01  5.920e-01  8.490e-04
    1032  1097  3.7398036  3.988e-01  5.914e-01  8.490e-04
    1033  1097  3.7398036  3.988e-01  5.908e-01  8.500e-04
    1034  1097  3.7398036  3.988e-01  5.902e-01  8.509e-04
    1035  1097  3.7398036  3.988e-01  5.896e-01  8.519e-04
    1036  1097  3.7398036  3.988e-01  5.891e-01  8.519e-04
    1037  1097  3.7398036  3.988e-01  5.885e-01  8.528e-04
    1038  1097  3.7398036  3.988e-01  5.879e-01  8.540e-04
    1039  1097  3.7398036  3.988e-01  5.873e-01  8.540e-04
    1040  1097  3.7398036  3.988e-01  5.867e-01  8.550e-04
    1041  1097  3.7398036  3.988e-01  5.861e-01  8.559e-04
    1042  1097  3.7398036  3.988e-01  5.855e-01  8.559e-04
    1043  1097  3.7398036  3.987e-01  5.850e-01  8.569e-04
    1044  1097  3.7398036  3.987e-01  5.844e-01  8.578e-04
    1045  1097  3.7398036  3.987e-01  5.838e-01  8.578e-04
    1046  1097  3.7398036  3.987e-01  5.832e-01  8.588e-04
    1047  1097  3.7398036  3.987e-01  5.826e-01  8.600e-04
    1048  1097  3.7398036  3.987e-01  5.820e-01  8.609e-04
    1049  1097  3.7398036  3.987e-01  5.815e-01  8.609e-04
    1050  1097  3.7398036  3.987e-01  5.809e-01  8.619e-04
    1051  1097  3.7398036  3.987e-01  5.803e-01  8.628e-04
    1052  1097  3.7398036  3.987e-01  5.797e-01  8.628e-04
    1053  1097  3.7398036  3.987e-01  5.791e-01  8.638e-04
    1054  1097  3.7398036  3.987e-01  5.786e-01  8.650e-04
    1055  1097  3.7398036  3.987e-01  5.780e-01  8.650e-04
    1056  1097  3.7398036  3.987e-01  5.774e-01  8.659e-04
    1057  1097  3.7398036  3.987e-01  5.768e-01  8.669e-04
    1058  1097  3.7398036  3.987e-01  5.762e-01  8.678e-04
    1059  1097  3.7398036  3.987e-01  5.757e-01  8.678e-04
    1060  1097  3.7398036  3.986e-01  5.751e-01  8.688e-04
    1061  1097  3.7398036  3.986e-01  5.745e-01  8.700e-04
    1062  1097  3.7398036  3.986e-01  5.739e-01  8.700e-04
    1063  1097  3.7398036  3.986e-01  5.734e-01  8.709e-04
    1064  1097  3.7398036  3.986e-01  5.728e-01  8.719e-04
    1065  1097  3.7398036  3.986e-01  5.722e-01  8.719e-04
    1066  1097  3.7398036  3.986e-01  5.717e-01  8.729e-04
    1067  1097  3.7398036  3.986e-01  5.711e-01  8.738e-04
    1068  1097  3.7398036  3.986e-01  5.705e-01  8.750e-04
    1069  1097  3.7398036  3.986e-01  5.699e-01  8.750e-04
    1070  1097  3.7398036  3.986e-01  5.694e-01  8.759e-04
    1071  1097  3.7398036  3.986e-01  5.688e-01  8.769e-04
    1072  1097  3.7398036  3.986e-01  5.682e-01  8.769e-04
    1073  1097  3.7398036  3.986e-01  5.677e-01  8.779e-04
    1074  1097  3.7398036  3.986e-01  5.671e-01  8.788e-04
    1075  1097  3.7398036  3.986e-01  5.665e-01  8.788e-04
    1076  1097  3.7398036  3.986e-01  5.660e-01  8.800e-04
    1077  1097  3.7398036  3.985e-01  5.654e-01  8.810e-04
    1078  1097  3.7398036  3.985e-01  5.648e-01  8.810e-04
    1079  1097  3.7398036  3.985e-01  5.643e-01  8.819e-04
    1080  1097  3.7398036  3.985e-01  5.637e-01  8.829e-04
    1081  1097  3.7398036  3.985e-01  5.632e-01  8.838e-04
    1082  1097  3.7398036  3.985e-01  5.626e-01  8.838e-04
    1083  1097  3.7398036  3.985e-01  5.620e-01  8.850e-04
    1084  1097  3.7398036  3.985e-01  5.615e-01  8.860e-04
    1085  1097  3.7398036  3.985e-01  5.609e-01  8.860e-04
    1086  1097  3.7398036  3.985e-01  5.603e-01  8.869e-04
    1087  1097  3.7398036  3.985e-01  5.598e-01  8.879e-04
    1088  1097  3.7398036  3.985e-01  5.592e-01  8.879e-04
    1089  1097  3.7398036  3.985e-01  5.587e-01  8.888e-04
    1090  1097  3.7398036  3.985e-01  5.581e-01  8.900e-04
    1091  1097  3.7398036  3.985e-01  5.576e-01  8.900e-04
    1092  1097  3.7398036  3.985e-01  5.570e-01  8.910e-04
    1093  1097  3.7398036  3.984e-01  5.564e-01  8.919e-04
    1094  1097  3.7398036  3.984e-01  5.559e-01  8.929e-04
    1095  1097  3.7398036  3.984e-01  5.553e-01  8.929e-04
    1096  1097  3.7398036  3.984e-01  5.548e-01  8.938e-04
    1097  1097  3.7398036  3.984e-01  5.542e-01  8.948e-04
    1098  1097  3.7398036  3.984e-01  5.537e-01  8.948e-04
    1099  1097  3.7398036  3.984e-01  5.531e-01  8.960e-04
    1100  1097  3.7398036  3.984e-01  5.526e-01  8.969e-04
    1101  1097  3.7398036  3.984e-01  5.520e-01  8.969e-04
    1102  1097  3.7398036  3.984e-01  5.515e-01  8.979e-04
    1103  1097  3.7398036  3.984e-01  5.509e-01  8.988e-04
    1104  1097  3.7398036  3.984e-01  5.504e-01  8.988e-04
    1105  1097  3.7398036  3.984e-01  5.498e-01  8.998e-04
    1106  1097  3.7398036  3.984e-01  5.493e-01  9.010e-04
    1107  1097  3.7398036  3.984e-01  5.487e-01  9.019e-04
    1108  1097  3.7398036  3.984e-01  5.482e-01  9.019e-04
    1109  1097  3.7398036  3.983e-01  5.476e-01  9.029e-04
    1110  1097  3.7398036  3.983e-01  5.471e-01  9.038e-04
    1111  1097  3.7398036  3.983e-01  5.465e-01  9.038e-04
    1112  1097  3.7398036  3.983e-01  5.460e-01  9.048e-04
    1113  1097  3.7398036  3.983e-01  5.454e-01  9.060e-04
    1114  1097  3.7398036  3.983e-01  5.449e-01  9.060e-04
    1115  1097  3.7398036  3.983e-01  5.443e-01  9.069e-04
    1116  1097  3.7398036  3.983e-01  5.438e-01  9.079e-04
    1117  1097  3.7398036  3.983e-01  5.432e-01  9.089e-04
    1118  1097  3.7398036  3.983e-01  5.427e-01  9.089e-04
    1119  1097  3.7398036  3.983e-01  5.422e-01  9.098e-04
    1120  1097  3.7398036  3.983e-01  5.416e-01  9.110e-04
    1121  1097  3.7398036  3.983e-01  5.411e-01  9.110e-04
    1122  1097  3.7398036  3.983e-01  5.405e-01  9.120e-04
    1123  1097  3.7398036  3.983e-01  5.400e-01  9.129e-04
    1124  1097  3.7398036  3.982e-01  5.395e-01  9.129e-04
    1125  1097  3.7398036  3.982e-01  5.389e-01  9.139e-04
    1126  1097  3.7398036  3.982e-01  5.384e-01  9.148e-04
    1127  1097  3.7398036  3.982e-01  5.378e-01  9.148e-04
    1128  1097  3.7398036  3.982e-01  5.373e-01  9.160e-04
    1129  1097  3.7398036  3.982e-01  5.368e-01  9.170e-04
    1130  1097  3.7398036  3.982e-01  5.362e-01  9.179e-04
    1131  1097  3.7398036  3.982e-01  5.357e-01  9.189e-04
    1132  1097  3.7398036  3.982e-01  5.352e-01  9.189e-04
    1133  1097  3.7398036  3.982e-01  5.346e-01  9.198e-04
    1134  1097  3.7398036  3.982e-01  5.341e-01  9.210e-04
    1135  1097  3.7398036  3.982e-01  5.336e-01  9.210e-04
    1136  1097  3.7398036  3.982e-01  5.330e-01  9.220e-04
    1137  1097  3.7398036  3.982e-01  5.325e-01  9.229e-04
    1138  1097  3.7398036  3.982e-01  5.320e-01  9.229e-04
    1139  1097  3.7398036  3.981e-01  5.314e-01  9.239e-04
    1140  1097  3.7398036  3.981e-01  5.309e-01  9.248e-04
    1141  1097  3.7398036  3.981e-01  5.304e-01  9.248e-04
    1142  1097  3.7398036  3.981e-01  5.298e-01  9.260e-04
    1143  1097  3.7398036  3.981e-01  5.293e-01  9.270e-04
    1144  1097  3.7398036  3.981e-01  5.288e-01  9.279e-04
    1145  1097  3.7398036  3.981e-01  5.283e-01  9.279e-04
    1146  1097  3.7398036  3.981e-01  5.277e-01  9.289e-04
    1147  1097  3.7398036  3.981e-01  5.272e-01  9.298e-04
    1148  1097  3.7398036  3.981e-01  5.267e-01  9.298e-04
    1149  1097  3.7398036  3.981e-01  5.261e-01  9.308e-04
    1150  1097  3.7398036  3.981e-01  5.256e-01  9.320e-04
    1151  1097  3.7398036  3.981e-01  5.251e-01  9.320e-04
    1152  1097  3.7398036  3.981e-01  5.246e-01  9.329e-04
    1153  1097  3.7398036  3.980e-01  5.240e-01  9.339e-04
    1154  1097  3.7398036  3.980e-01  5.235e-01  9.339e-04
    1155  1097  3.7398036  3.980e-01  5.230e-01  9.348e-04
    1156  1097  3.7398036  3.980e-01  5.225e-01  9.358e-04
    1157  1097  3.7398036  3.980e-01  5.220e-01  9.358e-04
    1158  1097  3.7398036  3.980e-01  5.214e-01  9.370e-04
    1159  1097  3.7398036  3.980e-01  5.209e-01  9.379e-04
    1160  1097  3.7398036  3.980e-01  5.204e-01  9.389e-04
    1161  1097  3.7398036  3.980e-01  5.199e-01  9.389e-04
    1162  1097  3.7398036  3.980e-01  5.194e-01  9.398e-04
    1163  1097  3.7398036  3.980e-01  5.188e-01  9.408e-04
    1164  1097  3.7398036  3.980e-01  5.183e-01  9.408e-04
    1165  1097  3.7398036  3.980e-01  5.178e-01  9.420e-04
    1166  1097  3.7398036  3.980e-01  5.173e-01  9.429e-04
    1167  1097  3.7398036  3.979e-01  5.168e-01  9.429e-04
    1168  1097  3.7398036  3.979e-01  5.163e-01  9.439e-04
    1169  1097  3.7398036  3.979e-01  5.157e-01  9.449e-04
    1170  1097  3.7398036  3.979e-01  5.152e-01  9.449e-04
    1171  1097  3.7398036  3.979e-01  5.147e-01  9.458e-04
    1172  1097  3.7398036  3.979e-01  5.142e-01  9.470e-04
    1173  1097  3.7398036  3.979e-01  5.137e-01  9.470e-04
    1174  1097  3.7398036  3.979e-01  5.132e-01  9.480e-04
    1175  1097  3.7398036  3.979e-01  5.127e-01  9.489e-04
    1176  1097  3.7398036  3.979e-01  5.121e-01  9.489e-04
    1177  1097  3.7398036  3.979e-01  5.116e-01  9.499e-04
    1178  1097  3.7398036  3.979e-01  5.111e-01  9.508e-04
    1179  1097  3.7398036  3.979e-01  5.106e-01  9.508e-04
    1180  1097  3.7398036  3.979e-01  5.101e-01  9.520e-04
    1181  1097  3.7398036  3.978e-01  5.096e-01  9.530e-04
    1182  1097  3.7398036  3.978e-01  5.091e-01  9.530e-04
    1183  1097  3.7398036  3.978e-01  5.086e-01  9.539e-04
    1184  1097  3.7398036  3.978e-01  5.081e-01  9.549e-04
    1185  1097  3.7398036  3.978e-01  5.076e-01  9.558e-04
    1186  1097  3.7398036  3.978e-01  5.070e-01  9.558e-04
    1187  1097  3.7398036  3.978e-01  5.065e-01  9.570e-04
    1188  1097  3.7398036  3.978e-01  5.060e-01  9.580e-04
    1189  1097  3.7398036  3.978e-01  5.055e-01  9.580e-04
    1190  1097  3.7398036  3.978e-01  5.050e-01  9.589e-04
    1191  1097  3.7398036  3.978e-01  5.045e-01  9.599e-04
    1192  1097  3.7398036  3.978e-01  5.040e-01  9.599e-04
    1193  1097  3.7398036  3.978e-01  5.035e-01  9.608e-04
    1194  1097  3.7398036  3.977e-01  5.030e-01  9.620e-04
    1195  1097  3.7398036  3.977e-01  5.025e-01  9.620e-04
    1196  1097  3.7398036  3.977e-01  5.020e-01  9.630e-04
    1197  1097  3.7398036  3.977e-01  5.015e-01  9.639e-04
    1198  1097  3.7398036  3.977e-01  5.010e-01  9.649e-04
    1199  1097  3.7398036  3.977e-01  5.005e-01  9.649e-04
    1200  1097  3.7398036  3.977e-01  5.000e-01  9.658e-04

  resume_iteration_log:
    iter      n   solution  err_bound        tol    time(s)
    1200   1097  3.7398036  3.977e-01  5.000e-01  9.658e-04
    1201  15878  3.7892511  1.016e-01  3.315e-01  8.340e-04
    1202  20451  3.7772966  1.013e-01  3.312e-01      0.001
    1203  20451  3.7772966  1.014e-01  3.308e-01      0.001
    1204  20451  3.7772966  1.015e-01  3.305e-01      0.001
    1205  20451  3.7772966  1.015e-01  3.302e-01      0.001
    1206  20451  3.7772966  1.015e-01  3.298e-01      0.001
    1207  20451  3.7772966  1.015e-01  3.295e-01      0.001
    1208  20451  3.7772966  1.016e-01  3.292e-01      0.001
    1209  20451  3.7772966  1.016e-01  3.288e-01      0.001
    1210  20451  3.7772966  1.016e-01  3.285e-01      0.001
    1211  20451  3.7772966  1.016e-01  3.282e-01      0.001
    1212  20451  3.7772966  1.017e-01  3.279e-01      0.001
    1213  20451  3.7772966  1.017e-01  3.275e-01      0.001
    1214  20451  3.7772966  1.017e-01  3.272e-01      0.001
    1215  20451  3.7772966  1.017e-01  3.269e-01      0.001
    1216  20451  3.7772966  1.018e-01  3.265e-01      0.001
    1217  20451  3.7772966  1.018e-01  3.262e-01      0.001
    1218  20451  3.7772966  1.018e-01  3.259e-01      0.001
    1219  20451  3.7772966  1.018e-01  3.256e-01      0.001
    1220  20451  3.7772966  1.019e-01  3.252e-01      0.001
    1221  20451  3.7772966  1.019e-01  3.249e-01      0.001
    1222  20451  3.7772966  1.019e-01  3.246e-01      0.001
    1223  20459  3.7783912  1.019e-01  3.243e-01      0.001
    1224  20470  3.7773335  1.019e-01  3.239e-01      0.001
    1225  20473  3.7764728  1.020e-01  3.236e-01      0.001
    1226  20479  3.7772157  1.020e-01  3.233e-01      0.001
    1227  20493  3.7802629  1.021e-01  3.230e-01      0.001
    1228  20537   3.775595  1.020e-01  3.227e-01      0.001
    1229  20537   3.775595  1.020e-01  3.223e-01      0.001
    1230  20538  3.7753047  1.021e-01  3.220e-01      0.001
    1231  20545   3.776812  1.021e-01  3.217e-01      0.001
    1232  20556  3.7791334  1.021e-01  3.214e-01      0.001
    1233  20565  3.7800094  1.021e-01  3.210e-01      0.001
    1234  20578  3.7791471  1.021e-01  3.207e-01      0.001
    1235  20581  3.7782777  1.021e-01  3.204e-01      0.001
    1236  20588  3.7778376  1.021e-01  3.201e-01      0.001
    1237  20593  3.7765386  1.022e-01  3.198e-01      0.001
    1238  20599  3.7754879  1.022e-01  3.194e-01      0.001
    1239  20603  3.7749651  1.022e-01  3.191e-01      0.001
    1240  20609  3.7749112  1.022e-01  3.188e-01      0.001
    1241  20615  3.7732496  1.022e-01  3.185e-01      0.001
    1242  20619   3.774651  1.022e-01  3.182e-01      0.001
    1243  20629  3.7738585  1.023e-01  3.179e-01      0.001
    1244  20633  3.7732176  1.023e-01  3.175e-01      0.001
    1245  20639  3.7740483  1.023e-01  3.172e-01      0.001
    1246  20647  3.7727714  1.023e-01  3.169e-01      0.001
    1247  20651  3.7723051  1.023e-01  3.166e-01      0.001
    1248  20657  3.7712043  1.023e-01  3.163e-01      0.001
    1249  20663  3.7731949  1.024e-01  3.160e-01      0.001
    1250  20690  3.7699698  1.025e-01  3.156e-01      0.001
    1251  20700  3.7719621  1.024e-01  3.153e-01      0.001
    1252  20711  3.7692863  1.023e-01  3.150e-01      0.001
    1253  20713  3.7687122  1.023e-01  3.147e-01      0.001
    1254  20720  3.7700789  1.024e-01  3.144e-01      0.001
    1255  20737  3.7724349  1.025e-01  3.141e-01      0.001
    1256  20774   3.771514  1.026e-01  3.138e-01      0.001
    1257  20808  3.7695924  1.025e-01  3.134e-01      0.001
    1258  20808  3.7695924  1.024e-01  3.131e-01      0.001
    1259  20808  3.7695924  1.024e-01  3.128e-01      0.001
    1260  20808  3.7695924  1.024e-01  3.125e-01      0.001
    1261  20808  3.7695924  1.024e-01  3.122e-01      0.001
    1262  20808  3.7695924  1.025e-01  3.119e-01      0.001
    1263  20808  3.7695924  1.025e-01  3.116e-01      0.001
    1264  20815  3.7707127  1.025e-01  3.113e-01      0.001
    1265  20832  3.7695517  1.026e-01  3.109e-01      0.001
    1266  20846  3.7655942  1.023e-01  3.106e-01      0.001
    1267  20846  3.7655942  1.022e-01  3.103e-01      0.001
    1268  20846  3.7655942  1.022e-01  3.100e-01      0.001
    1269  20846  3.7655942  1.022e-01  3.097e-01      0.001
    1270  20846  3.7655942  1.023e-01  3.094e-01      0.001
    1271  20846  3.7655942  1.023e-01  3.091e-01      0.001
    1272  20846  3.7655942  1.023e-01  3.088e-01      0.001
    1273  20846  3.7655942  1.023e-01  3.085e-01      0.001
    1274  20856  3.7660197  1.024e-01  3.082e-01      0.001
    1275  20881  3.7660794  1.024e-01  3.078e-01      0.001
    1276  20881  3.7660794  1.024e-01  3.075e-01      0.001
    1277  20882  3.7660149  1.024e-01  3.072e-01      0.001
    1278  20891  3.7647554  1.025e-01  3.069e-01      0.001
    1279  20906  3.7650817  1.027e-01  3.066e-01      0.001
    1280  20963  3.7597543  1.026e-01  3.063e-01      0.001
    1281  20963  3.7597543  1.025e-01  3.060e-01      0.001
    1282  20963  3.7597543  1.026e-01  3.057e-01      0.001
    1283  20963  3.7597543  1.026e-01  3.054e-01      0.001
    1284  20963  3.7597543  1.026e-01  3.051e-01      0.001
    1285  20964  3.7606118  1.028e-01  3.048e-01      0.001
    1286  21016  3.7581634  1.032e-01  3.045e-01      0.001
    1287  21080  3.7603302  1.037e-01  3.042e-01      0.001
    1288  21179   3.773957  1.045e-01  3.039e-01      0.001
    1289  21377   3.779898  1.054e-01  3.036e-01      0.001
    1290  21545  3.7851663  1.055e-01  3.033e-01      0.001
    1291  21545  3.7851663  1.055e-01  3.030e-01      0.001
    1292  21545  3.7851663  1.055e-01  3.027e-01      0.001
    1293  21556  3.7816719  1.048e-01  3.024e-01      0.001
    1294  21556  3.7816719  1.043e-01  3.021e-01      0.001
    1295  21556  3.7816719  1.044e-01  3.018e-01      0.001
    1296  21556  3.7816719  1.044e-01  3.015e-01      0.001
    1297  21556  3.7816719  1.044e-01  3.012e-01      0.001
    1298  21556  3.7816719  1.045e-01  3.009e-01      0.001
    1299  21556  3.7816719  1.045e-01  3.006e-01      0.001
    1300  21556  3.7816719  1.045e-01  3.003e-01      0.001
    1301  21556  3.7816719  1.046e-01  3.000e-01      0.001
    1302  21556  3.7816719  1.046e-01  2.997e-01      0.001
    1303  21558  3.7823244  1.048e-01  2.994e-01      0.001
    1304  21565   3.784862  1.055e-01  2.991e-01      0.001
    1305  21747  3.8012911  1.071e-01  2.988e-01      0.001
    1306  22139  3.8094048  1.082e-01  2.985e-01      0.001
    1307  22286  3.8019022  1.070e-01  2.982e-01      0.001
    1308  22286  3.8019022  1.061e-01  2.979e-01      0.001
    1309  22286  3.8019022  1.062e-01  2.976e-01      0.001
    1310  22286  3.8019022  1.062e-01  2.973e-01      0.001
    1311  22286  3.8019022  1.062e-01  2.970e-01      0.001
    1312  22286  3.8019022  1.063e-01  2.967e-01      0.001
    1313  22286  3.8019022  1.063e-01  2.964e-01      0.001
    1314  22286  3.8019022  1.064e-01  2.961e-01      0.001
    1315  22286  3.8019022  1.064e-01  2.958e-01      0.001
    1316  22286  3.8019022  1.064e-01  2.955e-01      0.001
    1317  22286  3.8019022  1.065e-01  2.952e-01      0.001
    1318  22286  3.8019022  1.065e-01  2.949e-01      0.001
    1319  22286  3.8019022  1.065e-01  2.946e-01      0.001
    1320  22286  3.8019022  1.066e-01  2.943e-01      0.001
    1321  22286  3.8019022  1.066e-01  2.940e-01      0.001
    1322  22286  3.8019022  1.067e-01  2.937e-01      0.001
    1323  22286  3.8019022  1.067e-01  2.934e-01      0.001
    1324  22286  3.8019022  1.067e-01  2.931e-01      0.001
    1325  22286  3.8019022  1.068e-01  2.928e-01      0.001
    1326  22286  3.8019022  1.068e-01  2.925e-01      0.001
    1327  22286  3.8019022  1.069e-01  2.923e-01      0.001
    1328  22287  3.8021901  1.070e-01  2.920e-01      0.001
    1329  22301  3.8008669  1.070e-01  2.917e-01      0.001
    1330  22312  3.8023716  1.074e-01  2.914e-01      0.001
    1331  22417   3.804999  1.081e-01  2.911e-01      0.001
    1332  22581  3.7973451  1.057e-01  2.908e-01      0.001
    1333  22581  3.7973451  1.041e-01  2.905e-01      0.001
    1334  22581  3.7973451  1.041e-01  2.902e-01      0.001
    1335  22581  3.7973451  1.042e-01  2.899e-01      0.001
    1336  22581  3.7973451  1.042e-01  2.896e-01      0.001
    1337  22581  3.7973451  1.042e-01  2.894e-01      0.001
    1338  22581  3.7973451  1.043e-01  2.891e-01      0.001
    1339  22581  3.7973451  1.043e-01  2.888e-01      0.001
    1340  22581  3.7973451  1.043e-01  2.885e-01      0.001
    1341  22581  3.7973451  1.044e-01  2.882e-01      0.001
    1342  22581  3.7973451  1.044e-01  2.879e-01      0.001
    1343  22581  3.7973451  1.044e-01  2.876e-01      0.001
    1344  22581  3.7973451  1.045e-01  2.873e-01      0.001
    1345  22581  3.7973451  1.045e-01  2.870e-01      0.001
    1346  22581  3.7973451  1.045e-01  2.868e-01      0.001
    1347  22581  3.7973451  1.046e-01  2.865e-01      0.001
    1348  22581  3.7973451  1.046e-01  2.862e-01      0.001
    1349  22581  3.7973451  1.047e-01  2.859e-01      0.001
    1350  22581  3.7973451  1.047e-01  2.856e-01      0.001
    1351  22581  3.7973451  1.047e-01  2.853e-01      0.001
    1352  22581  3.7973451  1.048e-01  2.850e-01      0.001
    1353  22581  3.7973451  1.048e-01  2.848e-01      0.001
    1354  22581  3.7973451  1.048e-01  2.845e-01      0.001
    1355  22581  3.7973451  1.049e-01  2.842e-01      0.001
    1356  22581  3.7973451  1.049e-01  2.839e-01      0.001
    1357  22581  3.7973451  1.049e-01  2.836e-01      0.001
    1358  22581  3.7973451  1.050e-01  2.833e-01      0.001
    1359  22581  3.7973451  1.050e-01  2.831e-01      0.001
    1360  22581  3.7973451  1.051e-01  2.828e-01      0.001
    1361  22581  3.7973451  1.051e-01  2.825e-01      0.001
    1362  22581  3.7973451  1.051e-01  2.822e-01      0.001
    1363  22581  3.7973451  1.052e-01  2.819e-01      0.001
    1364  22581  3.7973451  1.052e-01  2.816e-01      0.001
    1365  22581  3.7973451  1.052e-01  2.814e-01      0.001
    1366  22581  3.7973451  1.053e-01  2.811e-01      0.001
    1367  22581  3.7973451  1.053e-01  2.808e-01      0.001
    1368  22581  3.7973451  1.054e-01  2.805e-01      0.001
    1369  22581  3.7973451  1.054e-01  2.802e-01      0.001
    1370  22583  3.7978401  1.055e-01  2.800e-01      0.001
    1371  22590  3.7987911  1.059e-01  2.797e-01      0.001
    1372  22639  3.7946731  1.051e-01  2.794e-01      0.001
    1373  22639  3.7946731  1.045e-01  2.791e-01      0.001
    1374  22639  3.7946731  1.046e-01  2.788e-01      0.001
    1375  22639  3.7946731  1.046e-01  2.786e-01      0.001
    1376  22639  3.7946731  1.046e-01  2.783e-01      0.001
    1377  22639  3.7946731  1.047e-01  2.780e-01      0.001
    1378  22639  3.7946731  1.047e-01  2.777e-01      0.001
    1379  22639  3.7946731  1.047e-01  2.775e-01      0.001
    1380  22639  3.7946731  1.048e-01  2.772e-01      0.001
    1381  22639  3.7946731  1.048e-01  2.769e-01      0.001
    1382  22639  3.7946731  1.049e-01  2.766e-01      0.001
    1383  22639  3.7946731  1.049e-01  2.763e-01      0.001
    1384  22639  3.7946731  1.049e-01  2.761e-01      0.001
    1385  22639  3.7946731  1.050e-01  2.758e-01      0.001
    1386  22639  3.7946731  1.050e-01  2.755e-01      0.001
    1387  22639  3.7946731  1.050e-01  2.752e-01      0.001
    1388  22640  3.7939626  1.049e-01  2.750e-01      0.001
    1389  22640  3.7939626  1.048e-01  2.747e-01      0.001
    1390  22640  3.7939626  1.049e-01  2.744e-01      0.001
    1391  22640  3.7939626  1.049e-01  2.741e-01      0.001
    1392  22642   3.795092  1.052e-01  2.739e-01      0.001
    1393  22742  3.7945585  1.046e-01  2.736e-01      0.001
    1394  22742  3.7945585  1.042e-01  2.733e-01      0.001
    1395  22742  3.7945585  1.042e-01  2.731e-01      0.001
    1396  22742  3.7945585  1.042e-01  2.728e-01      0.001
    1397  22742  3.7945585  1.043e-01  2.725e-01      0.001
    1398  22742  3.7945585  1.043e-01  2.722e-01      0.001
    1399  22742  3.7945585  1.044e-01  2.720e-01      0.001
    1400  22742  3.7945585  1.044e-01  2.717e-01      0.001
    1401  22742  3.7945585  1.044e-01  2.714e-01      0.001
    1402  22742  3.7945585  1.045e-01  2.711e-01      0.001
    1403  22742  3.7945585  1.045e-01  2.709e-01      0.001
    1404  22742  3.7945585  1.045e-01  2.706e-01      0.001
    1405  22742  3.7945585  1.046e-01  2.703e-01      0.001
    1406  22742  3.7945585  1.046e-01  2.701e-01      0.001
    1407  22756  3.7935327  1.046e-01  2.698e-01      0.001
    1408  22766  3.7935086  1.045e-01  2.695e-01      0.001
    1409  22766  3.7935086  1.045e-01  2.693e-01      0.001
    1410  22766  3.7935086  1.045e-01  2.690e-01      0.001
    1411  22775  3.7924202  1.045e-01  2.687e-01      0.001
    1412  22790  3.7907025  1.047e-01  2.685e-01      0.001
    1413  22827  3.7958867  1.048e-01  2.682e-01      0.001
    1414  22890  3.7946032  1.053e-01  2.679e-01      0.001
    1415  23029  3.7908266  1.056e-01  2.676e-01      0.001
    1416  23053  3.7891829  1.056e-01  2.674e-01      0.001
    1417  23053  3.7891829  1.057e-01  2.671e-01      0.001
    1418  23063  3.7880471  1.057e-01  2.668e-01      0.001
    1419  23092  3.7935148  1.060e-01  2.666e-01      0.001
    1420  23197  3.7870039  1.054e-01  2.663e-01      0.001
    1421  23197  3.7870039  1.049e-01  2.660e-01      0.001
    1422  23197  3.7870039  1.049e-01  2.658e-01      0.001
    1423  23197  3.7870039  1.050e-01  2.655e-01      0.001
    1424  23198  3.7871989  1.051e-01  2.653e-01      0.002
    1425  23202  3.7867712  1.050e-01  2.650e-01      0.002
    1426  23202  3.7867712  1.050e-01  2.647e-01      0.002
    1427  23203  3.7873342  1.052e-01  2.645e-01      0.002
    1428  23212  3.7883859  1.055e-01  2.642e-01      0.002
    1429  23253  3.7878596  1.069e-01  2.639e-01      0.002
    1430  23636  3.8211562  1.105e-01  2.637e-01      0.002
    1431  24933  3.8099774  1.088e-01  2.634e-01      0.002
    1432  24933  3.8099774  1.069e-01  2.631e-01      0.002
    1433  24933  3.8099774  1.070e-01  2.629e-01      0.002
    1434  24933  3.8099774  1.070e-01  2.626e-01      0.002
    1435  24933  3.8099774  1.071e-01  2.624e-01      0.002
    1436  24933  3.8099774  1.071e-01  2.621e-01      0.002
    1437  24933  3.8099774  1.072e-01  2.618e-01      0.002
    1438  24933  3.8099774  1.072e-01  2.616e-01      0.002
    1439  24933  3.8099774  1.072e-01  2.613e-01      0.002
    1440  24933  3.8099774  1.073e-01  2.610e-01      0.002
    1441  24933  3.8099774  1.073e-01  2.608e-01      0.002
    1442  24933  3.8099774  1.074e-01  2.605e-01      0.002
    1443  24933  3.8099774  1.074e-01  2.603e-01      0.002
    1444  24933  3.8099774  1.075e-01  2.600e-01      0.002
    1445  24933  3.8099774  1.075e-01  2.597e-01      0.002
    1446  24933  3.8099774  1.076e-01  2.595e-01      0.002
    1447  24933  3.8099774  1.076e-01  2.592e-01      0.002
    1448  24933  3.8099774  1.077e-01  2.590e-01      0.002
    1449  24933  3.8099774  1.077e-01  2.587e-01      0.002
    1450  24933  3.8099774  1.078e-01  2.584e-01      0.002
    1451  24933  3.8099774  1.078e-01  2.582e-01      0.002
    1452  24933  3.8099774  1.079e-01  2.579e-01      0.002
    1453  24933  3.8099774  1.079e-01  2.577e-01      0.002
    1454  24933  3.8099774  1.079e-01  2.574e-01      0.002
    1455  24933  3.8099774  1.080e-01  2.572e-01      0.002
    1456  24933  3.8099774  1.080e-01  2.569e-01      0.002
    1457  24933  3.8099774  1.081e-01  2.566e-01      0.002
    1458  24933  3.8099774  1.081e-01  2.564e-01      0.002
    1459  24933  3.8099774  1.082e-01  2.561e-01      0.002
    1460  24933  3.8099774  1.082e-01  2.559e-01      0.002
    1461  24933  3.8099774  1.083e-01  2.556e-01      0.002
    1462  24933  3.8099774  1.083e-01  2.554e-01      0.002
    1463  24933  3.8099774  1.084e-01  2.551e-01      0.002
    1464  24933  3.8099774  1.084e-01  2.549e-01      0.002
    1465  24933  3.8099774  1.085e-01  2.546e-01      0.002
    1466  24933  3.8099774  1.085e-01  2.543e-01      0.002
    1467  24934  3.8099592  1.086e-01  2.541e-01      0.002
    1468  24937  3.8106359  1.088e-01  2.538e-01      0.002
    1469  24952  3.8134471  1.099e-01  2.536e-01      0.002
    1470  25261  3.8105291  1.093e-01  2.533e-01      0.002
    1471  25261  3.8105291  1.086e-01  2.531e-01      0.002
    1472  25261  3.8105291  1.087e-01  2.528e-01      0.002
    1473  25261  3.8105291  1.087e-01  2.526e-01      0.002
    1474  25261  3.8105291  1.088e-01  2.523e-01      0.002
    1475  25261  3.8105291  1.088e-01  2.521e-01      0.002
    1476  25261  3.8105291  1.089e-01  2.518e-01      0.002
    1477  25261  3.8105291  1.089e-01  2.516e-01      0.002
    1478  25261  3.8105291  1.090e-01  2.513e-01      0.002
    1479  25261  3.8105291  1.090e-01  2.511e-01      0.002
    1480  25261  3.8105291  1.091e-01  2.508e-01      0.002
    1481  25261  3.8105291  1.091e-01  2.506e-01      0.002
    1482  25261  3.8105291  1.092e-01  2.503e-01      0.002
    1483  25261  3.8105291  1.092e-01  2.501e-01      0.002
    1484  25261  3.8105291  1.093e-01  2.498e-01      0.002
    1485  25261  3.8105291  1.093e-01  2.496e-01      0.002
    1486  25261  3.8105291  1.094e-01  2.493e-01      0.002
    1487  25261  3.8105291  1.094e-01  2.491e-01      0.002
    1488  25276  3.8134488  1.095e-01  2.488e-01      0.002
    1489  25310  3.8146985  1.095e-01  2.486e-01      0.002
    1490  25329  3.8168074  1.093e-01  2.483e-01      0.002
    1491  25329  3.8168074  1.092e-01  2.481e-01      0.002
    1492  25329  3.8168074  1.093e-01  2.478e-01      0.002
    1493  25340  3.8177046  1.093e-01  2.476e-01      0.002
    1494  25364  3.8144473  1.080e-01  2.473e-01      0.002
    1495  25364  3.8144473  1.072e-01  2.471e-01      0.002
    1496  25364  3.8144473  1.072e-01  2.468e-01      0.002
    1497  25364  3.8144473  1.073e-01  2.466e-01      0.002
    1498  25364  3.8144473  1.073e-01  2.463e-01      0.002
    1499  25364  3.8144473  1.074e-01  2.461e-01      0.002
    1500  25364  3.8144473  1.074e-01  2.458e-01      0.002
    1501  25364  3.8144473  1.075e-01  2.456e-01      0.002
    1502  25364  3.8144473  1.075e-01  2.454e-01      0.002
    1503  25364  3.8144473  1.076e-01  2.451e-01      0.002
    1504  25364  3.8144473  1.076e-01  2.449e-01      0.002
    1505  25364  3.8144473  1.077e-01  2.446e-01      0.002
    1506  25364  3.8144473  1.077e-01  2.444e-01      0.002
    1507  25364  3.8144473  1.078e-01  2.441e-01      0.002
    1508  25364  3.8144473  1.078e-01  2.439e-01      0.002
    1509  25364  3.8144473  1.078e-01  2.436e-01      0.002
    1510  25364  3.8144473  1.079e-01  2.434e-01      0.002
    1511  25365  3.8146196  1.080e-01  2.432e-01      0.002
    1512  25376  3.8126013  1.073e-01  2.429e-01      0.002
    1513  25376  3.8126013  1.068e-01  2.427e-01      0.002
    1514  25376  3.8126013  1.068e-01  2.424e-01      0.002
    1515  25376  3.8126013  1.069e-01  2.422e-01      0.002
    1516  25376  3.8126013  1.069e-01  2.419e-01      0.002
    1517  25376  3.8126013  1.070e-01  2.417e-01      0.002
    1518  25376  3.8126013  1.070e-01  2.415e-01      0.002
    1519  25376  3.8126013  1.071e-01  2.412e-01      0.002
    1520  25376  3.8126013  1.071e-01  2.410e-01      0.002
    1521  25376  3.8126013  1.072e-01  2.407e-01      0.002
    1522  25376  3.8126013  1.072e-01  2.405e-01      0.002
    1523  25376  3.8126013  1.073e-01  2.403e-01      0.002
    1524  25385  3.8129638  1.072e-01  2.400e-01      0.002
    1525  25388  3.8136669  1.073e-01  2.398e-01      0.002
    1526  25421  3.8157304  1.058e-01  2.395e-01      0.002
    1527  25421  3.8157304  1.049e-01  2.393e-01      0.002
    1528  25421  3.8157304  1.050e-01  2.391e-01      0.002
    1529  25421  3.8157304  1.050e-01  2.388e-01      0.002
    1530  25421  3.8157304  1.050e-01  2.386e-01      0.002
    1531  25421  3.8157304  1.051e-01  2.383e-01      0.002
    1532  25421  3.8157304  1.051e-01  2.381e-01      0.002
    1533  25421  3.8157304  1.052e-01  2.379e-01      0.002
    1534  25421  3.8157304  1.052e-01  2.376e-01      0.002
    1535  25421  3.8157304  1.053e-01  2.374e-01      0.002
    1536  25421  3.8157304  1.053e-01  2.372e-01      0.002
    1537  25421  3.8157304  1.054e-01  2.369e-01      0.002
    1538  25421  3.8157304  1.054e-01  2.367e-01      0.002
    1539  25421  3.8157304  1.054e-01  2.365e-01      0.002
    1540  25421  3.8157304  1.055e-01  2.362e-01      0.002
    1541  25421  3.8157304  1.055e-01  2.360e-01      0.002
    1542  25421  3.8157304  1.056e-01  2.357e-01      0.002
    1543  25421  3.8157304  1.056e-01  2.355e-01      0.002
    1544  25421  3.8157304  1.057e-01  2.353e-01      0.002
    1545  25421  3.8157304  1.057e-01  2.350e-01      0.002
    1546  25422  3.8159033  1.058e-01  2.348e-01      0.002
    1547  25459  3.8136665  1.060e-01  2.346e-01      0.002
    1548  25520  3.8120514  1.066e-01  2.343e-01      0.002
    1549  25797  3.8051191  1.053e-01  2.341e-01      0.002
    1550  25797  3.8051191  1.044e-01  2.339e-01      0.002
    1551  25797  3.8051191  1.045e-01  2.336e-01      0.002
    1552  25797  3.8051191  1.045e-01  2.334e-01      0.002
    1553  25797  3.8051191  1.046e-01  2.332e-01      0.002
    1554  25797  3.8051191  1.046e-01  2.329e-01      0.002
    1555  25797  3.8051191  1.046e-01  2.327e-01      0.002
    1556  25797  3.8051191  1.047e-01  2.325e-01      0.002
    1557  25797  3.8051191  1.047e-01  2.322e-01      0.002
    1558  25797  3.8051191  1.048e-01  2.320e-01      0.002
    1559  25797  3.8051191  1.048e-01  2.318e-01      0.002
    1560  25797  3.8051191  1.049e-01  2.315e-01      0.002
    1561  25797  3.8051191  1.049e-01  2.313e-01      0.002
    1562  25797  3.8051191  1.050e-01  2.311e-01      0.002
    1563  25797  3.8051191  1.050e-01  2.308e-01      0.002
    1564  25797  3.8051191  1.050e-01  2.306e-01      0.002
    1565  25797  3.8051191  1.051e-01  2.304e-01      0.002
    1566  25797  3.8051191  1.051e-01  2.302e-01      0.002
    1567  25797  3.8051191  1.052e-01  2.299e-01      0.002
    1568  25797  3.8051191  1.052e-01  2.297e-01      0.002
    1569  25797  3.8051191  1.053e-01  2.295e-01      0.002
    1570  25797  3.8051191  1.053e-01  2.292e-01      0.002
    1571  25797  3.8051191  1.054e-01  2.290e-01      0.002
    1572  25797  3.8051191  1.054e-01  2.288e-01      0.002
    1573  25797  3.8051191  1.055e-01  2.286e-01      0.002
    1574  25797  3.8051191  1.055e-01  2.283e-01      0.002
    1575  25808  3.8059274  1.055e-01  2.281e-01      0.002
    1576  25835  3.8026117  1.057e-01  2.279e-01      0.002
    1577  25897  3.8053611  1.048e-01  2.276e-01      0.002
    1578  25897  3.8053611  1.042e-01  2.274e-01      0.002
    1579  25897  3.8053611  1.042e-01  2.272e-01      0.002
    1580  25897  3.8053611  1.043e-01  2.270e-01      0.002
    1581  25897  3.8053611  1.043e-01  2.267e-01      0.002
    1582  25897  3.8053611  1.044e-01  2.265e-01      0.002
    1583  25897  3.8053611  1.044e-01  2.263e-01      0.002
    1584  25897  3.8053611  1.045e-01  2.261e-01      0.002
    1585  25897  3.8053611  1.045e-01  2.258e-01      0.002
    1586  25897  3.8053611  1.045e-01  2.256e-01      0.002
    1587  25897  3.8053611  1.046e-01  2.254e-01      0.002
    1588  25897  3.8053611  1.046e-01  2.251e-01      0.002
    1589  25897  3.8053611  1.047e-01  2.249e-01      0.002
    1590  25897  3.8053611  1.047e-01  2.247e-01      0.002
    1591  25897  3.8053611  1.048e-01  2.245e-01      0.002
    1592  25900  3.8047871  1.048e-01  2.243e-01      0.002
    1593  25927  3.8068693  1.051e-01  2.240e-01      0.002
    1594  26089  3.8071005  1.035e-01  2.238e-01      0.002
    1595  26089  3.8071005  1.024e-01  2.236e-01      0.002
    1596  26089  3.8071005  1.025e-01  2.234e-01      0.002
    1597  26089  3.8071005  1.025e-01  2.231e-01      0.002
    1598  26089  3.8071005  1.025e-01  2.229e-01      0.002
    1599  26089  3.8071005  1.026e-01  2.227e-01      0.002
    1600  26089  3.8071005  1.026e-01  2.225e-01      0.002
    1601  26089  3.8071005  1.027e-01  2.222e-01      0.002
    1602  26089  3.8071005  1.027e-01  2.220e-01      0.002
    1603  26089  3.8071005  1.028e-01  2.218e-01      0.002
    1604  26089  3.8071005  1.028e-01  2.216e-01      0.002
    1605  26089  3.8071005  1.028e-01  2.214e-01      0.002
    1606  26089  3.8071005  1.029e-01  2.211e-01      0.002
    1607  26089  3.8071005  1.029e-01  2.209e-01      0.002
    1608  26089  3.8071005  1.030e-01  2.207e-01      0.002
    1609  26089  3.8071005  1.030e-01  2.205e-01      0.002
    1610  26089  3.8071005  1.031e-01  2.203e-01      0.002
    1611  26089  3.8071005  1.031e-01  2.200e-01      0.002
    1612  26089  3.8071005  1.031e-01  2.198e-01      0.002
    1613  26089  3.8071005  1.032e-01  2.196e-01      0.002
    1614  26089  3.8071005  1.032e-01  2.194e-01      0.002
    1615  26089  3.8071005  1.033e-01  2.192e-01      0.002
    1616  26089  3.8071005  1.033e-01  2.189e-01      0.002
    1617  26089  3.8071005  1.034e-01  2.187e-01      0.002
    1618  26089  3.8071005  1.034e-01  2.185e-01      0.002
    1619  26089  3.8071005  1.034e-01  2.183e-01      0.002
    1620  26090  3.8072667  1.035e-01  2.181e-01      0.002
    1621  26131  3.8043981  1.039e-01  2.178e-01      0.002
    1622  26308  3.8066735  1.093e-01  2.176e-01      0.002
    1623  29293  3.8247141  1.037e-01  2.174e-01      0.002
    1624  29293  3.8247141  9.896e-02  2.172e-01      0.002
    1625  29293  3.8247141  9.901e-02  2.170e-01      0.002
    1626  29293  3.8247141  9.905e-02  2.168e-01      0.002
    1627  29293  3.8247141  9.909e-02  2.165e-01      0.002
    1628  29293  3.8247141  9.914e-02  2.163e-01      0.002
    1629  29293  3.8247141  9.918e-02  2.161e-01      0.002
    1630  29293  3.8247141  9.923e-02  2.159e-01      0.002
    1631  29293  3.8247141  9.927e-02  2.157e-01      0.002
    1632  29293  3.8247141  9.931e-02  2.155e-01      0.002
    1633  29293  3.8247141  9.936e-02  2.152e-01      0.002
    1634  29293  3.8247141  9.940e-02  2.150e-01      0.002
    1635  29293  3.8247141  9.945e-02  2.148e-01      0.002
    1636  29293  3.8247141  9.949e-02  2.146e-01      0.002
    1637  29293  3.8247141  9.953e-02  2.144e-01      0.002
    1638  29293  3.8247141  9.958e-02  2.142e-01      0.002
    1639  29293  3.8247141  9.962e-02  2.140e-01      0.002
    1640  29293  3.8247141  9.967e-02  2.137e-01      0.002
    1641  29293  3.8247141  9.971e-02  2.135e-01      0.002
    1642  29293  3.8247141  9.976e-02  2.133e-01      0.002
    1643  29293  3.8247141  9.980e-02  2.131e-01      0.002
    1644  29293  3.8247141  9.985e-02  2.129e-01      0.002
    1645  29293  3.8247141  9.989e-02  2.127e-01      0.002
    1646  29293  3.8247141  9.994e-02  2.125e-01      0.002
    1647  29293  3.8247141  9.998e-02  2.123e-01      0.002
    1648  29293  3.8247141  1.000e-01  2.120e-01      0.002
    1649  29293  3.8247141  1.001e-01  2.118e-01      0.002
    1650  29293  3.8247141  1.001e-01  2.116e-01      0.002
    1651  29293  3.8247141  1.002e-01  2.114e-01      0.002
    1652  29293  3.8247141  1.002e-01  2.112e-01      0.002
    1653  29293  3.8247141  1.003e-01  2.110e-01      0.002
    1654  29293  3.8247141  1.003e-01  2.108e-01      0.002
    1655  29293  3.8247141  1.003e-01  2.106e-01      0.002
    1656  29293  3.8247141  1.004e-01  2.104e-01      0.002
    1657  29293  3.8247141  1.004e-01  2.101e-01      0.002
    1658  29293  3.8247141  1.005e-01  2.099e-01      0.002
    1659  29293  3.8247141  1.005e-01  2.097e-01      0.002
    1660  29293  3.8247141  1.006e-01  2.095e-01      0.002
    1661  29293  3.8247141  1.006e-01  2.093e-01      0.002
    1662  29293  3.8247141  1.007e-01  2.091e-01      0.002
    1663  29293  3.8247141  1.007e-01  2.089e-01      0.002
    1664  29293  3.8247141  1.008e-01  2.087e-01      0.002
    1665  29293  3.8247141  1.008e-01  2.085e-01      0.002
    1666  29293  3.8247141  1.008e-01  2.083e-01      0.002
    1667  29293  3.8247141  1.009e-01  2.081e-01      0.002
    1668  29293  3.8247141  1.009e-01  2.078e-01      0.002
    1669  29293  3.8247141  1.010e-01  2.076e-01      0.002
    1670  29293  3.8247141  1.010e-01  2.074e-01      0.002
    1671  29293  3.8247141  1.011e-01  2.072e-01      0.002
    1672  29293  3.8247141  1.011e-01  2.070e-01      0.002
    1673  29293  3.8247141  1.012e-01  2.068e-01      0.002
    1674  29293  3.8247141  1.012e-01  2.066e-01      0.002
    1675  29293  3.8247141  1.013e-01  2.064e-01      0.002
    1676  29293  3.8247141  1.013e-01  2.062e-01      0.002
    1677  29293  3.8247141  1.014e-01  2.060e-01      0.002
    1678  29293  3.8247141  1.014e-01  2.058e-01      0.002
    1679  29293  3.8247141  1.015e-01  2.056e-01      0.002
    1680  29293  3.8247141  1.015e-01  2.054e-01      0.002
    1681  29293  3.8247141  1.015e-01  2.052e-01      0.002
    1682  29293  3.8247141  1.016e-01  2.050e-01      0.002
    1683  29293  3.8247141  1.016e-01  2.048e-01      0.002
    1684  29293  3.8247141  1.017e-01  2.045e-01      0.002
    1685  29293  3.8247141  1.017e-01  2.043e-01      0.002
    1686  29293  3.8247141  1.018e-01  2.041e-01      0.002
    1687  29293  3.8247141  1.018e-01  2.039e-01      0.002
    1688  29293  3.8247141  1.019e-01  2.037e-01      0.002
    1689  29293  3.8247141  1.019e-01  2.035e-01      0.002
    1690  29293  3.8247141  1.020e-01  2.033e-01      0.002
    1691  29293  3.8247141  1.020e-01  2.031e-01      0.002
    1692  29293  3.8247141  1.021e-01  2.029e-01      0.002
    1693  29293  3.8247141  1.021e-01  2.027e-01      0.002
    1694  29293  3.8247141  1.022e-01  2.025e-01      0.002
    1695  29293  3.8247141  1.022e-01  2.023e-01      0.002
    1696  29293  3.8247141  1.023e-01  2.021e-01      0.002
    1697  29293  3.8247141  1.023e-01  2.019e-01      0.002
    1698  29293  3.8247141  1.024e-01  2.017e-01      0.002
    1699  29293  3.8247141  1.024e-01  2.015e-01      0.002
    1700  29293  3.8247141  1.025e-01  2.013e-01      0.002
    1701  29293  3.8247141  1.025e-01  2.011e-01      0.002
    1702  29293  3.8247141  1.026e-01  2.009e-01      0.002
    1703  29293  3.8247141  1.026e-01  2.007e-01      0.002
    1704  29293  3.8247141  1.027e-01  2.005e-01      0.002
    1705  29293  3.8247141  1.027e-01  2.003e-01      0.002
    1706  29293  3.8247141  1.028e-01  2.001e-01      0.002
    1707  29293  3.8247141  1.028e-01  1.999e-01      0.002
    1708  29293  3.8247141  1.029e-01  1.997e-01      0.002
    1709  29293  3.8247141  1.029e-01  1.995e-01      0.002
    1710  29293  3.8247141  1.030e-01  1.993e-01      0.002
    1711  29293  3.8247141  1.030e-01  1.991e-01      0.002
    1712  29293  3.8247141  1.031e-01  1.989e-01      0.002
    1713  29293  3.8247141  1.031e-01  1.987e-01      0.002
    1714  29293  3.8247141  1.032e-01  1.985e-01      0.002
    1715  29293  3.8247141  1.032e-01  1.983e-01      0.002
    1716  29293  3.8247141  1.033e-01  1.981e-01      0.002
    1717  29293  3.8247141  1.033e-01  1.979e-01      0.002
    1718  29293  3.8247141  1.034e-01  1.977e-01      0.002
    1719  29293  3.8247141  1.034e-01  1.975e-01      0.002
    1720  29293  3.8247141  1.035e-01  1.973e-01      0.002
    1721  29293  3.8247141  1.035e-01  1.971e-01      0.002
    1722  29293  3.8247141  1.036e-01  1.969e-01      0.002
    1723  29293  3.8247141  1.036e-01  1.967e-01      0.002
    1724  29293  3.8247141  1.037e-01  1.965e-01      0.002
    1725  29293  3.8247141  1.037e-01  1.963e-01      0.002
    1726  29293  3.8247141  1.038e-01  1.961e-01      0.002
    1727  29297  3.8248985  1.038e-01  1.959e-01      0.002
    1728  29334  3.8255108  1.038e-01  1.957e-01      0.002
    1729  29390  3.8323023  1.040e-01  1.956e-01      0.002
    1730  29524  3.8278829  1.045e-01  1.954e-01      0.002
    1731  29889  3.8368299  1.106e-01  1.952e-01      0.002
    1732  32285  3.8179904  1.278e-01  1.950e-01      0.002
    1733  32395  3.8288791  1.170e-01  1.948e-01      0.002
    1734  32395  3.8288791  1.170e-01  1.946e-01      0.002
    1735  32395  3.8288791  1.170e-01  1.944e-01      0.002
    1736  32395  3.8288791  1.170e-01  1.942e-01      0.002
    1737  32395  3.8288791  1.170e-01  1.940e-01      0.002
    1738  32395  3.8288791  1.170e-01  1.938e-01      0.002
    1739  32395  3.8288791  1.170e-01  1.936e-01      0.002
    1740  32395  3.8288791  1.170e-01  1.934e-01      0.002
    1741  32395  3.8288791  1.170e-01  1.932e-01      0.002
    1742  32395  3.8288791  1.170e-01  1.930e-01      0.002
    1743  32395  3.8288791  1.170e-01  1.928e-01      0.002
    1744  32395  3.8288791  1.170e-01  1.926e-01      0.002
    1745  32395  3.8288791  1.170e-01  1.925e-01      0.002
    1746  32395  3.8288791  1.170e-01  1.923e-01      0.002
    1747  32395  3.8288791  1.170e-01  1.921e-01      0.002
    1748  32395  3.8288791  1.170e-01  1.919e-01      0.002
    1749  32395  3.8288791  1.170e-01  1.917e-01      0.002
    1750  32395  3.8288791  1.170e-01  1.915e-01      0.002
    1751  32395  3.8288791  1.170e-01  1.913e-01      0.002
    1752  32395  3.8288791  1.170e-01  1.911e-01      0.002
    1753  32395  3.8288791  1.170e-01  1.909e-01      0.002
    1754  32395  3.8288791  1.170e-01  1.907e-01      0.002
    1755  32395  3.8288791  1.170e-01  1.905e-01      0.002
    1756  32395  3.8288791  1.170e-01  1.903e-01      0.002
    1757  32395  3.8288791  1.170e-01  1.902e-01      0.002
    1758  32395  3.8288791  1.170e-01  1.900e-01      0.002
    1759  32395  3.8288791  1.170e-01  1.898e-01      0.002
    1760  32395  3.8288791  1.170e-01  1.896e-01      0.002
    1761  32395  3.8288791  1.170e-01  1.894e-01      0.002
    1762  32395  3.8288791  1.170e-01  1.892e-01      0.002
    1763  32395  3.8288791  1.170e-01  1.890e-01      0.002
    1764  32395  3.8288791  1.170e-01  1.888e-01      0.002
    1765  32395  3.8288791  1.170e-01  1.886e-01      0.002
    1766  32395  3.8288791  1.170e-01  1.885e-01      0.002
    1767  32395  3.8288791  1.170e-01  1.883e-01      0.002
    1768  32395  3.8288791  1.170e-01  1.881e-01      0.002
    1769  32395  3.8288791  1.170e-01  1.879e-01      0.002
    1770  32395  3.8288791  1.170e-01  1.877e-01      0.002
    1771  32395  3.8288791  1.170e-01  1.875e-01      0.002
    1772  32395  3.8288791  1.170e-01  1.873e-01      0.002
    1773  32395  3.8288791  1.170e-01  1.871e-01      0.002
    1774  32395  3.8288791  1.170e-01  1.870e-01      0.002
    1775  32395  3.8288791  1.170e-01  1.868e-01      0.002
    1776  32395  3.8288791  1.170e-01  1.866e-01      0.002
    1777  32395  3.8288791  1.170e-01  1.864e-01      0.002
    1778  32395  3.8288791  1.170e-01  1.862e-01      0.002
    1779  32395  3.8288791  1.170e-01  1.860e-01      0.002
    1780  32395  3.8288791  1.170e-01  1.858e-01      0.002
    1781  32395  3.8288791  1.170e-01  1.856e-01      0.002
    1782  32395  3.8288791  1.170e-01  1.855e-01      0.002
    1783  32395  3.8288791  1.170e-01  1.853e-01      0.002
    1784  32395  3.8288791  1.170e-01  1.851e-01      0.002
    1785  32395  3.8288791  1.170e-01  1.849e-01      0.002
    1786  32395  3.8288791  1.170e-01  1.847e-01      0.002
    1787  32395  3.8288791  1.170e-01  1.845e-01      0.002
    1788  32395  3.8288791  1.170e-01  1.844e-01      0.002
    1789  32395  3.8288791  1.170e-01  1.842e-01      0.002
    1790  32395  3.8288791  1.170e-01  1.840e-01      0.002
    1791  32395  3.8288791  1.170e-01  1.838e-01      0.002
    1792  32395  3.8288791  1.170e-01  1.836e-01      0.002
    1793  32395  3.8288791  1.170e-01  1.834e-01      0.002
    1794  32395  3.8288791  1.170e-01  1.833e-01      0.002
    1795  32395  3.8288791  1.170e-01  1.831e-01      0.002
    1796  32395  3.8288791  1.170e-01  1.829e-01      0.002
    1797  32395  3.8288791  1.170e-01  1.827e-01      0.002
    1798  32395  3.8288791  1.170e-01  1.825e-01      0.002
    1799  32395  3.8288791  1.170e-01  1.823e-01      0.002
    1800  32395  3.8288791  1.170e-01  1.822e-01      0.002
    1801  32395  3.8288791  1.170e-01  1.820e-01      0.002
    1802  32395  3.8288791  1.170e-01  1.818e-01      0.002
    1803  32395  3.8288791  1.170e-01  1.816e-01      0.002
    1804  32395  3.8288791  1.170e-01  1.814e-01      0.002
    1805  32395  3.8288791  1.170e-01  1.812e-01      0.002
    1806  32395  3.8288791  1.170e-01  1.811e-01      0.002
    1807  32395  3.8288791  1.170e-01  1.809e-01      0.002
    1808  32395  3.8288791  1.170e-01  1.807e-01      0.002
    1809  32395  3.8288791  1.170e-01  1.805e-01      0.002
    1810  32395  3.8288791  1.170e-01  1.803e-01      0.002
    1811  32395  3.8288791  1.170e-01  1.802e-01      0.002
    1812  32395  3.8288791  1.170e-01  1.800e-01      0.002
    1813  32395  3.8288791  1.170e-01  1.798e-01      0.002
    1814  32395  3.8288791  1.170e-01  1.796e-01      0.002
    1815  32395  3.8288791  1.170e-01  1.794e-01      0.002
    1816  32395  3.8288791  1.170e-01  1.793e-01      0.002
    1817  32395  3.8288791  1.170e-01  1.791e-01      0.002
    1818  32395  3.8288791  1.170e-01  1.789e-01      0.002
    1819  32395  3.8288791  1.170e-01  1.787e-01      0.002
    1820  32395  3.8288791  1.170e-01  1.786e-01      0.002
    1821  32395  3.8288791  1.170e-01  1.784e-01      0.002
    1822  32395  3.8288791  1.170e-01  1.782e-01      0.002
    1823  32395  3.8288791  1.170e-01  1.780e-01      0.002
    1824  32395  3.8288791  1.170e-01  1.778e-01      0.002
    1825  32395  3.8288791  1.170e-01  1.777e-01      0.002
    1826  32395  3.8288791  1.170e-01  1.775e-01      0.002
    1827  32395  3.8288791  1.170e-01  1.773e-01      0.002
    1828  32395  3.8288791  1.170e-01  1.771e-01      0.002
    1829  32395  3.8288791  1.170e-01  1.770e-01      0.002
    1830  32395  3.8288791  1.170e-01  1.768e-01      0.002
    1831  32395  3.8288791  1.170e-01  1.766e-01      0.002
    1832  32395  3.8288791  1.170e-01  1.764e-01      0.002
    1833  32395  3.8288791  1.170e-01  1.762e-01      0.002
    1834  32395  3.8288791  1.170e-01  1.761e-01      0.002
    1835  32395  3.8288791  1.170e-01  1.759e-01      0.002
    1836  32395  3.8288791  1.170e-01  1.757e-01      0.002
    1837  32395  3.8288791  1.170e-01  1.755e-01      0.002
    1838  32395  3.8288791  1.170e-01  1.754e-01      0.002
    1839  32395  3.8288791  1.170e-01  1.752e-01      0.002
    1840  32395  3.8288791  1.170e-01  1.750e-01      0.002
    1841  32395  3.8288791  1.170e-01  1.748e-01      0.002
    1842  32395  3.8288791  1.170e-01  1.747e-01      0.002
    1843  32395  3.8288791  1.170e-01  1.745e-01      0.002
    1844  32395  3.8288791  1.170e-01  1.743e-01      0.002
    1845  32395  3.8288791  1.170e-01  1.741e-01      0.002
    1846  32395  3.8288791  1.170e-01  1.740e-01      0.002
    1847  32395  3.8288791  1.170e-01  1.738e-01      0.002
    1848  32395  3.8288791  1.170e-01  1.736e-01      0.002
    1849  32395  3.8288791  1.170e-01  1.735e-01      0.002
    1850  32395  3.8288791  1.170e-01  1.733e-01      0.002
    1851  32395  3.8288791  1.170e-01  1.731e-01      0.002
    1852  32395  3.8288791  1.170e-01  1.729e-01      0.002
    1853  32395  3.8288791  1.170e-01  1.728e-01      0.002
    1854  32395  3.8288791  1.170e-01  1.726e-01      0.002
    1855  32395  3.8288791  1.170e-01  1.724e-01      0.002
    1856  32395  3.8288791  1.170e-01  1.722e-01      0.002
    1857  32395  3.8288791  1.170e-01  1.721e-01      0.002
    1858  32395  3.8288791  1.170e-01  1.719e-01      0.002
    1859  32395  3.8288791  1.170e-01  1.717e-01      0.002
    1860  32395  3.8288791  1.170e-01  1.716e-01      0.002
    1861  32395  3.8288791  1.170e-01  1.714e-01      0.002
    1862  32395  3.8288791  1.170e-01  1.712e-01      0.002
    1863  32395  3.8288791  1.170e-01  1.710e-01      0.002
    1864  32395  3.8288791  1.170e-01  1.709e-01      0.002
    1865  32395  3.8288791  1.170e-01  1.707e-01      0.002
    1866  32395  3.8288791  1.170e-01  1.705e-01      0.002
    1867  32395  3.8288791  1.170e-01  1.704e-01      0.002
    1868  32395  3.8288791  1.170e-01  1.702e-01      0.002
    1869  32395  3.8288791  1.170e-01  1.700e-01      0.002
    1870  32395  3.8288791  1.170e-01  1.698e-01      0.002
    1871  32395  3.8288791  1.170e-01  1.697e-01      0.002
    1872  32395  3.8288791  1.170e-01  1.695e-01      0.002
    1873  32395  3.8288791  1.170e-01  1.693e-01      0.002
    1874  32395  3.8288791  1.170e-01  1.692e-01      0.002
    1875  32395  3.8288791  1.170e-01  1.690e-01      0.002
    1876  32395  3.8288791  1.170e-01  1.688e-01      0.002
    1877  32395  3.8288791  1.170e-01  1.687e-01      0.002
    1878  32395  3.8288791  1.170e-01  1.685e-01      0.002
    1879  32395  3.8288791  1.170e-01  1.683e-01      0.002
    1880  32395  3.8288791  1.170e-01  1.682e-01      0.002
    1881  32395  3.8288791  1.170e-01  1.680e-01      0.002
    1882  32395  3.8288791  1.170e-01  1.678e-01      0.002
    1883  32395  3.8288791  1.170e-01  1.677e-01      0.002
    1884  32395  3.8288791  1.170e-01  1.675e-01      0.002
    1885  32395  3.8288791  1.170e-01  1.673e-01      0.002
    1886  32395  3.8288791  1.170e-01  1.672e-01      0.002
    1887  32395  3.8288791  1.170e-01  1.670e-01      0.002
    1888  32395  3.8288791  1.170e-01  1.668e-01      0.002
    1889  32395  3.8288791  1.170e-01  1.667e-01      0.002
    1890  32395  3.8288791  1.170e-01  1.665e-01      0.002
    1891  32395  3.8288791  1.170e-01  1.663e-01      0.002
    1892  32395  3.8288791  1.170e-01  1.662e-01      0.002
    1893  32395  3.8288791  1.170e-01  1.660e-01      0.002
    1894  32395  3.8288791  1.170e-01  1.658e-01      0.002
    1895  32395  3.8288791  1.170e-01  1.657e-01      0.002
    1896  32395  3.8288791  1.170e-01  1.655e-01      0.002
    1897  32395  3.8288791  1.170e-01  1.653e-01      0.002
    1898  32395  3.8288791  1.170e-01  1.652e-01      0.002
    1899  32395  3.8288791  1.170e-01  1.650e-01      0.002
    1900  32395  3.8288791  1.170e-01  1.648e-01      0.002
    1901  32395  3.8288791  1.170e-01  1.647e-01      0.002
    1902  32395  3.8288791  1.170e-01  1.645e-01      0.002
    1903  32395  3.8288791  1.170e-01  1.643e-01      0.002
    1904  32395  3.8288791  1.170e-01  1.642e-01      0.002
    1905  32395  3.8288791  1.170e-01  1.640e-01      0.002
    1906  32395  3.8288791  1.170e-01  1.638e-01      0.002
    1907  32395  3.8288791  1.170e-01  1.637e-01      0.002
    1908  32395  3.8288791  1.170e-01  1.635e-01      0.002
    1909  32395  3.8288791  1.170e-01  1.634e-01      0.002
    1910  32395  3.8288791  1.170e-01  1.632e-01      0.002
    1911  32395  3.8288791  1.170e-01  1.630e-01      0.002
    1912  32395  3.8288791  1.170e-01  1.629e-01      0.002
    1913  32395  3.8288791  1.170e-01  1.627e-01      0.002
    1914  32395  3.8288791  1.170e-01  1.625e-01      0.002
    1915  32395  3.8288791  1.170e-01  1.624e-01      0.002
    1916  32395  3.8288791  1.170e-01  1.622e-01      0.002
    1917  32395  3.8288791  1.170e-01  1.621e-01      0.002
    1918  32395  3.8288791  1.170e-01  1.619e-01      0.002
    1919  32395  3.8288791  1.170e-01  1.617e-01      0.002
    1920  32395  3.8288791  1.170e-01  1.616e-01      0.002
    1921  32395  3.8288791  1.170e-01  1.614e-01      0.002
    1922  32395  3.8288791  1.170e-01  1.612e-01      0.002
    1923  32395  3.8288791  1.170e-01  1.611e-01      0.002
    1924  32395  3.8288791  1.170e-01  1.609e-01      0.002
    1925  32395  3.8288791  1.170e-01  1.608e-01      0.002
    1926  32395  3.8288791  1.170e-01  1.606e-01      0.002
    1927  32395  3.8288791  1.170e-01  1.604e-01      0.002
    1928  32395  3.8288791  1.170e-01  1.603e-01      0.002
    1929  32395  3.8288791  1.170e-01  1.601e-01      0.002
    1930  32395  3.8288791  1.170e-01  1.600e-01      0.002
    1931  32395  3.8288791  1.170e-01  1.598e-01      0.002
    1932  32395  3.8288791  1.170e-01  1.596e-01      0.002
    1933  32395  3.8288791  1.170e-01  1.595e-01      0.002
    1934  32395  3.8288791  1.170e-01  1.593e-01      0.002
    1935  32395  3.8288791  1.170e-01  1.592e-01      0.002
    1936  32395  3.8288791  1.170e-01  1.590e-01      0.002
    1937  32395  3.8288791  1.170e-01  1.588e-01      0.002
    1938  32395  3.8288791  1.170e-01  1.587e-01      0.002
    1939  32395  3.8288791  1.170e-01  1.585e-01      0.002
    1940  32395  3.8288791  1.170e-01  1.584e-01      0.002
    1941  32395  3.8288791  1.170e-01  1.582e-01      0.002
    1942  32395  3.8288791  1.170e-01  1.581e-01      0.002
    1943  32395  3.8288791  1.170e-01  1.579e-01      0.002
    1944  32395  3.8288791  1.170e-01  1.577e-01      0.002
    1945  32395  3.8288791  1.170e-01  1.576e-01      0.002
    1946  32395  3.8288791  1.170e-01  1.574e-01      0.002
    1947  32395  3.8288791  1.170e-01  1.573e-01      0.002
    1948  32395  3.8288791  1.170e-01  1.571e-01      0.002
    1949  32395  3.8288791  1.170e-01  1.570e-01      0.002
    1950  32395  3.8288791  1.170e-01  1.568e-01      0.002
    1951  32395  3.8288791  1.170e-01  1.566e-01      0.002
    1952  32395  3.8288791  1.170e-01  1.565e-01      0.002
    1953  32395  3.8288791  1.170e-01  1.563e-01      0.002
    1954  32395  3.8288791  1.170e-01  1.562e-01      0.002
    1955  32395  3.8288791  1.170e-01  1.560e-01      0.002
    1956  32395  3.8288791  1.170e-01  1.559e-01      0.002
    1957  32395  3.8288791  1.170e-01  1.557e-01      0.002
    1958  32395  3.8288791  1.170e-01  1.555e-01      0.002
    1959  32395  3.8288791  1.170e-01  1.554e-01      0.002
    1960  32395  3.8288791  1.170e-01  1.552e-01      0.002
    1961  32395  3.8288791  1.170e-01  1.551e-01      0.002
    1962  32395  3.8288791  1.170e-01  1.549e-01      0.002
    1963  32395  3.8288791  1.170e-01  1.548e-01      0.002
    1964  32395  3.8288791  1.170e-01  1.546e-01      0.002
    1965  32395  3.8288791  1.170e-01  1.545e-01      0.002
    1966  32395  3.8288791  1.170e-01  1.543e-01      0.002
    1967  32395  3.8288791  1.170e-01  1.542e-01      0.002
    1968  32395  3.8288791  1.170e-01  1.540e-01      0.002
    1969  32395  3.8288791  1.170e-01  1.538e-01      0.002
    1970  32395  3.8288791  1.170e-01  1.537e-01      0.002
    1971  32395  3.8288791  1.170e-01  1.535e-01      0.002
    1972  32395  3.8288791  1.170e-01  1.534e-01      0.002
    1973  32395  3.8288791  1.170e-01  1.532e-01      0.002
    1974  32395  3.8288791  1.170e-01  1.531e-01      0.002
    1975  32395  3.8288791  1.170e-01  1.529e-01      0.002
    1976  32395  3.8288791  1.170e-01  1.528e-01      0.002
    1977  32395  3.8288791  1.170e-01  1.526e-01      0.002
    1978  32395  3.8288791  1.170e-01  1.525e-01      0.002
    1979  32395  3.8288791  1.170e-01  1.523e-01      0.002
    1980  32395  3.8288791  1.170e-01  1.522e-01      0.002
    1981  32395  3.8288791  1.170e-01  1.520e-01      0.002
    1982  32395  3.8288791  1.170e-01  1.519e-01      0.002
    1983  32395  3.8288791  1.170e-01  1.517e-01      0.002
    1984  32395  3.8288791  1.170e-01  1.516e-01      0.002
    1985  32395  3.8288791  1.170e-01  1.514e-01      0.002
    1986  32395  3.8288791  1.170e-01  1.513e-01      0.002
    1987  32395  3.8288791  1.170e-01  1.511e-01      0.002
    1988  32395  3.8288791  1.170e-01  1.510e-01      0.002
    1989  32395  3.8288791  1.170e-01  1.508e-01      0.002
    1990  32395  3.8288791  1.170e-01  1.507e-01      0.002
    1991  32395  3.8288791  1.170e-01  1.505e-01      0.002
    1992  32395  3.8288791  1.170e-01  1.504e-01      0.002
    1993  32395  3.8288791  1.170e-01  1.502e-01      0.002
    1994  32395  3.8288791  1.170e-01  1.500e-01      0.002
    1995  32395  3.8288791  1.170e-01  1.499e-01      0.002
    1996  32395  3.8288791  1.170e-01  1.498e-01      0.002
    1997  32395  3.8288791  1.170e-01  1.496e-01      0.002
    1998  32395  3.8288791  1.170e-01  1.495e-01      0.002
    1999  32395  3.8288791  1.170e-01  1.493e-01      0.002
    2000  32395  3.8288791  1.170e-01  1.492e-01      0.002
    2001  32395  3.8288791  1.170e-01  1.490e-01      0.002
    2002  32395  3.8288791  1.170e-01  1.489e-01      0.002
    2003  32395  3.8288791  1.170e-01  1.487e-01      0.002
    2004  32395  3.8288791  1.170e-01  1.486e-01      0.002
    2005  32395  3.8288791  1.170e-01  1.484e-01      0.002
    2006  32395  3.8288791  1.170e-01  1.483e-01      0.002
    2007  32395  3.8288791  1.170e-01  1.481e-01      0.002
    2008  32395  3.8288791  1.170e-01  1.480e-01      0.002
    2009  32395  3.8288791  1.170e-01  1.478e-01      0.002
    2010  32395  3.8288791  1.170e-01  1.477e-01      0.002
    2011  32395  3.8288791  1.170e-01  1.475e-01      0.002
    2012  32395  3.8288791  1.170e-01  1.474e-01      0.002
    2013  32395  3.8288791  1.170e-01  1.472e-01      0.002
    2014  32395  3.8288791  1.170e-01  1.471e-01      0.002
    2015  32395  3.8288791  1.170e-01  1.469e-01      0.002
    2016  32395  3.8288791  1.170e-01  1.468e-01      0.002
    2017  32395  3.8288791  1.170e-01  1.466e-01      0.002
    2018  32395  3.8288791  1.170e-01  1.465e-01      0.002
    2019  32395  3.8288791  1.170e-01  1.463e-01      0.002
    2020  32395  3.8288791  1.170e-01  1.462e-01      0.002
    2021  32395  3.8288791  1.170e-01  1.461e-01      0.002
    2022  32395  3.8288791  1.170e-01  1.459e-01      0.002
    2023  32395  3.8288791  1.170e-01  1.458e-01      0.002
    2024  32395  3.8288791  1.170e-01  1.456e-01      0.002
    2025  32395  3.8288791  1.170e-01  1.455e-01      0.002
    2026  32395  3.8288791  1.170e-01  1.453e-01      0.002
    2027  32395  3.8288791  1.170e-01  1.452e-01      0.002
    2028  32395  3.8288791  1.170e-01  1.450e-01      0.002
    2029  32395  3.8288791  1.170e-01  1.449e-01      0.002
    2030  32395  3.8288791  1.170e-01  1.447e-01      0.002
    2031  32395  3.8288791  1.170e-01  1.446e-01      0.002
    2032  32395  3.8288791  1.170e-01  1.445e-01      0.002
    2033  32395  3.8288791  1.170e-01  1.443e-01      0.002
    2034  32395  3.8288791  1.170e-01  1.442e-01      0.002
    2035  32395  3.8288791  1.170e-01  1.440e-01      0.002
    2036  32395  3.8288791  1.170e-01  1.439e-01      0.002
    2037  32395  3.8288791  1.170e-01  1.437e-01      0.002
    2038  32395  3.8288791  1.170e-01  1.436e-01      0.002
    2039  32395  3.8288791  1.170e-01  1.435e-01      0.002
    2040  32395  3.8288791  1.170e-01  1.433e-01      0.002
    2041  32395  3.8288791  1.170e-01  1.432e-01      0.002
    2042  32395  3.8288791  1.170e-01  1.430e-01      0.002
    2043  32395  3.8288791  1.170e-01  1.429e-01      0.002
    2044  32395  3.8288791  1.170e-01  1.427e-01      0.002
    2045  32395  3.8288791  1.170e-01  1.426e-01      0.002
    2046  32395  3.8288791  1.170e-01  1.425e-01      0.002
    2047  32395  3.8288791  1.170e-01  1.423e-01      0.002
    2048  32395  3.8288791  1.170e-01  1.422e-01      0.002
    2049  32395  3.8288791  1.170e-01  1.420e-01      0.002
    2050  32395  3.8288791  1.170e-01  1.419e-01      0.002
    2051  32395  3.8288791  1.170e-01  1.417e-01      0.002
    2052  32395  3.8288791  1.170e-01  1.416e-01      0.002
    2053  32395  3.8288791  1.170e-01  1.415e-01      0.003
    2054  32395  3.8288791  1.170e-01  1.413e-01      0.003
    2055  32395  3.8288791  1.170e-01  1.412e-01      0.003
    2056  32395  3.8288791  1.170e-01  1.410e-01      0.003
    2057  32395  3.8288791  1.170e-01  1.409e-01      0.003
    2058  32395  3.8288791  1.170e-01  1.408e-01      0.003
    2059  32395  3.8288791  1.170e-01  1.406e-01      0.003
    2060  32395  3.8288791  1.170e-01  1.405e-01      0.003
    2061  32395  3.8288791  1.170e-01  1.403e-01      0.003
    2062  32395  3.8288791  1.170e-01  1.402e-01      0.003
    2063  32395  3.8288791  1.170e-01  1.401e-01      0.003
    2064  32395  3.8288791  1.170e-01  1.399e-01      0.003
    2065  32395  3.8288791  1.170e-01  1.398e-01      0.003
    2066  32395  3.8288791  1.170e-01  1.396e-01      0.003
    2067  32395  3.8288791  1.170e-01  1.395e-01      0.003
    2068  32395  3.8288791  1.170e-01  1.394e-01      0.003
    2069  32395  3.8288791  1.170e-01  1.392e-01      0.003
    2070  32395  3.8288791  1.170e-01  1.391e-01      0.003
    2071  32395  3.8288791  1.170e-01  1.389e-01      0.003
    2072  32395  3.8288791  1.170e-01  1.388e-01      0.003
    2073  32395  3.8288791  1.170e-01  1.387e-01      0.003
    2074  32395  3.8288791  1.170e-01  1.385e-01      0.003
    2075  32395  3.8288791  1.170e-01  1.384e-01      0.003
    2076  32395  3.8288791  1.170e-01  1.382e-01      0.003
    2077  32395  3.8288791  1.170e-01  1.381e-01      0.003
    2078  32395  3.8288791  1.170e-01  1.380e-01      0.003
    2079  32395  3.8288791  1.170e-01  1.378e-01      0.003
    2080  32395  3.8288791  1.170e-01  1.377e-01      0.003
    2081  32395  3.8288791  1.170e-01  1.376e-01      0.003
    2082  32395  3.8288791  1.170e-01  1.374e-01      0.003
    2083  32395  3.8288791  1.170e-01  1.373e-01      0.003
    2084  32395  3.8288791  1.170e-01  1.371e-01      0.003
    2085  32395  3.8288791  1.170e-01  1.370e-01      0.003
    2086  32395  3.8288791  1.170e-01  1.369e-01      0.003
    2087  32395  3.8288791  1.170e-01  1.367e-01      0.003
    2088  32395  3.8288791  1.170e-01  1.366e-01      0.003
    2089  32395  3.8288791  1.170e-01  1.365e-01      0.003
    2090  32395  3.8288791  1.170e-01  1.363e-01      0.003
    2091  32395  3.8288791  1.170e-01  1.362e-01      0.003
    2092  32395  3.8288791  1.170e-01  1.360e-01      0.003
    2093  32395  3.8288791  1.170e-01  1.359e-01      0.003
    2094  32395  3.8288791  1.170e-01  1.358e-01      0.003
    2095  32395  3.8288791  1.170e-01  1.356e-01      0.003
    2096  32395  3.8288791  1.170e-01  1.355e-01      0.003
    2097  32395  3.8288791  1.170e-01  1.354e-01      0.003
    2098  32395  3.8288791  1.170e-01  1.352e-01      0.003
    2099  32395  3.8288791  1.170e-01  1.351e-01      0.003
    2100  32395  3.8288791  1.170e-01  1.350e-01      0.003
    2101  32395  3.8288791  1.170e-01  1.348e-01      0.003
    2102  32395  3.8288791  1.170e-01  1.347e-01      0.003
    2103  32395  3.8288791  1.170e-01  1.346e-01      0.003
    2104  32395  3.8288791  1.170e-01  1.344e-01      0.003
    2105  32395  3.8288791  1.170e-01  1.343e-01      0.003
    2106  32395  3.8288791  1.170e-01  1.342e-01      0.003
    2107  32395  3.8288791  1.170e-01  1.340e-01      0.003
    2108  32395  3.8288791  1.170e-01  1.339e-01      0.003
    2109  32395  3.8288791  1.170e-01  1.338e-01      0.003
    2110  32395  3.8288791  1.170e-01  1.336e-01      0.003
    2111  32395  3.8288791  1.170e-01  1.335e-01      0.003
    2112  32395  3.8288791  1.170e-01  1.334e-01      0.003
    2113  32395  3.8288791  1.170e-01  1.332e-01      0.003
    2114  32395  3.8288791  1.170e-01  1.331e-01      0.003
    2115  32395  3.8288791  1.170e-01  1.330e-01      0.003
    2116  32395  3.8288791  1.170e-01  1.328e-01      0.003
    2117  32395  3.8288791  1.170e-01  1.327e-01      0.003
    2118  32395  3.8288791  1.170e-01  1.326e-01      0.003
    2119  32395  3.8288791  1.170e-01  1.324e-01      0.003
    2120  32395  3.8288791  1.170e-01  1.323e-01      0.003
    2121  32395  3.8288791  1.170e-01  1.322e-01      0.003
    2122  32395  3.8288791  1.170e-01  1.320e-01      0.003
    2123  32395  3.8288791  1.170e-01  1.319e-01      0.003
    2124  32395  3.8288791  1.170e-01  1.318e-01      0.003
    2125  32395  3.8288791  1.170e-01  1.316e-01      0.003
    2126  32395  3.8288791  1.170e-01  1.315e-01      0.003
    2127  32395  3.8288791  1.170e-01  1.314e-01      0.003
    2128  32395  3.8288791  1.170e-01  1.312e-01      0.003
    2129  32395  3.8288791  1.170e-01  1.311e-01      0.003
    2130  32395  3.8288791  1.170e-01  1.310e-01      0.003
    2131  32395  3.8288791  1.170e-01  1.308e-01      0.003
    2132  32395  3.8288791  1.170e-01  1.307e-01      0.003
    2133  32395  3.8288791  1.170e-01  1.306e-01      0.003
    2134  32395  3.8288791  1.170e-01  1.305e-01      0.003
    2135  32395  3.8288791  1.170e-01  1.303e-01      0.003
    2136  32395  3.8288791  1.170e-01  1.302e-01      0.003
    2137  32395  3.8288791  1.170e-01  1.301e-01      0.003
    2138  32395  3.8288791  1.170e-01  1.299e-01      0.003
    2139  32395  3.8288791  1.170e-01  1.298e-01      0.003
    2140  32395  3.8288791  1.170e-01  1.297e-01      0.003
    2141  32395  3.8288791  1.170e-01  1.295e-01      0.003
    2142  32395  3.8288791  1.170e-01  1.294e-01      0.003
    2143  32395  3.8288791  1.170e-01  1.293e-01      0.003
    2144  32395  3.8288791  1.170e-01  1.292e-01      0.003
    2145  32395  3.8288791  1.170e-01  1.290e-01      0.003
    2146  32395  3.8288791  1.170e-01  1.289e-01      0.003
    2147  32395  3.8288791  1.170e-01  1.288e-01      0.003
    2148  32395  3.8288791  1.170e-01  1.286e-01      0.003
    2149  32395  3.8288791  1.170e-01  1.285e-01      0.003
    2150  32395  3.8288791  1.170e-01  1.284e-01      0.003
    2151  32395  3.8288791  1.170e-01  1.283e-01      0.003
    2152  32395  3.8288791  1.170e-01  1.281e-01      0.003
    2153  32395  3.8288791  1.170e-01  1.280e-01      0.003
    2154  32395  3.8288791  1.170e-01  1.279e-01      0.003
    2155  32395  3.8288791  1.170e-01  1.277e-01      0.003
    2156  32395  3.8288791  1.170e-01  1.276e-01      0.003
    2157  32395  3.8288791  1.170e-01  1.275e-01      0.003
    2158  32395  3.8288791  1.170e-01  1.274e-01      0.003
    2159  32395  3.8288791  1.170e-01  1.272e-01      0.003
    2160  32395  3.8288791  1.170e-01  1.271e-01      0.003
    2161  32395  3.8288791  1.170e-01  1.270e-01      0.003
    2162  32395  3.8288791  1.170e-01  1.269e-01      0.003
    2163  32395  3.8288791  1.170e-01  1.267e-01      0.003
    2164  32395  3.8288791  1.170e-01  1.266e-01      0.003
    2165  32395  3.8288791  1.170e-01  1.265e-01      0.003
    2166  32395  3.8288791  1.170e-01  1.263e-01      0.003
    2167  32395  3.8288791  1.170e-01  1.262e-01      0.003
    2168  32395  3.8288791  1.170e-01  1.261e-01      0.003
    2169  32395  3.8288791  1.170e-01  1.260e-01      0.003
    2170  32395  3.8288791  1.170e-01  1.258e-01      0.003
    2171  32395  3.8288791  1.170e-01  1.257e-01      0.003
    2172  32395  3.8288791  1.170e-01  1.256e-01      0.003
    2173  32395  3.8288791  1.170e-01  1.255e-01      0.003
    2174  32395  3.8288791  1.170e-01  1.253e-01      0.003
    2175  32395  3.8288791  1.170e-01  1.252e-01      0.003
    2176  32395  3.8288791  1.170e-01  1.251e-01      0.003
    2177  32395  3.8288791  1.170e-01  1.250e-01      0.003
    2178  32395  3.8288791  1.170e-01  1.248e-01      0.003
    2179  32395  3.8288791  1.170e-01  1.247e-01      0.003
    2180  32395  3.8288791  1.170e-01  1.246e-01      0.003
    2181  32395  3.8288791  1.170e-01  1.245e-01      0.003
    2182  32395  3.8288791  1.170e-01  1.243e-01      0.003
    2183  32395  3.8288791  1.170e-01  1.242e-01      0.003
    2184  32395  3.8288791  1.170e-01  1.241e-01      0.003
    2185  32395  3.8288791  1.170e-01  1.240e-01      0.003
    2186  32395  3.8288791  1.170e-01  1.238e-01      0.003
    2187  32395  3.8288791  1.170e-01  1.237e-01      0.003
    2188  32395  3.8288791  1.170e-01  1.236e-01      0.003
    2189  32395  3.8288791  1.170e-01  1.235e-01      0.003
    2190  32395  3.8288791  1.170e-01  1.234e-01      0.003
    2191  32395  3.8288791  1.170e-01  1.232e-01      0.003
    2192  32395  3.8288791  1.170e-01  1.231e-01      0.003
    2193  32395  3.8288791  1.170e-01  1.230e-01      0.003
    2194  32395  3.8288791  1.170e-01  1.229e-01      0.003
    2195  32395  3.8288791  1.170e-01  1.227e-01      0.003
    2196  32395  3.8288791  1.170e-01  1.226e-01      0.003
    2197  32395  3.8288791  1.170e-01  1.225e-01      0.003
    2198  32395  3.8288791  1.170e-01  1.224e-01      0.003
    2199  32395  3.8288791  1.170e-01  1.223e-01      0.003
    2200  32395  3.8288791  1.170e-01  1.221e-01      0.003
    2201  32395  3.8288791  1.170e-01  1.220e-01      0.003
    2202  32395  3.8288791  1.170e-01  1.219e-01      0.003
    2203  32395  3.8288791  1.170e-01  1.218e-01      0.003
    2204  32395  3.8288791  1.170e-01  1.216e-01      0.003
    2205  32395  3.8288791  1.170e-01  1.215e-01      0.003
    2206  32395  3.8288791  1.170e-01  1.214e-01      0.003
    2207  32395  3.8288791  1.170e-01  1.213e-01      0.003
    2208  32395  3.8288791  1.170e-01  1.212e-01      0.003
    2209  32395  3.8288791  1.170e-01  1.210e-01      0.003
    2210  32395  3.8288791  1.170e-01  1.209e-01      0.003
    2211  32395  3.8288791  1.170e-01  1.208e-01      0.003
    2212  32395  3.8288791  1.170e-01  1.207e-01      0.003
    2213  32395  3.8288791  1.170e-01  1.206e-01      0.003
    2214  32395  3.8288791  1.170e-01  1.204e-01      0.003
    2215  32395  3.8288791  1.170e-01  1.203e-01      0.003
    2216  32395  3.8288791  1.170e-01  1.202e-01      0.003
    2217  32395  3.8288791  1.170e-01  1.201e-01      0.003
    2218  32395  3.8288791  1.170e-01  1.200e-01      0.003
    2219  32395  3.8288791  1.170e-01  1.198e-01      0.003
    2220  32395  3.8288791  1.170e-01  1.197e-01      0.003
    2221  32395  3.8288791  1.170e-01  1.196e-01      0.003
    2222  32395  3.8288791  1.170e-01  1.195e-01      0.003
    2223  32395  3.8288791  1.170e-01  1.194e-01      0.003
    2224  32395  3.8288791  1.170e-01  1.192e-01      0.003
    2225  32395  3.8288791  1.170e-01  1.191e-01      0.003
    2226  32395  3.8288791  1.170e-01  1.190e-01      0.003
    2227  32395  3.8288791  1.170e-01  1.189e-01      0.003
    2228  32395  3.8288791  1.170e-01  1.188e-01      0.003
    2229  32395  3.8288791  1.170e-01  1.186e-01      0.003
    2230  32395  3.8288791  1.170e-01  1.185e-01      0.003
    2231  32395  3.8288791  1.170e-01  1.184e-01      0.003
    2232  32395  3.8288791  1.170e-01  1.183e-01      0.003
    2233  32395  3.8288791  1.170e-01  1.182e-01      0.003
    2234  32395  3.8288791  1.170e-01  1.180e-01      0.003
    2235  32395  3.8288791  1.170e-01  1.179e-01      0.003
    2236  32395  3.8288791  1.170e-01  1.178e-01      0.003
    2237  32395  3.8288791  1.170e-01  1.177e-01      0.003
    2238  32395  3.8288791  1.170e-01  1.176e-01      0.003
    2239  32395  3.8288791  1.170e-01  1.175e-01      0.003
    2240  32395  3.8288791  1.170e-01  1.173e-01      0.003
    2241  32395  3.8288791  1.170e-01  1.172e-01      0.003
    2242  32395  3.8288791  1.170e-01  1.171e-01      0.003
    2243  36646   3.683034  7.038e-02  1.170e-01      0.009
    2244  36646   3.683034  7.037e-02  1.169e-01      0.009
    2245  36646   3.683034  7.037e-02  1.168e-01      0.009
    2246  36646   3.683034  7.037e-02  1.166e-01      0.009
    2247  36646   3.683034  7.037e-02  1.165e-01      0.009
    2248  36646   3.683034  7.037e-02  1.164e-01      0.009
    2249  36646   3.683034  7.037e-02  1.163e-01      0.009
    2250  36646   3.683034  7.037e-02  1.162e-01      0.009
    2251  36646   3.683034  7.037e-02  1.161e-01      0.009
    2252  36646   3.683034  7.037e-02  1.159e-01      0.009
    2253  36646   3.683034  7.037e-02  1.158e-01      0.009
    2254  36646   3.683034  7.037e-02  1.157e-01      0.009
    2255  36646   3.683034  7.037e-02  1.156e-01      0.009
    2256  36646   3.683034  7.037e-02  1.155e-01      0.009
    2257  36646   3.683034  7.037e-02  1.154e-01      0.009
    2258  36646   3.683034  7.037e-02  1.152e-01      0.009
    2259  36646   3.683034  7.037e-02  1.151e-01      0.009
    2260  36646   3.683034  7.037e-02  1.150e-01      0.009
    2261  36646   3.683034  7.037e-02  1.149e-01      0.009
    2262  36646   3.683034  7.037e-02  1.148e-01      0.009
    2263  36646   3.683034  7.037e-02  1.147e-01      0.009
    2264  36646   3.683034  7.037e-02  1.146e-01      0.009
    2265  36646   3.683034  7.037e-02  1.144e-01      0.009
    2266  36646   3.683034  7.037e-02  1.143e-01      0.009
    2267  36646   3.683034  7.037e-02  1.142e-01      0.009
    2268  36646   3.683034  7.037e-02  1.141e-01      0.009
    2269  36646   3.683034  7.037e-02  1.140e-01      0.009
    2270  36646   3.683034  7.037e-02  1.139e-01      0.009
    2271  36646   3.683034  7.037e-02  1.138e-01      0.009
    2272  36646   3.683034  7.037e-02  1.136e-01      0.009
    2273  36646   3.683034  7.037e-02  1.135e-01      0.009
    2274  36646   3.683034  7.037e-02  1.134e-01      0.009
    2275  36646   3.683034  7.037e-02  1.133e-01      0.009
    2276  36646   3.683034  7.037e-02  1.132e-01      0.009
    2277  36646   3.683034  7.037e-02  1.131e-01      0.009
    2278  36646   3.683034  7.037e-02  1.130e-01      0.009
    2279  36646   3.683034  7.037e-02  1.129e-01      0.009
    2280  36646   3.683034  7.037e-02  1.127e-01      0.009
    2281  36646   3.683034  7.037e-02  1.126e-01      0.009
    2282  36646   3.683034  7.037e-02  1.125e-01      0.009
    2283  36646   3.683034  7.037e-02  1.124e-01      0.009
    2284  36646   3.683034  7.037e-02  1.123e-01      0.009
    2285  36646   3.683034  7.037e-02  1.122e-01      0.009
    2286  36646   3.683034  7.037e-02  1.121e-01      0.009
    2287  36646   3.683034  7.037e-02  1.120e-01      0.009
    2288  36646   3.683034  7.037e-02  1.118e-01      0.009
    2289  36646   3.683034  7.037e-02  1.117e-01      0.009
    2290  36646   3.683034  7.037e-02  1.116e-01      0.009
    2291  36646   3.683034  7.037e-02  1.115e-01      0.009
    2292  36646   3.683034  7.037e-02  1.114e-01      0.009
    2293  36646   3.683034  7.037e-02  1.113e-01      0.009
    2294  36646   3.683034  7.037e-02  1.112e-01      0.009
    2295  36646   3.683034  7.037e-02  1.111e-01      0.009
    2296  36646   3.683034  7.037e-02  1.110e-01      0.009
    2297  36646   3.683034  7.037e-02  1.108e-01      0.009
    2298  36646   3.683034  7.037e-02  1.107e-01      0.009
    2299  36646   3.683034  7.037e-02  1.106e-01      0.009
    2300  36646   3.683034  7.037e-02  1.105e-01      0.009
    2301  36646   3.683034  7.037e-02  1.104e-01      0.009
    2302  36646   3.683034  7.037e-02  1.103e-01      0.009
    2303  36646   3.683034  7.037e-02  1.102e-01      0.009
    2304  36646   3.683034  7.037e-02  1.101e-01      0.009
    2305  36646   3.683034  7.037e-02  1.100e-01      0.009
    2306  36646   3.683034  7.037e-02  1.099e-01      0.009
    2307  36646   3.683034  7.037e-02  1.097e-01      0.009
    2308  36646   3.683034  7.037e-02  1.096e-01      0.009
    2309  36646   3.683034  7.037e-02  1.095e-01      0.009
    2310  36646   3.683034  7.037e-02  1.094e-01      0.009
    2311  36646   3.683034  7.037e-02  1.093e-01      0.009
    2312  36646   3.683034  7.037e-02  1.092e-01      0.009
    2313  36646   3.683034  7.037e-02  1.091e-01      0.009
    2314  36646   3.683034  7.037e-02  1.090e-01      0.009
    2315  36646   3.683034  7.037e-02  1.089e-01      0.009
    2316  36646   3.683034  7.037e-02  1.088e-01      0.009
    2317  36646   3.683034  7.037e-02  1.086e-01      0.009
    2318  36646   3.683034  7.037e-02  1.085e-01      0.009
    2319  36646   3.683034  7.037e-02  1.084e-01      0.009
    2320  36646   3.683034  7.037e-02  1.083e-01      0.009
    2321  36646   3.683034  7.037e-02  1.082e-01      0.009
    2322  36646   3.683034  7.037e-02  1.081e-01      0.009
    2323  36646   3.683034  7.037e-02  1.080e-01      0.009
    2324  36646   3.683034  7.037e-02  1.079e-01      0.009
    2325  36646   3.683034  7.037e-02  1.078e-01      0.009
    2326  36646   3.683034  7.037e-02  1.077e-01      0.009
    2327  36646   3.683034  7.037e-02  1.076e-01      0.009
    2328  36646   3.683034  7.037e-02  1.075e-01      0.009
    2329  36646   3.683034  7.037e-02  1.074e-01      0.009
    2330  36646   3.683034  7.037e-02  1.072e-01      0.009
    2331  36646   3.683034  7.037e-02  1.071e-01      0.009
    2332  36646   3.683034  7.037e-02  1.070e-01      0.009
    2333  36646   3.683034  7.037e-02  1.069e-01      0.009
    2334  36646   3.683034  7.037e-02  1.068e-01      0.009
    2335  36646   3.683034  7.037e-02  1.067e-01      0.009
    2336  36646   3.683034  7.037e-02  1.066e-01      0.009
    2337  36646   3.683034  7.037e-02  1.065e-01      0.009
    2338  36646   3.683034  7.037e-02  1.064e-01      0.009
    2339  36646   3.683034  7.037e-02  1.063e-01      0.009
    2340  36646   3.683034  7.037e-02  1.062e-01      0.009
    2341  36646   3.683034  7.037e-02  1.061e-01      0.009
    2342  36646   3.683034  7.037e-02  1.060e-01      0.009
    2343  36646   3.683034  7.037e-02  1.059e-01      0.009
    2344  36646   3.683034  7.037e-02  1.058e-01      0.009
    2345  36646   3.683034  7.037e-02  1.057e-01      0.009
    2346  36646   3.683034  7.037e-02  1.055e-01      0.009
    2347  36646   3.683034  7.037e-02  1.054e-01      0.009
    2348  36646   3.683034  7.037e-02  1.053e-01      0.009
    2349  36646   3.683034  7.037e-02  1.052e-01      0.009
    2350  36646   3.683034  7.037e-02  1.051e-01      0.009
    2351  36646   3.683034  7.037e-02  1.050e-01      0.009
    2352  36646   3.683034  7.037e-02  1.049e-01      0.009
    2353  36646   3.683034  7.037e-02  1.048e-01      0.009
    2354  36646   3.683034  7.037e-02  1.047e-01      0.009
    2355  36646   3.683034  7.037e-02  1.046e-01      0.009
    2356  36646   3.683034  7.037e-02  1.045e-01      0.009
    2357  36646   3.683034  7.037e-02  1.044e-01      0.009
    2358  36646   3.683034  7.037e-02  1.043e-01      0.009
    2359  36646   3.683034  7.037e-02  1.042e-01      0.009
    2360  36646   3.683034  7.037e-02  1.041e-01      0.009
    2361  36646   3.683034  7.037e-02  1.040e-01      0.009
    2362  36646   3.683034  7.037e-02  1.039e-01      0.009
    2363  36646   3.683034  7.037e-02  1.038e-01      0.009
    2364  36646   3.683034  7.037e-02  1.037e-01      0.009
    2365  36646   3.683034  7.037e-02  1.036e-01      0.009
    2366  36646   3.683034  7.038e-02  1.035e-01      0.009
    2367  36646   3.683034  7.038e-02  1.034e-01      0.009
    2368  36646   3.683034  7.038e-02  1.033e-01      0.009
    2369  36646   3.683034  7.038e-02  1.031e-01      0.009
    2370  36646   3.683034  7.038e-02  1.030e-01      0.009
    2371  36646   3.683034  7.038e-02  1.029e-01      0.009
    2372  36646   3.683034  7.038e-02  1.028e-01      0.009
    2373  36646   3.683034  7.038e-02  1.027e-01      0.009
    2374  36646   3.683034  7.038e-02  1.026e-01      0.009
    2375  36646   3.683034  7.038e-02  1.025e-01      0.009
    2376  36646   3.683034  7.038e-02  1.024e-01      0.009
    2377  36646   3.683034  7.038e-02  1.023e-01      0.009
    2378  36646   3.683034  7.038e-02  1.022e-01      0.009
    2379  36646   3.683034  7.038e-02  1.021e-01      0.009
    2380  36646   3.683034  7.038e-02  1.020e-01      0.009
    2381  36646   3.683034  7.038e-02  1.019e-01      0.009
    2382  36646   3.683034  7.038e-02  1.018e-01      0.009
    2383  36646   3.683034  7.038e-02  1.017e-01      0.009
    2384  36646   3.683034  7.038e-02  1.016e-01      0.009
    2385  36646   3.683034  7.038e-02  1.015e-01      0.009
    2386  36646   3.683034  7.038e-02  1.014e-01      0.009
    2387  36646   3.683034  7.038e-02  1.013e-01      0.009
    2388  36646   3.683034  7.038e-02  1.012e-01      0.009
    2389  36646   3.683034  7.038e-02  1.011e-01      0.009
    2390  36646   3.683034  7.038e-02  1.010e-01      0.009
    2391  36646   3.683034  7.038e-02  1.009e-01      0.009
    2392  36646   3.683034  7.038e-02  1.008e-01      0.009
    2393  36646   3.683034  7.038e-02  1.007e-01      0.009
    2394  36646   3.683034  7.038e-02  1.006e-01      0.009
    2395  36646   3.683034  7.038e-02  1.005e-01      0.009
    2396  36646   3.683034  7.038e-02  1.004e-01      0.009
    2397  36646   3.683034  7.038e-02  1.003e-01      0.009
    2398  36646   3.683034  7.038e-02  1.002e-01      0.009
    2399  36646   3.683034  7.038e-02  1.001e-01      0.009
    2400  36646   3.683034  7.038e-02  1.000e-01      0.009

  fresh_iteration_log:
    iter      n   solution  err_bound        tol  time(s)
       1  23511  3.8237119  8.403e-02  3.315e-01    0.001
       2  23511  3.8237119  1.103e-01  3.312e-01    0.001
       3  23511  3.8237119  1.103e-01  3.308e-01    0.001
       4  23511  3.8237119  1.104e-01  3.305e-01    0.001
       5  23511  3.8237119  1.104e-01  3.302e-01    0.001
       6  23511  3.8237119  1.105e-01  3.298e-01    0.001
       7  23511  3.8237119  1.105e-01  3.295e-01    0.001
       8  23511  3.8237119  1.106e-01  3.292e-01    0.001
       9  23511  3.8237119  1.106e-01  3.288e-01    0.001
      10  23511  3.8237119  1.107e-01  3.285e-01    0.001
      11  23511  3.8237119  1.107e-01  3.282e-01    0.001
      12  23511  3.8237119  1.108e-01  3.279e-01    0.001
      13  23511  3.8237119  1.108e-01  3.275e-01    0.001
      14  23511  3.8237119  1.109e-01  3.272e-01    0.001
      15  23511  3.8237119  1.109e-01  3.269e-01    0.001
      16  23511  3.8237119  1.110e-01  3.265e-01    0.001
      17  23511  3.8237119  1.110e-01  3.262e-01    0.001
      18  23511  3.8237119  1.111e-01  3.259e-01    0.001
      19  23511  3.8237119  1.111e-01  3.256e-01    0.001
      20  23511  3.8237119  1.112e-01  3.252e-01    0.001
      21  23511  3.8237119  1.112e-01  3.249e-01    0.001
      22  23511  3.8237119  1.113e-01  3.246e-01    0.001
      23  23511  3.8237119  1.113e-01  3.243e-01    0.001
      24  23511  3.8237119  1.114e-01  3.239e-01    0.001
      25  23511  3.8237119  1.114e-01  3.236e-01    0.001
      26  23511  3.8237119  1.115e-01  3.233e-01    0.001
      27  23511  3.8237119  1.116e-01  3.230e-01    0.001
      28  23511  3.8237119  1.116e-01  3.227e-01    0.001
      29  23511  3.8237119  1.117e-01  3.223e-01    0.001
      30  23511  3.8237119  1.117e-01  3.220e-01    0.001
      31  23511  3.8237119  1.118e-01  3.217e-01    0.001
      32  23511  3.8237119  1.118e-01  3.214e-01    0.001
      33  23511  3.8237119  1.119e-01  3.210e-01    0.001
      34  23511  3.8237119  1.119e-01  3.207e-01    0.001
      35  23511  3.8237119  1.120e-01  3.204e-01    0.001
      36  23511  3.8237119  1.120e-01  3.201e-01    0.001
      37  23511  3.8237119  1.121e-01  3.198e-01    0.001
      38  23511  3.8237119  1.121e-01  3.194e-01    0.001
      39  23511  3.8237119  1.122e-01  3.191e-01    0.001
      40  23511  3.8237119  1.123e-01  3.188e-01    0.001
      41  23511  3.8237119  1.123e-01  3.185e-01    0.001
      42  23511  3.8237119  1.124e-01  3.182e-01    0.001
      43  23511  3.8237119  1.124e-01  3.179e-01    0.001
      44  23511  3.8237119  1.125e-01  3.175e-01    0.001
      45  23511  3.8237119  1.125e-01  3.172e-01    0.001
      46  23511  3.8237119  1.126e-01  3.169e-01    0.001
      47  23511  3.8237119  1.126e-01  3.166e-01    0.001
      48  23511  3.8237119  1.127e-01  3.163e-01    0.001
      49  23511  3.8237119  1.127e-01  3.160e-01    0.001
      50  23511  3.8237119  1.128e-01  3.156e-01    0.001
      51  23511  3.8237119  1.129e-01  3.153e-01    0.001
      52  23511  3.8237119  1.129e-01  3.150e-01    0.001
      53  23511  3.8237119  1.130e-01  3.147e-01    0.001
      54  23511  3.8237119  1.130e-01  3.144e-01    0.001
      55  23511  3.8237119  1.131e-01  3.141e-01    0.001
      56  23511  3.8237119  1.131e-01  3.138e-01    0.001
      57  23511  3.8237119  1.132e-01  3.134e-01    0.001
      58  23511  3.8237119  1.132e-01  3.131e-01    0.001
      59  23511  3.8237119  1.133e-01  3.128e-01    0.001
      60  23511  3.8237119  1.134e-01  3.125e-01    0.001
      61  23511  3.8237119  1.134e-01  3.122e-01    0.001
      62  23511  3.8237119  1.135e-01  3.119e-01    0.001
      63  23511  3.8237119  1.135e-01  3.116e-01    0.001
      64  23511  3.8237119  1.136e-01  3.113e-01    0.001
      65  23511  3.8237119  1.136e-01  3.109e-01    0.001
      66  23511  3.8237119  1.137e-01  3.106e-01    0.001
      67  23511  3.8237119  1.137e-01  3.103e-01    0.001
      68  23511  3.8237119  1.138e-01  3.100e-01    0.001
      69  23511  3.8237119  1.139e-01  3.097e-01    0.001
      70  23511  3.8237119  1.139e-01  3.094e-01    0.001
      71  23511  3.8237119  1.140e-01  3.091e-01    0.001
      72  23511  3.8237119  1.140e-01  3.088e-01    0.001
      73  23511  3.8237119  1.141e-01  3.085e-01    0.001
      74  23511  3.8237119  1.141e-01  3.082e-01    0.001
      75  23511  3.8237119  1.142e-01  3.078e-01    0.001
      76  23511  3.8237119  1.143e-01  3.075e-01    0.001
      77  23511  3.8237119  1.143e-01  3.072e-01    0.001
      78  23511  3.8237119  1.144e-01  3.069e-01    0.001
      79  23511  3.8237119  1.144e-01  3.066e-01    0.001
      80  23511  3.8237119  1.145e-01  3.063e-01    0.001
      81  23511  3.8237119  1.145e-01  3.060e-01    0.001
      82  23511  3.8237119  1.146e-01  3.057e-01    0.001
      83  23511  3.8237119  1.147e-01  3.054e-01    0.001
      84  23511  3.8237119  1.147e-01  3.051e-01    0.001
      85  23511  3.8237119  1.148e-01  3.048e-01    0.001
      86  23511  3.8237119  1.148e-01  3.045e-01    0.001
      87  23511  3.8237119  1.149e-01  3.042e-01    0.001
      88  23511  3.8237119  1.150e-01  3.039e-01    0.001
      89  23511  3.8237119  1.150e-01  3.036e-01    0.001
      90  23511  3.8237119  1.151e-01  3.033e-01    0.001
      91  23511  3.8237119  1.151e-01  3.030e-01    0.001
      92  23511  3.8237119  1.152e-01  3.027e-01    0.001
      93  23511  3.8237119  1.152e-01  3.024e-01    0.001
      94  23511  3.8237119  1.153e-01  3.021e-01    0.001
      95  23511  3.8237119  1.154e-01  3.018e-01    0.001
      96  23511  3.8237119  1.154e-01  3.015e-01    0.001
      97  23525  3.8239179  1.153e-01  3.012e-01    0.001
      98  23525  3.8239179  1.154e-01  3.009e-01    0.001
      99  23525  3.8239179  1.154e-01  3.006e-01    0.001
     100  23525  3.8239179  1.155e-01  3.003e-01    0.001
     101  23525  3.8239179  1.155e-01  3.000e-01    0.001
     102  23525  3.8239179  1.156e-01  2.997e-01    0.001
     103  23525  3.8239179  1.157e-01  2.994e-01    0.001
     104  23527  3.8241885  1.157e-01  2.991e-01    0.001
     105  23544  3.8257762  1.158e-01  2.988e-01    0.001
     106  23562  3.8260682  1.158e-01  2.985e-01    0.001
     107  23580  3.8246935  1.159e-01  2.982e-01    0.001
     108  23588  3.8255655  1.159e-01  2.979e-01    0.001
     109  23609  3.8258176  1.160e-01  2.976e-01    0.001
     110  23625   3.831822  1.160e-01  2.973e-01    0.001
     111  23672  3.8306863  1.160e-01  2.970e-01    0.001
     112  23674  3.8305283  1.161e-01  2.967e-01    0.001
     113  23690  3.8285253  1.161e-01  2.964e-01    0.001
     114  23699  3.8280298  1.162e-01  2.961e-01    0.001
     115  23712  3.8291319  1.163e-01  2.958e-01    0.001
     116  23733  3.8295702  1.163e-01  2.955e-01    0.001
     117  23758  3.8300175  1.163e-01  2.952e-01    0.001
     118  23767  3.8307551  1.164e-01  2.949e-01    0.001
     119  23785  3.8304957  1.165e-01  2.946e-01    0.001
     120  23810  3.8302448  1.165e-01  2.943e-01    0.001
     121  23824   3.829744  1.165e-01  2.940e-01    0.001
     122  23842  3.8295794  1.166e-01  2.937e-01    0.001
     123  23857  3.8334558  1.167e-01  2.934e-01    0.001
     124  23891  3.8342473  1.167e-01  2.931e-01    0.001
     125  23899  3.8334834  1.167e-01  2.928e-01    0.001
     126  23916   3.832895  1.168e-01  2.925e-01    0.001
     127  23928  3.8338879  1.168e-01  2.923e-01    0.001
     128  23947   3.833459  1.169e-01  2.920e-01    0.001
     129  23963     3.8316  1.168e-01  2.917e-01    0.001
     130  23963     3.8316  1.167e-01  2.914e-01    0.001
     131  23963     3.8316  1.167e-01  2.911e-01    0.001
     132  23971  3.8307228  1.169e-01  2.908e-01    0.001
     133  24009  3.8284496  1.169e-01  2.905e-01    0.001
     134  24010   3.828202  1.169e-01  2.902e-01    0.001
     135  24031  3.8253991  1.171e-01  2.899e-01    0.001
     136  24075  3.8229595  1.178e-01  2.896e-01    0.001
     137  24247  3.8239838  1.175e-01  2.894e-01    0.001
     138  24247  3.8239838  1.170e-01  2.891e-01    0.001
     139  24247  3.8239838  1.170e-01  2.888e-01    0.001
     140  24247  3.8239838  1.171e-01  2.885e-01    0.001
     141  24247  3.8239838  1.171e-01  2.882e-01    0.001
     142  24247  3.8239838  1.172e-01  2.879e-01    0.001
     143  24247  3.8239838  1.173e-01  2.876e-01    0.001
     144  24247  3.8239838  1.173e-01  2.873e-01    0.001
     145  24247  3.8239838  1.174e-01  2.870e-01    0.001
     146  24256  3.8248419  1.175e-01  2.868e-01    0.001
     147  24273  3.8286951  1.175e-01  2.865e-01    0.001
     148  24315  3.8254325  1.179e-01  2.862e-01    0.001
     149  24414  3.8160029  1.180e-01  2.859e-01    0.001
     150  24414  3.8160029  1.181e-01  2.856e-01    0.001
     151  24416  3.8145002  1.175e-01  2.853e-01    0.001
     152  24416  3.8145002  1.170e-01  2.850e-01    0.001
     153  24416  3.8145002  1.171e-01  2.848e-01    0.001
     154  24416  3.8145002  1.172e-01  2.845e-01    0.001
     155  24416  3.8145002  1.172e-01  2.842e-01    0.001
     156  24416  3.8145002  1.173e-01  2.839e-01    0.001
     157  24416  3.8145002  1.173e-01  2.836e-01    0.001
     158  24416  3.8145002  1.174e-01  2.833e-01    0.001
     159  24419  3.8150107  1.177e-01  2.831e-01    0.001
     160  24502  3.8143023  1.186e-01  2.828e-01    0.001
     161  24715  3.8138865  1.203e-01  2.825e-01    0.001
     162  25099  3.8114836  1.182e-01  2.822e-01    0.001
     163  25099  3.8114836  1.160e-01  2.819e-01    0.001
     164  25099  3.8114836  1.161e-01  2.816e-01    0.001
     165  25099  3.8114836  1.161e-01  2.814e-01    0.001
     166  25099  3.8114836  1.162e-01  2.811e-01    0.001
     167  25099  3.8114836  1.163e-01  2.808e-01    0.001
     168  25099  3.8114836  1.163e-01  2.805e-01    0.001
     169  25099  3.8114836  1.164e-01  2.802e-01    0.001
     170  25099  3.8114836  1.165e-01  2.800e-01    0.001
     171  25099  3.8114836  1.165e-01  2.797e-01    0.001
     172  25099  3.8114836  1.166e-01  2.794e-01    0.001
     173  25099  3.8114836  1.166e-01  2.791e-01    0.001
     174  25099  3.8114836  1.167e-01  2.788e-01    0.001
     175  25099  3.8114836  1.168e-01  2.786e-01    0.001
     176  25099  3.8114836  1.168e-01  2.783e-01    0.001
     177  25099  3.8114836  1.169e-01  2.780e-01    0.001
     178  25099  3.8114836  1.170e-01  2.777e-01    0.001
     179  25099  3.8114836  1.170e-01  2.775e-01    0.001
     180  25099  3.8114836  1.171e-01  2.772e-01    0.001
     181  25099  3.8114836  1.172e-01  2.769e-01    0.001
     182  25099  3.8114836  1.172e-01  2.766e-01    0.001
     183  25099  3.8114836  1.173e-01  2.763e-01    0.001
     184  25099  3.8114836  1.174e-01  2.761e-01    0.001
     185  25099  3.8114836  1.174e-01  2.758e-01    0.001
     186  25099  3.8114836  1.175e-01  2.755e-01    0.001
     187  25099  3.8114836  1.176e-01  2.752e-01    0.001
     188  25099  3.8114836  1.176e-01  2.750e-01    0.001
     189  25100  3.8116493  1.178e-01  2.747e-01    0.001
     190  25107  3.8091467  1.168e-01  2.744e-01    0.001
     191  25107  3.8091467  1.160e-01  2.741e-01    0.001
     192  25107  3.8091467  1.161e-01  2.739e-01    0.001
     193  25107  3.8091467  1.161e-01  2.736e-01    0.001
     194  25107  3.8091467  1.162e-01  2.733e-01    0.001
     195  25107  3.8091467  1.163e-01  2.731e-01    0.001
     196  25107  3.8091467  1.163e-01  2.728e-01    0.001
     197  25107  3.8091467  1.164e-01  2.725e-01    0.001
     198  25109  3.8094785  1.166e-01  2.722e-01    0.001
     199  25119  3.8129577  1.183e-01  2.720e-01    0.001
     200  25547  3.8038477  1.160e-01  2.717e-01    0.002
     201  25547  3.8038477  1.135e-01  2.714e-01    0.002
     202  25547  3.8038477  1.136e-01  2.711e-01    0.002
     203  25547  3.8038477  1.136e-01  2.709e-01    0.002
     204  25547  3.8038477  1.137e-01  2.706e-01    0.002
     205  25547  3.8038477  1.138e-01  2.703e-01    0.002
     206  25547  3.8038477  1.138e-01  2.701e-01    0.002
     207  25547  3.8038477  1.139e-01  2.698e-01    0.002
     208  25547  3.8038477  1.139e-01  2.695e-01    0.002
     209  25547  3.8038477  1.140e-01  2.693e-01    0.002
     210  25547  3.8038477  1.141e-01  2.690e-01    0.002
     211  25547  3.8038477  1.141e-01  2.687e-01    0.002
     212  25547  3.8038477  1.142e-01  2.685e-01    0.002
     213  25547  3.8038477  1.142e-01  2.682e-01    0.002
     214  25547  3.8038477  1.143e-01  2.679e-01    0.002
     215  25547  3.8038477  1.144e-01  2.676e-01    0.002
     216  25547  3.8038477  1.144e-01  2.674e-01    0.002
     217  25547  3.8038477  1.145e-01  2.671e-01    0.002
     218  25547  3.8038477  1.146e-01  2.668e-01    0.002
     219  25547  3.8038477  1.146e-01  2.666e-01    0.002
     220  25547  3.8038477  1.147e-01  2.663e-01    0.002
     221  25547  3.8038477  1.147e-01  2.660e-01    0.002
     222  25547  3.8038477  1.148e-01  2.658e-01    0.002
     223  25547  3.8038477  1.149e-01  2.655e-01    0.002
     224  25547  3.8038477  1.149e-01  2.653e-01    0.002
     225  25547  3.8038477  1.150e-01  2.650e-01    0.002
     226  25547  3.8038477  1.151e-01  2.647e-01    0.002
     227  25547  3.8038477  1.151e-01  2.645e-01    0.002
     228  25547  3.8038477  1.152e-01  2.642e-01    0.002
     229  25547  3.8038477  1.152e-01  2.639e-01    0.002
     230  25547  3.8038477  1.153e-01  2.637e-01    0.002
     231  25547  3.8038477  1.154e-01  2.634e-01    0.002
     232  25547  3.8038477  1.154e-01  2.631e-01    0.002
     233  25547  3.8038477  1.155e-01  2.629e-01    0.002
     234  25547  3.8038477  1.156e-01  2.626e-01    0.002
     235  25547  3.8038477  1.156e-01  2.624e-01    0.002
     236  25547  3.8038477  1.157e-01  2.621e-01    0.002
     237  25547  3.8038477  1.158e-01  2.618e-01    0.002
     238  25547  3.8038477  1.158e-01  2.616e-01    0.002
     239  25551  3.8039365  1.159e-01  2.613e-01    0.002
     240  25571  3.8058016  1.164e-01  2.610e-01    0.002
     241  25725  3.8123708  1.155e-01  2.608e-01    0.002
     242  25725  3.8123708  1.146e-01  2.605e-01    0.002
     243  25725  3.8123708  1.147e-01  2.603e-01    0.002
     244  25725  3.8123708  1.147e-01  2.600e-01    0.002
     245  25725  3.8123708  1.148e-01  2.597e-01    0.002
     246  25725  3.8123708  1.149e-01  2.595e-01    0.002
     247  25725  3.8123708  1.149e-01  2.592e-01    0.002
     248  25725  3.8123708  1.150e-01  2.590e-01    0.002
     249  25725  3.8123708  1.150e-01  2.587e-01    0.002
     250  25725  3.8123708  1.151e-01  2.584e-01    0.002
     251  25725  3.8123708  1.152e-01  2.582e-01    0.002
     252  25725  3.8123708  1.152e-01  2.579e-01    0.002
     253  25726  3.8121407  1.153e-01  2.577e-01    0.002
     254  25750  3.8121284  1.154e-01  2.574e-01    0.002
     255  25778  3.8103493  1.156e-01  2.572e-01    0.002
     256  25861  3.8001166  1.133e-01  2.569e-01    0.002
     257  25861  3.8001166  1.115e-01  2.566e-01    0.002
     258  25861  3.8001166  1.116e-01  2.564e-01    0.002
     259  25861  3.8001166  1.116e-01  2.561e-01    0.002
     260  25861  3.8001166  1.117e-01  2.559e-01    0.002
     261  25861  3.8001166  1.117e-01  2.556e-01    0.002
     262  25861  3.8001166  1.118e-01  2.554e-01    0.002
     263  25861  3.8001166  1.119e-01  2.551e-01    0.002
     264  25861  3.8001166  1.119e-01  2.549e-01    0.002
     265  25861  3.8001166  1.120e-01  2.546e-01    0.002
     266  25861  3.8001166  1.120e-01  2.543e-01    0.002
     267  25861  3.8001166  1.121e-01  2.541e-01    0.002
     268  25861  3.8001166  1.121e-01  2.538e-01    0.002
     269  25861  3.8001166  1.122e-01  2.536e-01    0.002
     270  25861  3.8001166  1.123e-01  2.533e-01    0.002
     271  25861  3.8001166  1.123e-01  2.531e-01    0.002
     272  25861  3.8001166  1.124e-01  2.528e-01    0.002
     273  25861  3.8001166  1.124e-01  2.526e-01    0.002
     274  25861  3.8001166  1.125e-01  2.523e-01    0.002
     275  25861  3.8001166  1.126e-01  2.521e-01    0.002
     276  25861  3.8001166  1.126e-01  2.518e-01    0.002
     277  25861  3.8001166  1.127e-01  2.516e-01    0.002
     278  25861  3.8001166  1.127e-01  2.513e-01    0.002
     279  25861  3.8001166  1.128e-01  2.511e-01    0.002
     280  25861  3.8001166  1.129e-01  2.508e-01    0.002
     281  25865  3.8012654  1.134e-01  2.506e-01    0.002
     282  25928  3.7950098  1.122e-01  2.503e-01    0.002
     283  25928  3.7950098  1.110e-01  2.501e-01    0.002
     284  25928  3.7950098  1.111e-01  2.498e-01    0.002
     285  25928  3.7950098  1.112e-01  2.496e-01    0.002
     286  25928  3.7950098  1.112e-01  2.493e-01    0.002
     287  25928  3.7950098  1.113e-01  2.491e-01    0.002
     288  25928  3.7950098  1.113e-01  2.488e-01    0.002
     289  25928  3.7950098  1.114e-01  2.486e-01    0.002
     290  25928  3.7950098  1.115e-01  2.483e-01    0.002
     291  25928  3.7950098  1.115e-01  2.481e-01    0.002
     292  25928  3.7950098  1.116e-01  2.478e-01    0.002
     293  25928  3.7950098  1.116e-01  2.476e-01    0.002
     294  25928  3.7950098  1.117e-01  2.473e-01    0.002
     295  25928  3.7950098  1.117e-01  2.471e-01    0.002
     296  25928  3.7950098  1.118e-01  2.468e-01    0.002
     297  25928  3.7950098  1.119e-01  2.466e-01    0.002
     298  25928  3.7950098  1.119e-01  2.463e-01    0.002
     299  25928  3.7950098  1.120e-01  2.461e-01    0.002
     300  25928  3.7950098  1.120e-01  2.458e-01    0.002
     301  25928  3.7950098  1.121e-01  2.456e-01    0.002
     302  25929  3.7951717  1.122e-01  2.454e-01    0.002
     303  25978  3.7966166  1.126e-01  2.451e-01    0.002
     304  26124  3.8048477  1.142e-01  2.449e-01    0.002
     305  26745   3.823644  1.151e-01  2.446e-01    0.002
     306  26889  3.8258495  1.160e-01  2.444e-01    0.002
     307  27268  3.8208829  1.158e-01  2.441e-01    0.002
     308  27268  3.8208829  1.153e-01  2.439e-01    0.002
     309  27268  3.8208829  1.154e-01  2.436e-01    0.002
     310  27268  3.8208829  1.155e-01  2.434e-01    0.002
     311  27268  3.8208829  1.155e-01  2.432e-01    0.002
     312  27268  3.8208829  1.156e-01  2.429e-01    0.002
     313  27268  3.8208829  1.157e-01  2.427e-01    0.002
     314  27268  3.8208829  1.157e-01  2.424e-01    0.002
     315  27268  3.8208829  1.158e-01  2.422e-01    0.002
     316  27268  3.8208829  1.159e-01  2.419e-01    0.002
     317  27295  3.8232727  1.159e-01  2.417e-01    0.002
     318  27337  3.8276066  1.161e-01  2.415e-01    0.002
     319  27484  3.8285945  1.167e-01  2.412e-01    0.002
     320  27699  3.8258361  1.178e-01  2.410e-01    0.002
     321  28022  3.8271323  1.188e-01  2.407e-01    0.002
     322  28249  3.8286072  1.188e-01  2.405e-01    0.002
     323  28249  3.8286072  1.186e-01  2.403e-01    0.002
     324  28254  3.8288432  1.188e-01  2.400e-01    0.002
     325  28342  3.8264044  1.181e-01  2.398e-01    0.002
     326  28342  3.8264044  1.176e-01  2.395e-01    0.002
     327  28342  3.8264044  1.176e-01  2.393e-01    0.002
     328  28342  3.8264044  1.177e-01  2.391e-01    0.002
     329  28342  3.8264044  1.178e-01  2.388e-01    0.002
     330  28342  3.8264044  1.178e-01  2.386e-01    0.002
     331  28342  3.8264044  1.179e-01  2.383e-01    0.002
     332  28342  3.8264044  1.180e-01  2.381e-01    0.002
     333  28342  3.8264044  1.181e-01  2.379e-01    0.002
     334  28353  3.8254672  1.181e-01  2.376e-01    0.002
     335  28357  3.8247763  1.181e-01  2.374e-01    0.002
     336  28396  3.8232145  1.178e-01  2.372e-01    0.002
     337  28396  3.8232145  1.175e-01  2.369e-01    0.002
     338  28396  3.8232145  1.176e-01  2.367e-01    0.002
     339  28396  3.8232145  1.177e-01  2.365e-01    0.002
     340  28396  3.8232145  1.178e-01  2.362e-01    0.002
     341  28422    3.82266  1.181e-01  2.360e-01    0.002
     342  28591   3.822128  1.204e-01  2.357e-01    0.002
     343  29636  3.8024214  1.207e-01  2.355e-01    0.002
     344  29636  3.8024214  1.201e-01  2.353e-01    0.002
     345  29636  3.8024214  1.201e-01  2.350e-01    0.002
     346  29636  3.8024214  1.202e-01  2.348e-01    0.002
     347  29636  3.8024214  1.203e-01  2.346e-01    0.002
     348  29636  3.8024214  1.204e-01  2.343e-01    0.002
     349  29636  3.8024214  1.204e-01  2.341e-01    0.002
     350  29636  3.8024214  1.205e-01  2.339e-01    0.002
     351  29636  3.8024214  1.206e-01  2.336e-01    0.002
     352  29643  3.8033176  1.211e-01  2.334e-01    0.002
     353  29871  3.8064936  1.239e-01  2.332e-01    0.002
     354  31199  3.8073014  1.342e-01  2.329e-01    0.002
     355  31345  3.8059852  1.345e-01  2.327e-01    0.002
     356  31350  3.8054869  1.345e-01  2.325e-01    0.002
     357  31350  3.8054869  1.345e-01  2.322e-01    0.002
     358  31350  3.8054869  1.345e-01  2.320e-01    0.002
     359  31350  3.8054869  1.345e-01  2.318e-01    0.002
     360  31350  3.8054869  1.345e-01  2.315e-01    0.002
     361  31350  3.8054869  1.345e-01  2.313e-01    0.002
     362  31350  3.8054869  1.345e-01  2.311e-01    0.002
     363  31350  3.8054869  1.345e-01  2.308e-01    0.002
     364  31350  3.8054869  1.345e-01  2.306e-01    0.002
     365  31350  3.8054869  1.345e-01  2.304e-01    0.002
     366  31350  3.8054869  1.345e-01  2.302e-01    0.002
     367  31350  3.8054869  1.345e-01  2.299e-01    0.002
     368  31350  3.8054869  1.345e-01  2.297e-01    0.002
     369  31350  3.8054869  1.345e-01  2.295e-01    0.002
     370  31350  3.8054869  1.345e-01  2.292e-01    0.002
     371  31350  3.8054869  1.345e-01  2.290e-01    0.002
     372  31350  3.8054869  1.345e-01  2.288e-01    0.002
     373  31350  3.8054869  1.345e-01  2.286e-01    0.002
     374  31350  3.8054869  1.345e-01  2.283e-01    0.002
     375  31350  3.8054869  1.345e-01  2.281e-01    0.002
     376  31350  3.8054869  1.345e-01  2.279e-01    0.002
     377  31350  3.8054869  1.345e-01  2.276e-01    0.002
     378  31350  3.8054869  1.345e-01  2.274e-01    0.002
     379  31350  3.8054869  1.345e-01  2.272e-01    0.002
     380  31350  3.8054869  1.345e-01  2.270e-01    0.002
     381  31350  3.8054869  1.345e-01  2.267e-01    0.002
     382  31350  3.8054869  1.345e-01  2.265e-01    0.002
     383  31350  3.8054869  1.345e-01  2.263e-01    0.002
     384  31350  3.8054869  1.345e-01  2.261e-01    0.002
     385  31350  3.8054869  1.345e-01  2.258e-01    0.002
     386  31350  3.8054869  1.345e-01  2.256e-01    0.002
     387  31350  3.8054869  1.345e-01  2.254e-01    0.002
     388  31350  3.8054869  1.345e-01  2.251e-01    0.002
     389  31350  3.8054869  1.345e-01  2.249e-01    0.002
     390  31350  3.8054869  1.345e-01  2.247e-01    0.002
     391  31350  3.8054869  1.345e-01  2.245e-01    0.002
     392  31350  3.8054869  1.345e-01  2.243e-01    0.002
     393  31350  3.8054869  1.345e-01  2.240e-01    0.002
     394  31350  3.8054869  1.345e-01  2.238e-01    0.002
     395  31350  3.8054869  1.345e-01  2.236e-01    0.002
     396  31350  3.8054869  1.345e-01  2.234e-01    0.002
     397  31350  3.8054869  1.345e-01  2.231e-01    0.002
     398  31350  3.8054869  1.345e-01  2.229e-01    0.002
     399  31350  3.8054869  1.345e-01  2.227e-01    0.002
     400  31350  3.8054869  1.345e-01  2.225e-01    0.002
     401  31350  3.8054869  1.345e-01  2.222e-01    0.002
     402  31350  3.8054869  1.345e-01  2.220e-01    0.002
     403  31350  3.8054869  1.345e-01  2.218e-01    0.002
     404  31350  3.8054869  1.345e-01  2.216e-01    0.002
     405  31350  3.8054869  1.345e-01  2.214e-01    0.002
     406  31350  3.8054869  1.345e-01  2.211e-01    0.002
     407  31350  3.8054869  1.345e-01  2.209e-01    0.002
     408  31350  3.8054869  1.345e-01  2.207e-01    0.002
     409  31350  3.8054869  1.345e-01  2.205e-01    0.002
     410  31350  3.8054869  1.345e-01  2.203e-01    0.002
     411  31350  3.8054869  1.345e-01  2.200e-01    0.002
     412  31350  3.8054869  1.345e-01  2.198e-01    0.002
     413  31350  3.8054869  1.345e-01  2.196e-01    0.002
     414  31350  3.8054869  1.345e-01  2.194e-01    0.002
     415  31350  3.8054869  1.345e-01  2.192e-01    0.002
     416  31350  3.8054869  1.345e-01  2.189e-01    0.002
     417  31350  3.8054869  1.345e-01  2.187e-01    0.002
     418  31350  3.8054869  1.345e-01  2.185e-01    0.002
     419  31350  3.8054869  1.345e-01  2.183e-01    0.002
     420  31350  3.8054869  1.345e-01  2.181e-01    0.002
     421  31350  3.8054869  1.345e-01  2.178e-01    0.002
     422  31350  3.8054869  1.345e-01  2.176e-01    0.002
     423  31350  3.8054869  1.345e-01  2.174e-01    0.002
     424  31350  3.8054869  1.345e-01  2.172e-01    0.002
     425  31350  3.8054869  1.345e-01  2.170e-01    0.002
     426  31350  3.8054869  1.345e-01  2.168e-01    0.002
     427  31350  3.8054869  1.345e-01  2.165e-01    0.002
     428  31350  3.8054869  1.345e-01  2.163e-01    0.002
     429  31350  3.8054869  1.345e-01  2.161e-01    0.002
     430  31350  3.8054869  1.345e-01  2.159e-01    0.002
     431  31350  3.8054869  1.345e-01  2.157e-01    0.002
     432  31350  3.8054869  1.345e-01  2.155e-01    0.002
     433  31350  3.8054869  1.345e-01  2.152e-01    0.002
     434  31350  3.8054869  1.345e-01  2.150e-01    0.002
     435  31350  3.8054869  1.345e-01  2.148e-01    0.002
     436  31350  3.8054869  1.345e-01  2.146e-01    0.002
     437  31350  3.8054869  1.345e-01  2.144e-01    0.002
     438  31350  3.8054869  1.345e-01  2.142e-01    0.002
     439  31350  3.8054869  1.345e-01  2.140e-01    0.002
     440  31350  3.8054869  1.345e-01  2.137e-01    0.002
     441  31350  3.8054869  1.345e-01  2.135e-01    0.002
     442  31350  3.8054869  1.345e-01  2.133e-01    0.002
     443  31350  3.8054869  1.345e-01  2.131e-01    0.002
     444  31350  3.8054869  1.345e-01  2.129e-01    0.002
     445  31350  3.8054869  1.345e-01  2.127e-01    0.002
     446  31350  3.8054869  1.345e-01  2.125e-01    0.002
     447  31350  3.8054869  1.345e-01  2.123e-01    0.002
     448  31350  3.8054869  1.345e-01  2.120e-01    0.002
     449  31350  3.8054869  1.345e-01  2.118e-01    0.002
     450  31350  3.8054869  1.345e-01  2.116e-01    0.002
     451  31350  3.8054869  1.345e-01  2.114e-01    0.002
     452  31350  3.8054869  1.345e-01  2.112e-01    0.002
     453  31350  3.8054869  1.345e-01  2.110e-01    0.002
     454  31350  3.8054869  1.345e-01  2.108e-01    0.002
     455  31350  3.8054869  1.345e-01  2.106e-01    0.002
     456  31350  3.8054869  1.345e-01  2.104e-01    0.002
     457  31350  3.8054869  1.345e-01  2.101e-01    0.002
     458  31350  3.8054869  1.345e-01  2.099e-01    0.002
     459  31350  3.8054869  1.345e-01  2.097e-01    0.002
     460  31350  3.8054869  1.345e-01  2.095e-01    0.002
     461  31350  3.8054869  1.345e-01  2.093e-01    0.002
     462  31350  3.8054869  1.345e-01  2.091e-01    0.002
     463  31350  3.8054869  1.345e-01  2.089e-01    0.002
     464  31350  3.8054869  1.345e-01  2.087e-01    0.002
     465  31350  3.8054869  1.345e-01  2.085e-01    0.002
     466  31350  3.8054869  1.345e-01  2.083e-01    0.002
     467  31350  3.8054869  1.345e-01  2.081e-01    0.002
     468  31350  3.8054869  1.345e-01  2.078e-01    0.002
     469  31350  3.8054869  1.345e-01  2.076e-01    0.002
     470  31350  3.8054869  1.345e-01  2.074e-01    0.002
     471  31350  3.8054869  1.345e-01  2.072e-01    0.002
     472  31350  3.8054869  1.345e-01  2.070e-01    0.002
     473  31350  3.8054869  1.345e-01  2.068e-01    0.002
     474  31350  3.8054869  1.345e-01  2.066e-01    0.002
     475  31350  3.8054869  1.345e-01  2.064e-01    0.002
     476  31350  3.8054869  1.345e-01  2.062e-01    0.002
     477  31350  3.8054869  1.345e-01  2.060e-01    0.002
     478  31350  3.8054869  1.345e-01  2.058e-01    0.002
     479  31350  3.8054869  1.345e-01  2.056e-01    0.002
     480  31350  3.8054869  1.345e-01  2.054e-01    0.002
     481  31350  3.8054869  1.345e-01  2.052e-01    0.002
     482  31350  3.8054869  1.345e-01  2.050e-01    0.002
     483  31350  3.8054869  1.345e-01  2.048e-01    0.002
     484  31350  3.8054869  1.345e-01  2.045e-01    0.002
     485  31350  3.8054869  1.345e-01  2.043e-01    0.002
     486  31350  3.8054869  1.345e-01  2.041e-01    0.002
     487  31350  3.8054869  1.345e-01  2.039e-01    0.002
     488  31350  3.8054869  1.345e-01  2.037e-01    0.002
     489  31350  3.8054869  1.345e-01  2.035e-01    0.002
     490  31350  3.8054869  1.345e-01  2.033e-01    0.002
     491  31350  3.8054869  1.345e-01  2.031e-01    0.002
     492  31350  3.8054869  1.345e-01  2.029e-01    0.002
     493  31350  3.8054869  1.345e-01  2.027e-01    0.002
     494  31350  3.8054869  1.345e-01  2.025e-01    0.002
     495  31350  3.8054869  1.345e-01  2.023e-01    0.002
     496  31350  3.8054869  1.345e-01  2.021e-01    0.002
     497  31350  3.8054869  1.345e-01  2.019e-01    0.002
     498  31350  3.8054869  1.345e-01  2.017e-01    0.002
     499  31350  3.8054869  1.345e-01  2.015e-01    0.002
     500  31350  3.8054869  1.345e-01  2.013e-01    0.002
     501  31350  3.8054869  1.345e-01  2.011e-01    0.002
     502  31350  3.8054869  1.345e-01  2.009e-01    0.002
     503  31350  3.8054869  1.345e-01  2.007e-01    0.002
     504  31350  3.8054869  1.345e-01  2.005e-01    0.002
     505  31350  3.8054869  1.345e-01  2.003e-01    0.002
     506  31350  3.8054869  1.345e-01  2.001e-01    0.002
     507  31350  3.8054869  1.345e-01  1.999e-01    0.002
     508  31350  3.8054869  1.345e-01  1.997e-01    0.002
     509  31350  3.8054869  1.345e-01  1.995e-01    0.002
     510  31350  3.8054869  1.345e-01  1.993e-01    0.002
     511  31350  3.8054869  1.345e-01  1.991e-01    0.002
     512  31350  3.8054869  1.345e-01  1.989e-01    0.002
     513  31350  3.8054869  1.345e-01  1.987e-01    0.002
     514  31350  3.8054869  1.345e-01  1.985e-01    0.002
     515  31350  3.8054869  1.345e-01  1.983e-01    0.002
     516  31350  3.8054869  1.345e-01  1.981e-01    0.002
     517  31350  3.8054869  1.345e-01  1.979e-01    0.002
     518  31350  3.8054869  1.345e-01  1.977e-01    0.002
     519  31350  3.8054869  1.345e-01  1.975e-01    0.002
     520  31350  3.8054869  1.345e-01  1.973e-01    0.002
     521  31350  3.8054869  1.345e-01  1.971e-01    0.002
     522  31350  3.8054869  1.345e-01  1.969e-01    0.002
     523  31350  3.8054869  1.345e-01  1.967e-01    0.002
     524  31350  3.8054869  1.345e-01  1.965e-01    0.002
     525  31350  3.8054869  1.345e-01  1.963e-01    0.002
     526  31350  3.8054869  1.345e-01  1.961e-01    0.002
     527  31350  3.8054869  1.345e-01  1.959e-01    0.002
     528  31350  3.8054869  1.345e-01  1.957e-01    0.002
     529  31350  3.8054869  1.345e-01  1.956e-01    0.002
     530  31350  3.8054869  1.345e-01  1.954e-01    0.002
     531  31350  3.8054869  1.345e-01  1.952e-01    0.002
     532  31350  3.8054869  1.345e-01  1.950e-01    0.002
     533  31350  3.8054869  1.345e-01  1.948e-01    0.002
     534  31350  3.8054869  1.345e-01  1.946e-01    0.002
     535  31350  3.8054869  1.345e-01  1.944e-01    0.002
     536  31350  3.8054869  1.345e-01  1.942e-01    0.002
     537  31350  3.8054869  1.345e-01  1.940e-01    0.002
     538  31350  3.8054869  1.345e-01  1.938e-01    0.002
     539  31350  3.8054869  1.345e-01  1.936e-01    0.002
     540  31350  3.8054869  1.345e-01  1.934e-01    0.002
     541  31350  3.8054869  1.345e-01  1.932e-01    0.002
     542  31350  3.8054869  1.345e-01  1.930e-01    0.002
     543  31350  3.8054869  1.345e-01  1.928e-01    0.002
     544  31350  3.8054869  1.345e-01  1.926e-01    0.002
     545  31350  3.8054869  1.345e-01  1.925e-01    0.002
     546  31350  3.8054869  1.345e-01  1.923e-01    0.002
     547  31350  3.8054869  1.345e-01  1.921e-01    0.002
     548  31350  3.8054869  1.345e-01  1.919e-01    0.002
     549  31350  3.8054869  1.345e-01  1.917e-01    0.002
     550  31350  3.8054869  1.345e-01  1.915e-01    0.002
     551  31350  3.8054869  1.345e-01  1.913e-01    0.002
     552  31350  3.8054869  1.345e-01  1.911e-01    0.002
     553  31350  3.8054869  1.345e-01  1.909e-01    0.002
     554  31350  3.8054869  1.345e-01  1.907e-01    0.002
     555  31350  3.8054869  1.345e-01  1.905e-01    0.002
     556  31350  3.8054869  1.345e-01  1.903e-01    0.002
     557  31350  3.8054869  1.345e-01  1.902e-01    0.002
     558  31350  3.8054869  1.345e-01  1.900e-01    0.002
     559  31350  3.8054869  1.345e-01  1.898e-01    0.002
     560  31350  3.8054869  1.345e-01  1.896e-01    0.002
     561  31350  3.8054869  1.345e-01  1.894e-01    0.002
     562  31350  3.8054869  1.345e-01  1.892e-01    0.002
     563  31350  3.8054869  1.345e-01  1.890e-01    0.002
     564  31350  3.8054869  1.345e-01  1.888e-01    0.002
     565  31350  3.8054869  1.345e-01  1.886e-01    0.002
     566  31350  3.8054869  1.345e-01  1.885e-01    0.002
     567  31350  3.8054869  1.345e-01  1.883e-01    0.002
     568  31350  3.8054869  1.345e-01  1.881e-01    0.002
     569  31350  3.8054869  1.345e-01  1.879e-01    0.002
     570  31350  3.8054869  1.345e-01  1.877e-01    0.002
     571  31350  3.8054869  1.345e-01  1.875e-01    0.002
     572  31350  3.8054869  1.345e-01  1.873e-01    0.002
     573  31350  3.8054869  1.345e-01  1.871e-01    0.002
     574  31350  3.8054869  1.345e-01  1.870e-01    0.002
     575  31350  3.8054869  1.345e-01  1.868e-01    0.002
     576  31350  3.8054869  1.345e-01  1.866e-01    0.002
     577  31350  3.8054869  1.345e-01  1.864e-01    0.002
     578  31350  3.8054869  1.345e-01  1.862e-01    0.002
     579  31350  3.8054869  1.345e-01  1.860e-01    0.002
     580  31350  3.8054869  1.345e-01  1.858e-01    0.002
     581  31350  3.8054869  1.345e-01  1.856e-01    0.002
     582  31350  3.8054869  1.345e-01  1.855e-01    0.002
     583  31350  3.8054869  1.345e-01  1.853e-01    0.002
     584  31350  3.8054869  1.345e-01  1.851e-01    0.002
     585  31350  3.8054869  1.345e-01  1.849e-01    0.002
     586  31350  3.8054869  1.345e-01  1.847e-01    0.002
     587  31350  3.8054869  1.345e-01  1.845e-01    0.002
     588  31350  3.8054869  1.345e-01  1.844e-01    0.002
     589  31350  3.8054869  1.345e-01  1.842e-01    0.002
     590  31350  3.8054869  1.345e-01  1.840e-01    0.002
     591  31350  3.8054869  1.345e-01  1.838e-01    0.002
     592  31350  3.8054869  1.345e-01  1.836e-01    0.002
     593  31350  3.8054869  1.345e-01  1.834e-01    0.002
     594  31350  3.8054869  1.345e-01  1.833e-01    0.002
     595  31350  3.8054869  1.345e-01  1.831e-01    0.002
     596  31350  3.8054869  1.345e-01  1.829e-01    0.002
     597  31350  3.8054869  1.345e-01  1.827e-01    0.002
     598  31350  3.8054869  1.345e-01  1.825e-01    0.002
     599  31350  3.8054869  1.345e-01  1.823e-01    0.002
     600  31350  3.8054869  1.345e-01  1.822e-01    0.002
     601  31350  3.8054869  1.345e-01  1.820e-01    0.002
     602  31350  3.8054869  1.345e-01  1.818e-01    0.002
     603  31350  3.8054869  1.345e-01  1.816e-01    0.002
     604  31350  3.8054869  1.345e-01  1.814e-01    0.002
     605  31350  3.8054869  1.345e-01  1.812e-01    0.002
     606  31350  3.8054869  1.345e-01  1.811e-01    0.002
     607  31350  3.8054869  1.345e-01  1.809e-01    0.002
     608  31350  3.8054869  1.345e-01  1.807e-01    0.002
     609  31350  3.8054869  1.345e-01  1.805e-01    0.002
     610  31350  3.8054869  1.345e-01  1.803e-01    0.002
     611  31350  3.8054869  1.345e-01  1.802e-01    0.002
     612  31350  3.8054869  1.345e-01  1.800e-01    0.002
     613  31350  3.8054869  1.345e-01  1.798e-01    0.002
     614  31350  3.8054869  1.345e-01  1.796e-01    0.002
     615  31350  3.8054869  1.345e-01  1.794e-01    0.002
     616  31350  3.8054869  1.345e-01  1.793e-01    0.002
     617  31350  3.8054869  1.345e-01  1.791e-01    0.002
     618  31350  3.8054869  1.345e-01  1.789e-01    0.002
     619  31350  3.8054869  1.345e-01  1.787e-01    0.002
     620  31350  3.8054869  1.345e-01  1.786e-01    0.002
     621  31350  3.8054869  1.345e-01  1.784e-01    0.002
     622  31350  3.8054869  1.345e-01  1.782e-01    0.002
     623  31350  3.8054869  1.345e-01  1.780e-01    0.002
     624  31350  3.8054869  1.345e-01  1.778e-01    0.002
     625  31350  3.8054869  1.345e-01  1.777e-01    0.002
     626  31350  3.8054869  1.345e-01  1.775e-01    0.002
     627  31350  3.8054869  1.345e-01  1.773e-01    0.002
     628  31350  3.8054869  1.345e-01  1.771e-01    0.002
     629  31350  3.8054869  1.345e-01  1.770e-01    0.002
     630  31350  3.8054869  1.345e-01  1.768e-01    0.002
     631  31350  3.8054869  1.345e-01  1.766e-01    0.002
     632  31350  3.8054869  1.345e-01  1.764e-01    0.002
     633  31350  3.8054869  1.345e-01  1.762e-01    0.002
     634  31350  3.8054869  1.345e-01  1.761e-01    0.002
     635  31350  3.8054869  1.345e-01  1.759e-01    0.002
     636  31350  3.8054869  1.345e-01  1.757e-01    0.002
     637  31350  3.8054869  1.345e-01  1.755e-01    0.002
     638  31350  3.8054869  1.345e-01  1.754e-01    0.002
     639  31350  3.8054869  1.345e-01  1.752e-01    0.002
     640  31350  3.8054869  1.345e-01  1.750e-01    0.002
     641  31350  3.8054869  1.345e-01  1.748e-01    0.002
     642  31350  3.8054869  1.345e-01  1.747e-01    0.002
     643  31350  3.8054869  1.345e-01  1.745e-01    0.002
     644  31350  3.8054869  1.345e-01  1.743e-01    0.002
     645  31350  3.8054869  1.345e-01  1.741e-01    0.002
     646  31350  3.8054869  1.345e-01  1.740e-01    0.002
     647  31350  3.8054869  1.345e-01  1.738e-01    0.002
     648  31350  3.8054869  1.345e-01  1.736e-01    0.002
     649  31350  3.8054869  1.345e-01  1.735e-01    0.002
     650  31350  3.8054869  1.345e-01  1.733e-01    0.002
     651  31350  3.8054869  1.345e-01  1.731e-01    0.002
     652  31350  3.8054869  1.345e-01  1.729e-01    0.002
     653  31350  3.8054869  1.345e-01  1.728e-01    0.002
     654  31350  3.8054869  1.345e-01  1.726e-01    0.002
     655  31350  3.8054869  1.345e-01  1.724e-01    0.002
     656  31350  3.8054869  1.345e-01  1.722e-01    0.002
     657  31350  3.8054869  1.345e-01  1.721e-01    0.002
     658  31350  3.8054869  1.345e-01  1.719e-01    0.002
     659  31350  3.8054869  1.345e-01  1.717e-01    0.002
     660  31350  3.8054869  1.345e-01  1.716e-01    0.002
     661  31350  3.8054869  1.345e-01  1.714e-01    0.002
     662  31350  3.8054869  1.345e-01  1.712e-01    0.002
     663  31350  3.8054869  1.345e-01  1.710e-01    0.002
     664  31350  3.8054869  1.345e-01  1.709e-01    0.002
     665  31350  3.8054869  1.345e-01  1.707e-01    0.002
     666  31350  3.8054869  1.345e-01  1.705e-01    0.002
     667  31350  3.8054869  1.345e-01  1.704e-01    0.002
     668  31350  3.8054869  1.345e-01  1.702e-01    0.002
     669  31350  3.8054869  1.345e-01  1.700e-01    0.002
     670  31350  3.8054869  1.345e-01  1.698e-01    0.002
     671  31350  3.8054869  1.345e-01  1.697e-01    0.002
     672  31350  3.8054869  1.345e-01  1.695e-01    0.002
     673  31350  3.8054869  1.345e-01  1.693e-01    0.002
     674  31350  3.8054869  1.345e-01  1.692e-01    0.002
     675  31350  3.8054869  1.345e-01  1.690e-01    0.002
     676  31350  3.8054869  1.345e-01  1.688e-01    0.002
     677  31350  3.8054869  1.345e-01  1.687e-01    0.002
     678  31350  3.8054869  1.345e-01  1.685e-01    0.002
     679  31350  3.8054869  1.345e-01  1.683e-01    0.002
     680  31350  3.8054869  1.345e-01  1.682e-01    0.002
     681  31350  3.8054869  1.345e-01  1.680e-01    0.002
     682  31350  3.8054869  1.345e-01  1.678e-01    0.002
     683  31350  3.8054869  1.345e-01  1.677e-01    0.002
     684  31350  3.8054869  1.345e-01  1.675e-01    0.002
     685  31350  3.8054869  1.345e-01  1.673e-01    0.002
     686  31350  3.8054869  1.345e-01  1.672e-01    0.002
     687  31350  3.8054869  1.345e-01  1.670e-01    0.002
     688  31350  3.8054869  1.345e-01  1.668e-01    0.002
     689  31350  3.8054869  1.345e-01  1.667e-01    0.002
     690  31350  3.8054869  1.345e-01  1.665e-01    0.002
     691  31350  3.8054869  1.345e-01  1.663e-01    0.002
     692  31350  3.8054869  1.345e-01  1.662e-01    0.002
     693  31350  3.8054869  1.345e-01  1.660e-01    0.002
     694  31350  3.8054869  1.345e-01  1.658e-01    0.002
     695  31350  3.8054869  1.345e-01  1.657e-01    0.002
     696  31350  3.8054869  1.345e-01  1.655e-01    0.002
     697  31350  3.8054869  1.345e-01  1.653e-01    0.002
     698  31350  3.8054869  1.345e-01  1.652e-01    0.002
     699  31350  3.8054869  1.345e-01  1.650e-01    0.002
     700  31350  3.8054869  1.345e-01  1.648e-01    0.002
     701  31350  3.8054869  1.345e-01  1.647e-01    0.002
     702  31350  3.8054869  1.345e-01  1.645e-01    0.002
     703  31350  3.8054869  1.345e-01  1.643e-01    0.002
     704  31350  3.8054869  1.345e-01  1.642e-01    0.002
     705  31350  3.8054869  1.345e-01  1.640e-01    0.002
     706  31350  3.8054869  1.345e-01  1.638e-01    0.002
     707  31350  3.8054869  1.345e-01  1.637e-01    0.002
     708  31350  3.8054869  1.345e-01  1.635e-01    0.002
     709  31350  3.8054869  1.345e-01  1.634e-01    0.002
     710  31350  3.8054869  1.345e-01  1.632e-01    0.002
     711  31350  3.8054869  1.345e-01  1.630e-01    0.002
     712  31350  3.8054869  1.345e-01  1.629e-01    0.002
     713  31350  3.8054869  1.345e-01  1.627e-01    0.002
     714  31350  3.8054869  1.345e-01  1.625e-01    0.002
     715  31350  3.8054869  1.345e-01  1.624e-01    0.002
     716  31350  3.8054869  1.345e-01  1.622e-01    0.002
     717  31350  3.8054869  1.345e-01  1.621e-01    0.002
     718  31350  3.8054869  1.345e-01  1.619e-01    0.002
     719  31350  3.8054869  1.345e-01  1.617e-01    0.002
     720  31350  3.8054869  1.345e-01  1.616e-01    0.002
     721  31350  3.8054869  1.345e-01  1.614e-01    0.002
     722  31350  3.8054869  1.345e-01  1.612e-01    0.002
     723  31350  3.8054869  1.345e-01  1.611e-01    0.002
     724  31350  3.8054869  1.345e-01  1.609e-01    0.002
     725  31350  3.8054869  1.345e-01  1.608e-01    0.002
     726  31350  3.8054869  1.345e-01  1.606e-01    0.002
     727  31350  3.8054869  1.345e-01  1.604e-01    0.002
     728  31350  3.8054869  1.345e-01  1.603e-01    0.002
     729  31350  3.8054869  1.345e-01  1.601e-01    0.002
     730  31350  3.8054869  1.345e-01  1.600e-01    0.002
     731  31350  3.8054869  1.345e-01  1.598e-01    0.002
     732  31350  3.8054869  1.345e-01  1.596e-01    0.002
     733  31350  3.8054869  1.345e-01  1.595e-01    0.002
     734  31350  3.8054869  1.345e-01  1.593e-01    0.002
     735  31350  3.8054869  1.345e-01  1.592e-01    0.002
     736  31350  3.8054869  1.345e-01  1.590e-01    0.002
     737  31350  3.8054869  1.345e-01  1.588e-01    0.002
     738  31350  3.8054869  1.345e-01  1.587e-01    0.002
     739  31350  3.8054869  1.345e-01  1.585e-01    0.002
     740  31350  3.8054869  1.345e-01  1.584e-01    0.002
     741  31350  3.8054869  1.345e-01  1.582e-01    0.002
     742  31350  3.8054869  1.345e-01  1.581e-01    0.002
     743  31350  3.8054869  1.345e-01  1.579e-01    0.002
     744  31350  3.8054869  1.345e-01  1.577e-01    0.002
     745  31350  3.8054869  1.345e-01  1.576e-01    0.002
     746  31350  3.8054869  1.345e-01  1.574e-01    0.002
     747  31350  3.8054869  1.345e-01  1.573e-01    0.002
     748  31350  3.8054869  1.345e-01  1.571e-01    0.002
     749  31350  3.8054869  1.345e-01  1.570e-01    0.002
     750  31350  3.8054869  1.345e-01  1.568e-01    0.002
     751  31350  3.8054869  1.345e-01  1.566e-01    0.002
     752  31350  3.8054869  1.345e-01  1.565e-01    0.002
     753  31350  3.8054869  1.345e-01  1.563e-01    0.002
     754  31350  3.8054869  1.345e-01  1.562e-01    0.002
     755  31350  3.8054869  1.345e-01  1.560e-01    0.002
     756  31350  3.8054869  1.345e-01  1.559e-01    0.002
     757  31350  3.8054869  1.345e-01  1.557e-01    0.002
     758  31350  3.8054869  1.345e-01  1.555e-01    0.002
     759  31350  3.8054869  1.345e-01  1.554e-01    0.002
     760  31350  3.8054869  1.345e-01  1.552e-01    0.002
     761  31350  3.8054869  1.345e-01  1.551e-01    0.002
     762  31350  3.8054869  1.345e-01  1.549e-01    0.002
     763  31350  3.8054869  1.345e-01  1.548e-01    0.002
     764  31350  3.8054869  1.345e-01  1.546e-01    0.002
     765  31350  3.8054869  1.345e-01  1.545e-01    0.002
     766  31350  3.8054869  1.345e-01  1.543e-01    0.002
     767  31350  3.8054869  1.345e-01  1.542e-01    0.002
     768  31350  3.8054869  1.345e-01  1.540e-01    0.002
     769  31350  3.8054869  1.345e-01  1.538e-01    0.002
     770  31350  3.8054869  1.345e-01  1.537e-01    0.002
     771  31350  3.8054869  1.345e-01  1.535e-01    0.002
     772  31350  3.8054869  1.345e-01  1.534e-01    0.002
     773  31350  3.8054869  1.345e-01  1.532e-01    0.002
     774  31350  3.8054869  1.345e-01  1.531e-01    0.002
     775  31350  3.8054869  1.345e-01  1.529e-01    0.002
     776  31350  3.8054869  1.345e-01  1.528e-01    0.002
     777  31350  3.8054869  1.345e-01  1.526e-01    0.002
     778  31350  3.8054869  1.345e-01  1.525e-01    0.002
     779  31350  3.8054869  1.345e-01  1.523e-01    0.002
     780  31350  3.8054869  1.345e-01  1.522e-01    0.002
     781  31350  3.8054869  1.345e-01  1.520e-01    0.002
     782  31350  3.8054869  1.345e-01  1.519e-01    0.002
     783  31350  3.8054869  1.345e-01  1.517e-01    0.002
     784  31350  3.8054869  1.345e-01  1.516e-01    0.002
     785  31350  3.8054869  1.345e-01  1.514e-01    0.002
     786  31350  3.8054869  1.345e-01  1.513e-01    0.002
     787  31350  3.8054869  1.345e-01  1.511e-01    0.002
     788  31350  3.8054869  1.345e-01  1.510e-01    0.002
     789  31350  3.8054869  1.345e-01  1.508e-01    0.002
     790  31350  3.8054869  1.345e-01  1.507e-01    0.002
     791  31350  3.8054869  1.345e-01  1.505e-01    0.002
     792  31350  3.8054869  1.345e-01  1.504e-01    0.002
     793  31350  3.8054869  1.345e-01  1.502e-01    0.002
     794  31350  3.8054869  1.345e-01  1.500e-01    0.002
     795  31350  3.8054869  1.345e-01  1.499e-01    0.002
     796  31350  3.8054869  1.345e-01  1.498e-01    0.002
     797  31350  3.8054869  1.345e-01  1.496e-01    0.002
     798  31350  3.8054869  1.345e-01  1.495e-01    0.002
     799  31350  3.8054869  1.345e-01  1.493e-01    0.002
     800  31350  3.8054869  1.345e-01  1.492e-01    0.002
     801  31350  3.8054869  1.345e-01  1.490e-01    0.002
     802  31350  3.8054869  1.345e-01  1.489e-01    0.002
     803  31350  3.8054869  1.345e-01  1.487e-01    0.002
     804  31350  3.8054869  1.345e-01  1.486e-01    0.002
     805  31350  3.8054869  1.345e-01  1.484e-01    0.002
     806  31350  3.8054869  1.345e-01  1.483e-01    0.002
     807  31350  3.8054869  1.345e-01  1.481e-01    0.002
     808  31350  3.8054869  1.345e-01  1.480e-01    0.002
     809  31350  3.8054869  1.345e-01  1.478e-01    0.002
     810  31350  3.8054869  1.345e-01  1.477e-01    0.002
     811  31350  3.8054869  1.345e-01  1.475e-01    0.002
     812  31350  3.8054869  1.345e-01  1.474e-01    0.002
     813  31350  3.8054869  1.345e-01  1.472e-01    0.002
     814  31350  3.8054869  1.345e-01  1.471e-01    0.002
     815  31350  3.8054869  1.345e-01  1.469e-01    0.002
     816  31350  3.8054869  1.345e-01  1.468e-01    0.002
     817  31350  3.8054869  1.345e-01  1.466e-01    0.002
     818  31350  3.8054869  1.345e-01  1.465e-01    0.002
     819  31350  3.8054869  1.345e-01  1.463e-01    0.002
     820  31350  3.8054869  1.345e-01  1.462e-01    0.002
     821  31350  3.8054869  1.345e-01  1.461e-01    0.002
     822  31350  3.8054869  1.345e-01  1.459e-01    0.002
     823  31350  3.8054869  1.345e-01  1.458e-01    0.002
     824  31350  3.8054869  1.345e-01  1.456e-01    0.002
     825  31350  3.8054869  1.345e-01  1.455e-01    0.002
     826  31350  3.8054869  1.345e-01  1.453e-01    0.002
     827  31350  3.8054869  1.345e-01  1.452e-01    0.002
     828  31350  3.8054869  1.345e-01  1.450e-01    0.002
     829  31350  3.8054869  1.345e-01  1.449e-01    0.002
     830  31350  3.8054869  1.345e-01  1.447e-01    0.002
     831  31350  3.8054869  1.345e-01  1.446e-01    0.002
     832  31350  3.8054869  1.345e-01  1.445e-01    0.002
     833  31350  3.8054869  1.345e-01  1.443e-01    0.002
     834  31350  3.8054869  1.345e-01  1.442e-01    0.002
     835  31350  3.8054869  1.345e-01  1.440e-01    0.002
     836  31350  3.8054869  1.345e-01  1.439e-01    0.002
     837  31350  3.8054869  1.345e-01  1.437e-01    0.002
     838  31350  3.8054869  1.345e-01  1.436e-01    0.002
     839  31350  3.8054869  1.345e-01  1.435e-01    0.002
     840  31350  3.8054869  1.345e-01  1.433e-01    0.002
     841  31350  3.8054869  1.345e-01  1.432e-01    0.002
     842  31350  3.8054869  1.345e-01  1.430e-01    0.002
     843  31350  3.8054869  1.345e-01  1.429e-01    0.002
     844  31350  3.8054869  1.345e-01  1.427e-01    0.002
     845  31350  3.8054869  1.345e-01  1.426e-01    0.002
     846  31350  3.8054869  1.345e-01  1.425e-01    0.002
     847  31350  3.8054869  1.345e-01  1.423e-01    0.002
     848  31350  3.8054869  1.345e-01  1.422e-01    0.002
     849  31350  3.8054869  1.345e-01  1.420e-01    0.002
     850  31350  3.8054869  1.345e-01  1.419e-01    0.002
     851  31350  3.8054869  1.345e-01  1.417e-01    0.002
     852  31350  3.8054869  1.345e-01  1.416e-01    0.002
     853  31350  3.8054869  1.345e-01  1.415e-01    0.002
     854  31350  3.8054869  1.345e-01  1.413e-01    0.002
     855  31350  3.8054869  1.345e-01  1.412e-01    0.002
     856  31350  3.8054869  1.345e-01  1.410e-01    0.002
     857  31350  3.8054869  1.345e-01  1.409e-01    0.002
     858  31350  3.8054869  1.345e-01  1.408e-01    0.002
     859  31350  3.8054869  1.345e-01  1.406e-01    0.002
     860  31350  3.8054869  1.345e-01  1.405e-01    0.002
     861  31350  3.8054869  1.345e-01  1.403e-01    0.002
     862  31350  3.8054869  1.345e-01  1.402e-01    0.002
     863  31350  3.8054869  1.345e-01  1.401e-01    0.002
     864  31350  3.8054869  1.345e-01  1.399e-01    0.002
     865  31350  3.8054869  1.345e-01  1.398e-01    0.002
     866  31350  3.8054869  1.345e-01  1.396e-01    0.002
     867  31350  3.8054869  1.345e-01  1.395e-01    0.002
     868  31350  3.8054869  1.345e-01  1.394e-01    0.002
     869  31350  3.8054869  1.345e-01  1.392e-01    0.002
     870  31350  3.8054869  1.345e-01  1.391e-01    0.002
     871  31350  3.8054869  1.345e-01  1.389e-01    0.002
     872  31350  3.8054869  1.345e-01  1.388e-01    0.002
     873  31350  3.8054869  1.345e-01  1.387e-01    0.002
     874  31350  3.8054869  1.345e-01  1.385e-01    0.002
     875  31350  3.8054869  1.345e-01  1.384e-01    0.002
     876  31350  3.8054869  1.345e-01  1.382e-01    0.002
     877  31350  3.8054869  1.345e-01  1.381e-01    0.002
     878  31350  3.8054869  1.345e-01  1.380e-01    0.002
     879  31350  3.8054869  1.345e-01  1.378e-01    0.002
     880  31350  3.8054869  1.345e-01  1.377e-01    0.002
     881  31350  3.8054869  1.345e-01  1.376e-01    0.002
     882  31350  3.8054869  1.345e-01  1.374e-01    0.002
     883  31350  3.8054869  1.345e-01  1.373e-01    0.002
     884  31350  3.8054869  1.345e-01  1.371e-01    0.002
     885  31350  3.8054869  1.345e-01  1.370e-01    0.002
     886  31350  3.8054869  1.345e-01  1.369e-01    0.002
     887  31350  3.8054869  1.345e-01  1.367e-01    0.002
     888  31350  3.8054869  1.345e-01  1.366e-01    0.002
     889  31350  3.8054869  1.345e-01  1.365e-01    0.002
     890  31350  3.8054869  1.345e-01  1.363e-01    0.002
     891  31350  3.8054869  1.345e-01  1.362e-01    0.002
     892  31350  3.8054869  1.345e-01  1.360e-01    0.002
     893  31350  3.8054869  1.345e-01  1.359e-01    0.002
     894  31350  3.8054869  1.345e-01  1.358e-01    0.002
     895  31350  3.8054869  1.345e-01  1.356e-01    0.002
     896  31350  3.8054869  1.345e-01  1.355e-01    0.002
     897  31350  3.8054869  1.345e-01  1.354e-01    0.002
     898  31350  3.8054869  1.345e-01  1.352e-01    0.002
     899  31350  3.8054869  1.345e-01  1.351e-01    0.002
     900  31350  3.8054869  1.345e-01  1.350e-01    0.002
     901  31350  3.8054869  1.345e-01  1.348e-01    0.002
     902  31350  3.8054869  1.345e-01  1.347e-01    0.002
     903  31350  3.8054869  1.345e-01  1.346e-01    0.002
     904  31653  3.6622532  7.353e-02  1.344e-01    0.002
     905  31679  3.6674704  7.068e-02  1.343e-01    0.002
     906  31679  3.6674704  7.168e-02  1.342e-01    0.002
     907  31679  3.6674704  7.168e-02  1.340e-01    0.002
     908  31679  3.6674704  7.167e-02  1.339e-01    0.002
     909  31679  3.6674704  7.167e-02  1.338e-01    0.002
     910  31679  3.6674704  7.166e-02  1.336e-01    0.002
     911  31679  3.6674704  7.165e-02  1.335e-01    0.002
     912  31679  3.6674704  7.165e-02  1.334e-01    0.002
     913  31679  3.6674704  7.164e-02  1.332e-01    0.002
     914  31679  3.6674704  7.163e-02  1.331e-01    0.002
     915  31679  3.6674704  7.163e-02  1.330e-01    0.002
     916  31679  3.6674704  7.162e-02  1.328e-01    0.002
     917  31679  3.6674704  7.162e-02  1.327e-01    0.002
     918  31679  3.6674704  7.161e-02  1.326e-01    0.002
     919  31679  3.6674704  7.160e-02  1.324e-01    0.002
     920  31679  3.6674704  7.160e-02  1.323e-01    0.002
     921  31679  3.6674704  7.159e-02  1.322e-01    0.002
     922  31679  3.6674704  7.159e-02  1.320e-01    0.002
     923  31679  3.6674704  7.158e-02  1.319e-01    0.002
     924  31679  3.6674704  7.157e-02  1.318e-01    0.002
     925  31679  3.6674704  7.157e-02  1.316e-01    0.002
     926  31679  3.6674704  7.156e-02  1.315e-01    0.002
     927  31679  3.6674704  7.155e-02  1.314e-01    0.002
     928  31679  3.6674704  7.155e-02  1.312e-01    0.002
     929  31679  3.6674704  7.154e-02  1.311e-01    0.002
     930  31679  3.6674704  7.154e-02  1.310e-01    0.002
     931  31679  3.6674704  7.153e-02  1.308e-01    0.002
     932  31679  3.6674704  7.152e-02  1.307e-01    0.002
     933  31679  3.6674704  7.152e-02  1.306e-01    0.002
     934  31679  3.6674704  7.151e-02  1.305e-01    0.002
     935  31679  3.6674704  7.150e-02  1.303e-01    0.002
     936  31679  3.6674704  7.150e-02  1.302e-01    0.002
     937  31679  3.6674704  7.149e-02  1.301e-01    0.002
     938  31679  3.6674704  7.149e-02  1.299e-01    0.002
     939  31679  3.6674704  7.148e-02  1.298e-01    0.002
     940  31679  3.6674704  7.147e-02  1.297e-01    0.002
     941  31679  3.6674704  7.147e-02  1.295e-01    0.002
     942  31679  3.6674704  7.146e-02  1.294e-01    0.002
     943  31679  3.6674704  7.145e-02  1.293e-01    0.002
     944  31679  3.6674704  7.145e-02  1.292e-01    0.002
     945  31679  3.6674704  7.144e-02  1.290e-01    0.002
     946  31679  3.6674704  7.143e-02  1.289e-01    0.002
     947  31679  3.6674704  7.143e-02  1.288e-01    0.002
     948  31679  3.6674704  7.142e-02  1.286e-01    0.002
     949  31679  3.6674704  7.141e-02  1.285e-01    0.002
     950  31679  3.6674704  7.141e-02  1.284e-01    0.002
     951  31679  3.6674704  7.140e-02  1.283e-01    0.002
     952  31679  3.6674704  7.139e-02  1.281e-01    0.002
     953  31679  3.6674704  7.139e-02  1.280e-01    0.002
     954  31679  3.6674704  7.138e-02  1.279e-01    0.002
     955  31679  3.6674704  7.137e-02  1.277e-01    0.002
     956  31679  3.6674704  7.137e-02  1.276e-01    0.002
     957  31679  3.6674704  7.136e-02  1.275e-01    0.002
     958  31679  3.6674704  7.135e-02  1.274e-01    0.002
     959  31679  3.6674704  7.135e-02  1.272e-01    0.002
     960  31679  3.6674704  7.134e-02  1.271e-01    0.002
     961  31679  3.6674704  7.133e-02  1.270e-01    0.002
     962  31679  3.6674704  7.133e-02  1.269e-01    0.002
     963  31679  3.6674704  7.132e-02  1.267e-01    0.002
     964  31679  3.6674704  7.131e-02  1.266e-01    0.002
     965  31679  3.6674704  7.131e-02  1.265e-01    0.002
     966  31679  3.6674704  7.130e-02  1.263e-01    0.002
     967  31679  3.6674704  7.129e-02  1.262e-01    0.002
     968  31679  3.6674704  7.129e-02  1.261e-01    0.002
     969  31679  3.6674704  7.128e-02  1.260e-01    0.002
     970  31679  3.6674704  7.127e-02  1.258e-01    0.002
     971  31679  3.6674704  7.127e-02  1.257e-01    0.002
     972  31679  3.6674704  7.126e-02  1.256e-01    0.002
     973  31679  3.6674704  7.125e-02  1.255e-01    0.002
     974  31679  3.6674704  7.125e-02  1.253e-01    0.002
     975  31679  3.6674704  7.124e-02  1.252e-01    0.002
     976  31679  3.6674704  7.123e-02  1.251e-01    0.002
     977  31679  3.6674704  7.123e-02  1.250e-01    0.002
     978  31679  3.6674704  7.122e-02  1.248e-01    0.002
     979  31679  3.6674704  7.121e-02  1.247e-01    0.002
     980  31679  3.6674704  7.120e-02  1.246e-01    0.002
     981  31679  3.6674704  7.120e-02  1.245e-01    0.002
     982  31679  3.6674704  7.119e-02  1.243e-01    0.002
     983  31679  3.6674704  7.118e-02  1.242e-01    0.002
     984  31679  3.6674704  7.118e-02  1.241e-01    0.002
     985  31679  3.6674704  7.117e-02  1.240e-01    0.002
     986  31679  3.6674704  7.116e-02  1.238e-01    0.002
     987  31679  3.6674704  7.115e-02  1.237e-01    0.002
     988  31679  3.6674704  7.115e-02  1.236e-01    0.002
     989  31679  3.6674704  7.114e-02  1.235e-01    0.002
     990  31679  3.6674704  7.113e-02  1.234e-01    0.002
     991  31679  3.6674704  7.113e-02  1.232e-01    0.002
     992  31679  3.6674704  7.112e-02  1.231e-01    0.002
     993  31679  3.6674704  7.111e-02  1.230e-01    0.002
     994  31679  3.6674704  7.110e-02  1.229e-01    0.002
     995  31679  3.6674704  7.110e-02  1.227e-01    0.002
     996  31679  3.6674704  7.109e-02  1.226e-01    0.002
     997  31679  3.6674704  7.108e-02  1.225e-01    0.002
     998  31679  3.6674704  7.108e-02  1.224e-01    0.002
     999  31679  3.6674704  7.107e-02  1.223e-01    0.002
    1000  31679  3.6674704  7.106e-02  1.221e-01    0.002
    1001  31679  3.6674704  7.105e-02  1.220e-01    0.002
    1002  31679  3.6674704  7.105e-02  1.219e-01    0.002
    1003  31679  3.6674704  7.104e-02  1.218e-01    0.002
    1004  31679  3.6674704  7.103e-02  1.216e-01    0.003
    1005  31679  3.6674704  7.102e-02  1.215e-01    0.003
    1006  31679  3.6674704  7.102e-02  1.214e-01    0.003
    1007  31679  3.6674704  7.101e-02  1.213e-01    0.003
    1008  31679  3.6674704  7.100e-02  1.212e-01    0.003
    1009  31679  3.6674704  7.100e-02  1.210e-01    0.003
    1010  31679  3.6674704  7.099e-02  1.209e-01    0.003
    1011  31679  3.6674704  7.098e-02  1.208e-01    0.003
    1012  31679  3.6674704  7.097e-02  1.207e-01    0.003
    1013  31679  3.6674704  7.097e-02  1.206e-01    0.003
    1014  31679  3.6674704  7.096e-02  1.204e-01    0.003
    1015  31679  3.6674704  7.095e-02  1.203e-01    0.003
    1016  31679  3.6674704  7.094e-02  1.202e-01    0.003
    1017  31679  3.6674704  7.094e-02  1.201e-01    0.003
    1018  31679  3.6674704  7.093e-02  1.200e-01    0.003
    1019  31679  3.6674704  7.092e-02  1.198e-01    0.003
    1020  31679  3.6674704  7.091e-02  1.197e-01    0.003
    1021  31679  3.6674704  7.091e-02  1.196e-01    0.003
    1022  31679  3.6674704  7.090e-02  1.195e-01    0.003
    1023  31679  3.6674704  7.089e-02  1.194e-01    0.003
    1024  31679  3.6674704  7.088e-02  1.192e-01    0.003
    1025  31679  3.6674704  7.087e-02  1.191e-01    0.003
    1026  31679  3.6674704  7.087e-02  1.190e-01    0.003
    1027  31679  3.6674704  7.086e-02  1.189e-01    0.003
    1028  31679  3.6674704  7.085e-02  1.188e-01    0.003
    1029  31679  3.6674704  7.084e-02  1.186e-01    0.003
    1030  31679  3.6674704  7.084e-02  1.185e-01    0.003
    1031  31679  3.6674704  7.083e-02  1.184e-01    0.003
    1032  31679  3.6674704  7.082e-02  1.183e-01    0.003
    1033  31679  3.6674704  7.081e-02  1.182e-01    0.003
    1034  31679  3.6674704  7.080e-02  1.180e-01    0.003
    1035  31679  3.6674704  7.080e-02  1.179e-01    0.003
    1036  31679  3.6674704  7.079e-02  1.178e-01    0.003
    1037  31679  3.6674704  7.078e-02  1.177e-01    0.003
    1038  31679  3.6674704  7.077e-02  1.176e-01    0.003
    1039  31679  3.6674704  7.077e-02  1.175e-01    0.003
    1040  31679  3.6674704  7.076e-02  1.173e-01    0.003
    1041  31679  3.6674704  7.075e-02  1.172e-01    0.003
    1042  31679  3.6674704  7.074e-02  1.171e-01    0.003
    1043  31679  3.6674704  7.073e-02  1.170e-01    0.003
    1044  31679  3.6674704  7.073e-02  1.169e-01    0.003
    1045  31679  3.6674704  7.072e-02  1.168e-01    0.003
    1046  31679  3.6674704  7.071e-02  1.166e-01    0.003
    1047  31679  3.6674704  7.070e-02  1.165e-01    0.003
    1048  31679  3.6674704  7.069e-02  1.164e-01    0.003
    1049  31679  3.6674704  7.069e-02  1.163e-01    0.003
    1050  31679  3.6674704  7.068e-02  1.162e-01    0.003
    1051  31679  3.6674704  7.067e-02  1.161e-01    0.003
    1052  31679  3.6674704  7.066e-02  1.159e-01    0.003
    1053  31679  3.6674704  7.065e-02  1.158e-01    0.003
    1054  31679  3.6674704  7.064e-02  1.157e-01    0.003
    1055  31679  3.6674704  7.064e-02  1.156e-01    0.003
    1056  31679  3.6674704  7.063e-02  1.155e-01    0.003
    1057  31679  3.6674704  7.062e-02  1.154e-01    0.003
    1058  31679  3.6674704  7.061e-02  1.152e-01    0.003
    1059  31679  3.6674704  7.060e-02  1.151e-01    0.003
    1060  31679  3.6674704  7.060e-02  1.150e-01    0.003
    1061  31679  3.6674704  7.059e-02  1.149e-01    0.003
    1062  31679  3.6674704  7.058e-02  1.148e-01    0.003
    1063  31679  3.6674704  7.057e-02  1.147e-01    0.003
    1064  31679  3.6674704  7.056e-02  1.146e-01    0.003
    1065  31679  3.6674704  7.055e-02  1.144e-01    0.003
    1066  31679  3.6674704  7.055e-02  1.143e-01    0.003
    1067  31679  3.6674704  7.054e-02  1.142e-01    0.003
    1068  31679  3.6674704  7.053e-02  1.141e-01    0.003
    1069  31679  3.6674704  7.052e-02  1.140e-01    0.003
    1070  31679  3.6674704  7.051e-02  1.139e-01    0.003
    1071  31679  3.6674704  7.050e-02  1.138e-01    0.003
    1072  31679  3.6674704  7.050e-02  1.136e-01    0.003
    1073  31679  3.6674704  7.049e-02  1.135e-01    0.003
    1074  31679  3.6674704  7.048e-02  1.134e-01    0.003
    1075  31679  3.6674704  7.047e-02  1.133e-01    0.003
    1076  31679  3.6674704  7.046e-02  1.132e-01    0.003
    1077  31679  3.6674704  7.045e-02  1.131e-01    0.003
    1078  31679  3.6674704  7.044e-02  1.130e-01    0.003
    1079  31679  3.6674704  7.044e-02  1.129e-01    0.003
    1080  31679  3.6674704  7.043e-02  1.127e-01    0.003
    1081  31679  3.6674704  7.042e-02  1.126e-01    0.003
    1082  31679  3.6674704  7.041e-02  1.125e-01    0.003
    1083  31679  3.6674704  7.040e-02  1.124e-01    0.003
    1084  31679  3.6674704  7.039e-02  1.123e-01    0.003
    1085  31679  3.6674704  7.038e-02  1.122e-01    0.003
    1086  31679  3.6674704  7.037e-02  1.121e-01    0.003
    1087  31679  3.6674704  7.037e-02  1.120e-01    0.003
    1088  31679  3.6674704  7.036e-02  1.118e-01    0.003
    1089  31679  3.6674704  7.035e-02  1.117e-01    0.003
    1090  31679  3.6674704  7.034e-02  1.116e-01    0.003
    1091  31679  3.6674704  7.033e-02  1.115e-01    0.003
    1092  31679  3.6674704  7.032e-02  1.114e-01    0.003
    1093  31679  3.6674704  7.031e-02  1.113e-01    0.003
    1094  31680  3.6669923  7.042e-02  1.112e-01    0.003
    1095  31682  3.6718557  6.909e-02  1.111e-01    0.003
    1096  31682  3.6718557  7.046e-02  1.110e-01    0.003
    1097  31682  3.6718557  7.045e-02  1.108e-01    0.003
    1098  31682  3.6718557  7.044e-02  1.107e-01    0.003
    1099  31682  3.6718557  7.043e-02  1.106e-01    0.003
    1100  31682  3.6718557  7.042e-02  1.105e-01    0.003
    1101  31682  3.6718557  7.041e-02  1.104e-01    0.003
    1102  31682  3.6718557  7.041e-02  1.103e-01    0.003
    1103  31682  3.6718557  7.040e-02  1.102e-01    0.003
    1104  31682  3.6718557  7.039e-02  1.101e-01    0.003
    1105  31682  3.6718557  7.038e-02  1.100e-01    0.003
    1106  31682  3.6718557  7.037e-02  1.099e-01    0.003
    1107  31682  3.6718557  7.036e-02  1.097e-01    0.003
    1108  31682  3.6718557  7.035e-02  1.096e-01    0.003
    1109  31682  3.6718557  7.034e-02  1.095e-01    0.003
    1110  31682  3.6718557  7.033e-02  1.094e-01    0.003
    1111  31682  3.6718557  7.033e-02  1.093e-01    0.003
    1112  31682  3.6718557  7.032e-02  1.092e-01    0.003
    1113  31682  3.6718557  7.031e-02  1.091e-01    0.003
    1114  31682  3.6718557  7.030e-02  1.090e-01    0.003
    1115  31682  3.6718557  7.029e-02  1.089e-01    0.003
    1116  31682  3.6718557  7.028e-02  1.088e-01    0.003
    1117  31682  3.6718557  7.027e-02  1.086e-01    0.003
    1118  31682  3.6718557  7.026e-02  1.085e-01    0.003
    1119  31682  3.6718557  7.025e-02  1.084e-01    0.003
    1120  31682  3.6718557  7.024e-02  1.083e-01    0.003
    1121  31682  3.6718557  7.024e-02  1.082e-01    0.003
    1122  31682  3.6718557  7.023e-02  1.081e-01    0.003
    1123  31682  3.6718557  7.022e-02  1.080e-01    0.003
    1124  31682  3.6718557  7.021e-02  1.079e-01    0.003
    1125  31682  3.6718557  7.020e-02  1.078e-01    0.003
    1126  31682  3.6718557  7.019e-02  1.077e-01    0.003
    1127  31682  3.6718557  7.018e-02  1.076e-01    0.003
    1128  31682  3.6718557  7.017e-02  1.075e-01    0.003
    1129  31682  3.6718557  7.016e-02  1.074e-01    0.003
    1130  31682  3.6718557  7.015e-02  1.072e-01    0.003
    1131  31682  3.6718557  7.014e-02  1.071e-01    0.003
    1132  31682  3.6718557  7.013e-02  1.070e-01    0.003
    1133  31682  3.6718557  7.012e-02  1.069e-01    0.003
    1134  31682  3.6718557  7.011e-02  1.068e-01    0.003
    1135  31682  3.6718557  7.011e-02  1.067e-01    0.003
    1136  31682  3.6718557  7.010e-02  1.066e-01    0.003
    1137  31682  3.6718557  7.009e-02  1.065e-01    0.003
    1138  31682  3.6718557  7.008e-02  1.064e-01    0.003
    1139  31682  3.6718557  7.007e-02  1.063e-01    0.003
    1140  31682  3.6718557  7.006e-02  1.062e-01    0.003
    1141  31682  3.6718557  7.005e-02  1.061e-01    0.003
    1142  31682  3.6718557  7.004e-02  1.060e-01    0.003
    1143  31682  3.6718557  7.003e-02  1.059e-01    0.003
    1144  31682  3.6718557  7.002e-02  1.058e-01    0.003
    1145  31682  3.6718557  7.001e-02  1.057e-01    0.003
    1146  31682  3.6718557  7.000e-02  1.055e-01    0.003
    1147  31682  3.6718557  6.999e-02  1.054e-01    0.003
    1148  31682  3.6718557  6.998e-02  1.053e-01    0.003
    1149  31682  3.6718557  6.997e-02  1.052e-01    0.003
    1150  31682  3.6718557  6.996e-02  1.051e-01    0.003
    1151  31682  3.6718557  6.995e-02  1.050e-01    0.003
    1152  31682  3.6718557  6.994e-02  1.049e-01    0.003
    1153  31682  3.6718557  6.993e-02  1.048e-01    0.003
    1154  31682  3.6718557  6.992e-02  1.047e-01    0.003
    1155  31682  3.6718557  6.991e-02  1.046e-01    0.003
    1156  31682  3.6718557  6.990e-02  1.045e-01    0.003
    1157  31682  3.6718557  6.989e-02  1.044e-01    0.003
    1158  31682  3.6718557  6.988e-02  1.043e-01    0.003
    1159  31682  3.6718557  6.987e-02  1.042e-01    0.003
    1160  31682  3.6718557  6.986e-02  1.041e-01    0.003
    1161  31682  3.6718557  6.985e-02  1.040e-01    0.003
    1162  31682  3.6718557  6.984e-02  1.039e-01    0.003
    1163  31682  3.6718557  6.983e-02  1.038e-01    0.003
    1164  31682  3.6718557  6.982e-02  1.037e-01    0.003
    1165  31682  3.6718557  6.981e-02  1.036e-01    0.003
    1166  31682  3.6718557  6.980e-02  1.035e-01    0.003
    1167  31682  3.6718557  6.979e-02  1.034e-01    0.003
    1168  31682  3.6718557  6.978e-02  1.033e-01    0.003
    1169  31682  3.6718557  6.977e-02  1.031e-01    0.003
    1170  31682  3.6718557  6.976e-02  1.030e-01    0.003
    1171  31682  3.6718557  6.975e-02  1.029e-01    0.003
    1172  31682  3.6718557  6.974e-02  1.028e-01    0.003
    1173  31682  3.6718557  6.973e-02  1.027e-01    0.003
    1174  31682  3.6718557  6.972e-02  1.026e-01    0.003
    1175  31682  3.6718557  6.971e-02  1.025e-01    0.003
    1176  31682  3.6718557  6.970e-02  1.024e-01    0.003
    1177  31682  3.6718557  6.969e-02  1.023e-01    0.003
    1178  31682  3.6718557  6.968e-02  1.022e-01    0.003
    1179  31682  3.6718557  6.967e-02  1.021e-01    0.003
    1180  31682  3.6718557  6.966e-02  1.020e-01    0.003
    1181  31682  3.6718557  6.965e-02  1.019e-01    0.003
    1182  31682  3.6718557  6.964e-02  1.018e-01    0.003
    1183  31682  3.6718557  6.963e-02  1.017e-01    0.003
    1184  31682  3.6718557  6.962e-02  1.016e-01    0.003
    1185  31682  3.6718557  6.961e-02  1.015e-01    0.003
    1186  31682  3.6718557  6.960e-02  1.014e-01    0.003
    1187  31682  3.6718557  6.959e-02  1.013e-01    0.003
    1188  31682  3.6718557  6.958e-02  1.012e-01    0.003
    1189  31682  3.6718557  6.957e-02  1.011e-01    0.003
    1190  31682  3.6718557  6.955e-02  1.010e-01    0.003
    1191  31682  3.6718557  6.954e-02  1.009e-01    0.003
    1192  31682  3.6718557  6.953e-02  1.008e-01    0.003
    1193  31682  3.6718557  6.952e-02  1.007e-01    0.003
    1194  31682  3.6718557  6.951e-02  1.006e-01    0.003
    1195  31682  3.6718557  6.950e-02  1.005e-01    0.003
    1196  31682  3.6718557  6.949e-02  1.004e-01    0.003
    1197  31682  3.6718557  6.948e-02  1.003e-01    0.003
    1198  31682  3.6718557  6.947e-02  1.002e-01    0.003
    1199  31682  3.6718557  6.946e-02  1.001e-01    0.003
    1200  31682  3.6718557  6.945e-02  1.000e-01    0.003

  Stage summary of CubMLMCCont
  ----------------------------------------------------------------------------
  Stage    rmse_tol   total n     new n  iters    solution half-width time (s)
  ----------------------------------------------------------------------------
  Loose       5e-01     1,097     1,097   1200   3.7398036   3.98e-01   0.0010
  Resumed     1e-01    36,646    35,549   1200   3.6830340   7.04e-02   0.0086
  Fresh       1e-01    31,682    31,682   1200   3.6718557   6.94e-02   0.0027
  ----------------------------------------------------------------------------

  WARNING: CubMLMCCont: Inconsistent total samples (resume_n=36646, fresh_n=31682)

~~~~~~~~~~~~~~~~~~~~~~~~~~~~~~~~~~~~~~~~~~~~~~~~~~~~~~~~~~~~

[CubMLQMCCont] status=ok

  loose_inputs:
    target_tol: 5.00e-01
    n_init: 256
    n_limit: 16777216
    replications: 32
    levels_min: 2
    levels_max: 10
    n_tols: 1200
    dimension: 4

  resume_inputs:
    target_tol: 1.00e-01
    n_init: 256
    n_limit: 16777216
    replications: 32
    levels_min: 2
    levels_max: 10
    n_tols: 1200
    dimension: 4

  fresh_inputs:
    target_tol: 1.00e-01
    n_init: 256
    n_limit: 16777216
    replications: 32
    levels_min: 2
    levels_max: 10
    n_tols: 1200
    dimension: 4

  loose_iteration_log:
    iter      n   solution  err_bound        tol  time(s)
       1  24576  3.7694046  1.573e-01  1.657e+00    0.006
       2  24576  3.7694046  1.573e-01  1.656e+00    0.006
       3  24576  3.7694046  1.573e-01  1.654e+00    0.006
       4  24576  3.7694046  1.573e-01  1.652e+00    0.006
       5  24576  3.7694046  1.573e-01  1.651e+00    0.006
       6  24576  3.7694046  1.573e-01  1.649e+00    0.006
       7  24576  3.7694046  1.573e-01  1.647e+00    0.006
       8  24576  3.7694046  1.573e-01  1.646e+00    0.006
       9  24576  3.7694046  1.573e-01  1.644e+00    0.006
      10  24576  3.7694046  1.573e-01  1.643e+00    0.006
      11  24576  3.7694046  1.573e-01  1.641e+00    0.006
      12  24576  3.7694046  1.573e-01  1.639e+00    0.006
      13  24576  3.7694046  1.573e-01  1.638e+00    0.006
      14  24576  3.7694046  1.573e-01  1.636e+00    0.006
      15  24576  3.7694046  1.573e-01  1.634e+00    0.006
      16  24576  3.7694046  1.573e-01  1.633e+00    0.006
      17  24576  3.7694046  1.573e-01  1.631e+00    0.006
      18  24576  3.7694046  1.573e-01  1.629e+00    0.006
      19  24576  3.7694046  1.573e-01  1.628e+00    0.006
      20  24576  3.7694046  1.573e-01  1.626e+00    0.006
      21  24576  3.7694046  1.573e-01  1.625e+00    0.006
      22  24576  3.7694046  1.573e-01  1.623e+00    0.006
      23  24576  3.7694046  1.573e-01  1.621e+00    0.006
      24  24576  3.7694046  1.573e-01  1.620e+00    0.006
      25  24576  3.7694046  1.573e-01  1.618e+00    0.006
      26  24576  3.7694046  1.573e-01  1.617e+00    0.006
      27  24576  3.7694046  1.573e-01  1.615e+00    0.006
      28  24576  3.7694046  1.573e-01  1.613e+00    0.006
      29  24576  3.7694046  1.573e-01  1.612e+00    0.006
      30  24576  3.7694046  1.573e-01  1.610e+00    0.006
      31  24576  3.7694046  1.573e-01  1.608e+00    0.006
      32  24576  3.7694046  1.573e-01  1.607e+00    0.006
      33  24576  3.7694046  1.573e-01  1.605e+00    0.006
      34  24576  3.7694046  1.573e-01  1.604e+00    0.006
      35  24576  3.7694046  1.573e-01  1.602e+00    0.006
      36  24576  3.7694046  1.573e-01  1.600e+00    0.006
      37  24576  3.7694046  1.573e-01  1.599e+00    0.006
      38  24576  3.7694046  1.573e-01  1.597e+00    0.006
      39  24576  3.7694046  1.573e-01  1.596e+00    0.006
      40  24576  3.7694046  1.573e-01  1.594e+00    0.006
      41  24576  3.7694046  1.573e-01  1.592e+00    0.006
      42  24576  3.7694046  1.573e-01  1.591e+00    0.006
      43  24576  3.7694046  1.573e-01  1.589e+00    0.006
      44  24576  3.7694046  1.573e-01  1.588e+00    0.006
      45  24576  3.7694046  1.573e-01  1.586e+00    0.006
      46  24576  3.7694046  1.573e-01  1.585e+00    0.006
      47  24576  3.7694046  1.573e-01  1.583e+00    0.006
      48  24576  3.7694046  1.573e-01  1.581e+00    0.006
      49  24576  3.7694046  1.573e-01  1.580e+00    0.006
      50  24576  3.7694046  1.573e-01  1.578e+00    0.006
      51  24576  3.7694046  1.573e-01  1.577e+00    0.006
      52  24576  3.7694046  1.573e-01  1.575e+00    0.006
      53  24576  3.7694046  1.573e-01  1.573e+00    0.006
      54  24576  3.7694046  1.573e-01  1.572e+00    0.006
      55  24576  3.7694046  1.573e-01  1.570e+00    0.006
      56  24576  3.7694046  1.573e-01  1.569e+00    0.006
      57  24576  3.7694046  1.573e-01  1.567e+00    0.006
      58  24576  3.7694046  1.573e-01  1.566e+00    0.006
      59  24576  3.7694046  1.573e-01  1.564e+00    0.006
      60  24576  3.7694046  1.573e-01  1.562e+00    0.006
      61  24576  3.7694046  1.573e-01  1.561e+00    0.006
      62  24576  3.7694046  1.573e-01  1.559e+00    0.006
      63  24576  3.7694046  1.573e-01  1.558e+00    0.006
      64  24576  3.7694046  1.573e-01  1.556e+00    0.006
      65  24576  3.7694046  1.573e-01  1.555e+00    0.006
      66  24576  3.7694046  1.573e-01  1.553e+00    0.006
      67  24576  3.7694046  1.573e-01  1.552e+00    0.006
      68  24576  3.7694046  1.573e-01  1.550e+00    0.006
      69  24576  3.7694046  1.573e-01  1.549e+00    0.006
      70  24576  3.7694046  1.573e-01  1.547e+00    0.006
      71  24576  3.7694046  1.573e-01  1.545e+00    0.006
      72  24576  3.7694046  1.573e-01  1.544e+00    0.006
      73  24576  3.7694046  1.573e-01  1.542e+00    0.006
      74  24576  3.7694046  1.573e-01  1.541e+00    0.006
      75  24576  3.7694046  1.573e-01  1.539e+00    0.006
      76  24576  3.7694046  1.573e-01  1.538e+00    0.006
      77  24576  3.7694046  1.573e-01  1.536e+00    0.006
      78  24576  3.7694046  1.573e-01  1.535e+00    0.006
      79  24576  3.7694046  1.573e-01  1.533e+00    0.006
      80  24576  3.7694046  1.573e-01  1.532e+00    0.006
      81  24576  3.7694046  1.573e-01  1.530e+00    0.006
      82  24576  3.7694046  1.573e-01  1.529e+00    0.006
      83  24576  3.7694046  1.573e-01  1.527e+00    0.006
      84  24576  3.7694046  1.573e-01  1.525e+00    0.006
      85  24576  3.7694046  1.573e-01  1.524e+00    0.006
      86  24576  3.7694046  1.573e-01  1.522e+00    0.006
      87  24576  3.7694046  1.573e-01  1.521e+00    0.006
      88  24576  3.7694046  1.573e-01  1.519e+00    0.006
      89  24576  3.7694046  1.573e-01  1.518e+00    0.006
      90  24576  3.7694046  1.573e-01  1.516e+00    0.006
      91  24576  3.7694046  1.573e-01  1.515e+00    0.006
      92  24576  3.7694046  1.573e-01  1.513e+00    0.006
      93  24576  3.7694046  1.573e-01  1.512e+00    0.006
      94  24576  3.7694046  1.573e-01  1.510e+00    0.006
      95  24576  3.7694046  1.573e-01  1.509e+00    0.006
      96  24576  3.7694046  1.573e-01  1.507e+00    0.006
      97  24576  3.7694046  1.573e-01  1.506e+00    0.006
      98  24576  3.7694046  1.573e-01  1.504e+00    0.006
      99  24576  3.7694046  1.573e-01  1.503e+00    0.006
     100  24576  3.7694046  1.573e-01  1.501e+00    0.006
     101  24576  3.7694046  1.573e-01  1.500e+00    0.006
     102  24576  3.7694046  1.573e-01  1.498e+00    0.006
     103  24576  3.7694046  1.573e-01  1.497e+00    0.006
     104  24576  3.7694046  1.573e-01  1.495e+00    0.006
     105  24576  3.7694046  1.573e-01  1.494e+00    0.006
     106  24576  3.7694046  1.573e-01  1.492e+00    0.006
     107  24576  3.7694046  1.573e-01  1.491e+00    0.006
     108  24576  3.7694046  1.573e-01  1.489e+00    0.006
     109  24576  3.7694046  1.573e-01  1.488e+00    0.006
     110  24576  3.7694046  1.573e-01  1.486e+00    0.006
     111  24576  3.7694046  1.573e-01  1.485e+00    0.006
     112  24576  3.7694046  1.573e-01  1.483e+00    0.006
     113  24576  3.7694046  1.573e-01  1.482e+00    0.006
     114  24576  3.7694046  1.573e-01  1.480e+00    0.006
     115  24576  3.7694046  1.573e-01  1.479e+00    0.006
     116  24576  3.7694046  1.573e-01  1.477e+00    0.006
     117  24576  3.7694046  1.573e-01  1.476e+00    0.006
     118  24576  3.7694046  1.573e-01  1.474e+00    0.006
     119  24576  3.7694046  1.573e-01  1.473e+00    0.006
     120  24576  3.7694046  1.573e-01  1.472e+00    0.006
     121  24576  3.7694046  1.573e-01  1.470e+00    0.006
     122  24576  3.7694046  1.573e-01  1.469e+00    0.006
     123  24576  3.7694046  1.573e-01  1.467e+00    0.006
     124  24576  3.7694046  1.573e-01  1.466e+00    0.006
     125  24576  3.7694046  1.573e-01  1.464e+00    0.006
     126  24576  3.7694046  1.573e-01  1.463e+00    0.006
     127  24576  3.7694046  1.573e-01  1.461e+00    0.006
     128  24576  3.7694046  1.573e-01  1.460e+00    0.006
     129  24576  3.7694046  1.573e-01  1.458e+00    0.006
     130  24576  3.7694046  1.573e-01  1.457e+00    0.006
     131  24576  3.7694046  1.573e-01  1.455e+00    0.006
     132  24576  3.7694046  1.573e-01  1.454e+00    0.006
     133  24576  3.7694046  1.573e-01  1.453e+00    0.006
     134  24576  3.7694046  1.573e-01  1.451e+00    0.006
     135  24576  3.7694046  1.573e-01  1.450e+00    0.006
     136  24576  3.7694046  1.573e-01  1.448e+00    0.006
     137  24576  3.7694046  1.573e-01  1.447e+00    0.006
     138  24576  3.7694046  1.573e-01  1.445e+00    0.006
     139  24576  3.7694046  1.573e-01  1.444e+00    0.006
     140  24576  3.7694046  1.573e-01  1.442e+00    0.006
     141  24576  3.7694046  1.573e-01  1.441e+00    0.006
     142  24576  3.7694046  1.573e-01  1.440e+00    0.006
     143  24576  3.7694046  1.573e-01  1.438e+00    0.006
     144  24576  3.7694046  1.573e-01  1.437e+00    0.006
     145  24576  3.7694046  1.574e-01  1.435e+00    0.006
     146  24576  3.7694046  1.574e-01  1.434e+00    0.006
     147  24576  3.7694046  1.574e-01  1.432e+00    0.006
     148  24576  3.7694046  1.574e-01  1.431e+00    0.006
     149  24576  3.7694046  1.574e-01  1.430e+00    0.006
     150  24576  3.7694046  1.574e-01  1.428e+00    0.006
     151  24576  3.7694046  1.574e-01  1.427e+00    0.006
     152  24576  3.7694046  1.574e-01  1.425e+00    0.006
     153  24576  3.7694046  1.574e-01  1.424e+00    0.006
     154  24576  3.7694046  1.574e-01  1.422e+00    0.006
     155  24576  3.7694046  1.574e-01  1.421e+00    0.006
     156  24576  3.7694046  1.574e-01  1.420e+00    0.006
     157  24576  3.7694046  1.574e-01  1.418e+00    0.006
     158  24576  3.7694046  1.574e-01  1.417e+00    0.006
     159  24576  3.7694046  1.574e-01  1.415e+00    0.006
     160  24576  3.7694046  1.574e-01  1.414e+00    0.006
     161  24576  3.7694046  1.574e-01  1.412e+00    0.006
     162  24576  3.7694046  1.574e-01  1.411e+00    0.006
     163  24576  3.7694046  1.574e-01  1.410e+00    0.006
     164  24576  3.7694046  1.574e-01  1.408e+00    0.006
     165  24576  3.7694046  1.574e-01  1.407e+00    0.006
     166  24576  3.7694046  1.574e-01  1.405e+00    0.006
     167  24576  3.7694046  1.574e-01  1.404e+00    0.006
     168  24576  3.7694046  1.574e-01  1.403e+00    0.006
     169  24576  3.7694046  1.574e-01  1.401e+00    0.006
     170  24576  3.7694046  1.574e-01  1.400e+00    0.006
     171  24576  3.7694046  1.574e-01  1.398e+00    0.006
     172  24576  3.7694046  1.574e-01  1.397e+00    0.006
     173  24576  3.7694046  1.574e-01  1.396e+00    0.006
     174  24576  3.7694046  1.574e-01  1.394e+00    0.006
     175  24576  3.7694046  1.574e-01  1.393e+00    0.006
     176  24576  3.7694046  1.574e-01  1.391e+00    0.006
     177  24576  3.7694046  1.574e-01  1.390e+00    0.006
     178  24576  3.7694046  1.574e-01  1.389e+00    0.006
     179  24576  3.7694046  1.574e-01  1.387e+00    0.006
     180  24576  3.7694046  1.574e-01  1.386e+00    0.006
     181  24576  3.7694046  1.574e-01  1.385e+00    0.006
     182  24576  3.7694046  1.574e-01  1.383e+00    0.006
     183  24576  3.7694046  1.574e-01  1.382e+00    0.006
     184  24576  3.7694046  1.574e-01  1.380e+00    0.006
     185  24576  3.7694046  1.574e-01  1.379e+00    0.006
     186  24576  3.7694046  1.574e-01  1.378e+00    0.006
     187  24576  3.7694046  1.574e-01  1.376e+00    0.006
     188  24576  3.7694046  1.574e-01  1.375e+00    0.006
     189  24576  3.7694046  1.574e-01  1.373e+00    0.006
     190  24576  3.7694046  1.574e-01  1.372e+00    0.006
     191  24576  3.7694046  1.574e-01  1.371e+00    0.006
     192  24576  3.7694046  1.574e-01  1.369e+00    0.006
     193  24576  3.7694046  1.574e-01  1.368e+00    0.006
     194  24576  3.7694046  1.574e-01  1.367e+00    0.006
     195  24576  3.7694046  1.574e-01  1.365e+00    0.006
     196  24576  3.7694046  1.574e-01  1.364e+00    0.006
     197  24576  3.7694046  1.574e-01  1.363e+00    0.006
     198  24576  3.7694046  1.574e-01  1.361e+00    0.006
     199  24576  3.7694046  1.574e-01  1.360e+00    0.006
     200  24576  3.7694046  1.574e-01  1.358e+00    0.006
     201  24576  3.7694046  1.574e-01  1.357e+00    0.006
     202  24576  3.7694046  1.574e-01  1.356e+00    0.006
     203  24576  3.7694046  1.574e-01  1.354e+00    0.006
     204  24576  3.7694046  1.574e-01  1.353e+00    0.006
     205  24576  3.7694046  1.574e-01  1.352e+00    0.006
     206  24576  3.7694046  1.574e-01  1.350e+00    0.006
     207  24576  3.7694046  1.574e-01  1.349e+00    0.006
     208  24576  3.7694046  1.574e-01  1.348e+00    0.006
     209  24576  3.7694046  1.574e-01  1.346e+00    0.007
     210  24576  3.7694046  1.574e-01  1.345e+00    0.007
     211  24576  3.7694046  1.574e-01  1.344e+00    0.007
     212  24576  3.7694046  1.574e-01  1.342e+00    0.007
     213  24576  3.7694046  1.574e-01  1.341e+00    0.007
     214  24576  3.7694046  1.574e-01  1.340e+00    0.007
     215  24576  3.7694046  1.574e-01  1.338e+00    0.007
     216  24576  3.7694046  1.574e-01  1.337e+00    0.007
     217  24576  3.7694046  1.574e-01  1.336e+00    0.007
     218  24576  3.7694046  1.574e-01  1.334e+00    0.007
     219  24576  3.7694046  1.574e-01  1.333e+00    0.007
     220  24576  3.7694046  1.574e-01  1.332e+00    0.007
     221  24576  3.7694046  1.574e-01  1.330e+00    0.007
     222  24576  3.7694046  1.574e-01  1.329e+00    0.007
     223  24576  3.7694046  1.574e-01  1.328e+00    0.007
     224  24576  3.7694046  1.574e-01  1.326e+00    0.007
     225  24576  3.7694046  1.574e-01  1.325e+00    0.007
     226  24576  3.7694046  1.574e-01  1.324e+00    0.007
     227  24576  3.7694046  1.574e-01  1.322e+00    0.007
     228  24576  3.7694046  1.574e-01  1.321e+00    0.007
     229  24576  3.7694046  1.574e-01  1.320e+00    0.007
     230  24576  3.7694046  1.574e-01  1.318e+00    0.007
     231  24576  3.7694046  1.574e-01  1.317e+00    0.007
     232  24576  3.7694046  1.574e-01  1.316e+00    0.007
     233  24576  3.7694046  1.574e-01  1.314e+00    0.007
     234  24576  3.7694046  1.574e-01  1.313e+00    0.007
     235  24576  3.7694046  1.574e-01  1.312e+00    0.007
     236  24576  3.7694046  1.574e-01  1.310e+00    0.007
     237  24576  3.7694046  1.574e-01  1.309e+00    0.007
     238  24576  3.7694046  1.574e-01  1.308e+00    0.007
     239  24576  3.7694046  1.574e-01  1.307e+00    0.007
     240  24576  3.7694046  1.574e-01  1.305e+00    0.007
     241  24576  3.7694046  1.574e-01  1.304e+00    0.007
     242  24576  3.7694046  1.574e-01  1.303e+00    0.007
     243  24576  3.7694046  1.574e-01  1.301e+00    0.007
     244  24576  3.7694046  1.574e-01  1.300e+00    0.007
     245  24576  3.7694046  1.574e-01  1.299e+00    0.007
     246  24576  3.7694046  1.574e-01  1.297e+00    0.007
     247  24576  3.7694046  1.574e-01  1.296e+00    0.007
     248  24576  3.7694046  1.574e-01  1.295e+00    0.007
     249  24576  3.7694046  1.574e-01  1.294e+00    0.007
     250  24576  3.7694046  1.574e-01  1.292e+00    0.007
     251  24576  3.7694046  1.574e-01  1.291e+00    0.007
     252  24576  3.7694046  1.574e-01  1.290e+00    0.007
     253  24576  3.7694046  1.574e-01  1.288e+00    0.007
     254  24576  3.7694046  1.574e-01  1.287e+00    0.007
     255  24576  3.7694046  1.574e-01  1.286e+00    0.007
     256  24576  3.7694046  1.574e-01  1.285e+00    0.007
     257  24576  3.7694046  1.574e-01  1.283e+00    0.007
     258  24576  3.7694046  1.574e-01  1.282e+00    0.007
     259  24576  3.7694046  1.574e-01  1.281e+00    0.007
     260  24576  3.7694046  1.574e-01  1.279e+00    0.007
     261  24576  3.7694046  1.574e-01  1.278e+00    0.007
     262  24576  3.7694046  1.574e-01  1.277e+00    0.007
     263  24576  3.7694046  1.574e-01  1.276e+00    0.007
     264  24576  3.7694046  1.574e-01  1.274e+00    0.007
     265  24576  3.7694046  1.574e-01  1.273e+00    0.007
     266  24576  3.7694046  1.574e-01  1.272e+00    0.007
     267  24576  3.7694046  1.574e-01  1.270e+00    0.007
     268  24576  3.7694046  1.574e-01  1.269e+00    0.007
     269  24576  3.7694046  1.574e-01  1.268e+00    0.007
     270  24576  3.7694046  1.574e-01  1.267e+00    0.007
     271  24576  3.7694046  1.574e-01  1.265e+00    0.007
     272  24576  3.7694046  1.574e-01  1.264e+00    0.007
     273  24576  3.7694046  1.574e-01  1.263e+00    0.007
     274  24576  3.7694046  1.574e-01  1.262e+00    0.007
     275  24576  3.7694046  1.574e-01  1.260e+00    0.007
     276  24576  3.7694046  1.574e-01  1.259e+00    0.007
     277  24576  3.7694046  1.574e-01  1.258e+00    0.007
     278  24576  3.7694046  1.574e-01  1.257e+00    0.007
     279  24576  3.7694046  1.574e-01  1.255e+00    0.007
     280  24576  3.7694046  1.574e-01  1.254e+00    0.007
     281  24576  3.7694046  1.574e-01  1.253e+00    0.007
     282  24576  3.7694046  1.574e-01  1.252e+00    0.007
     283  24576  3.7694046  1.574e-01  1.250e+00    0.007
     284  24576  3.7694046  1.574e-01  1.249e+00    0.007
     285  24576  3.7694046  1.574e-01  1.248e+00    0.007
     286  24576  3.7694046  1.574e-01  1.247e+00    0.007
     287  24576  3.7694046  1.574e-01  1.245e+00    0.007
     288  24576  3.7694046  1.574e-01  1.244e+00    0.007
     289  24576  3.7694046  1.574e-01  1.243e+00    0.007
     290  24576  3.7694046  1.574e-01  1.242e+00    0.007
     291  24576  3.7694046  1.574e-01  1.240e+00    0.007
     292  24576  3.7694046  1.574e-01  1.239e+00    0.007
     293  24576  3.7694046  1.574e-01  1.238e+00    0.007
     294  24576  3.7694046  1.574e-01  1.237e+00    0.007
     295  24576  3.7694046  1.574e-01  1.235e+00    0.007
     296  24576  3.7694046  1.574e-01  1.234e+00    0.007
     297  24576  3.7694046  1.574e-01  1.233e+00    0.007
     298  24576  3.7694046  1.574e-01  1.232e+00    0.007
     299  24576  3.7694046  1.574e-01  1.230e+00    0.007
     300  24576  3.7694046  1.574e-01  1.229e+00    0.007
     301  24576  3.7694046  1.574e-01  1.228e+00    0.007
     302  24576  3.7694046  1.574e-01  1.227e+00    0.007
     303  24576  3.7694046  1.574e-01  1.226e+00    0.007
     304  24576  3.7694046  1.574e-01  1.224e+00    0.007
     305  24576  3.7694046  1.574e-01  1.223e+00    0.007
     306  24576  3.7694046  1.574e-01  1.222e+00    0.007
     307  24576  3.7694046  1.574e-01  1.221e+00    0.007
     308  24576  3.7694046  1.574e-01  1.219e+00    0.007
     309  24576  3.7694046  1.574e-01  1.218e+00    0.007
     310  24576  3.7694046  1.574e-01  1.217e+00    0.007
     311  24576  3.7694046  1.574e-01  1.216e+00    0.007
     312  24576  3.7694046  1.574e-01  1.215e+00    0.007
     313  24576  3.7694046  1.574e-01  1.213e+00    0.007
     314  24576  3.7694046  1.574e-01  1.212e+00    0.007
     315  24576  3.7694046  1.574e-01  1.211e+00    0.007
     316  24576  3.7694046  1.574e-01  1.210e+00    0.007
     317  24576  3.7694046  1.574e-01  1.209e+00    0.007
     318  24576  3.7694046  1.574e-01  1.207e+00    0.007
     319  24576  3.7694046  1.574e-01  1.206e+00    0.007
     320  24576  3.7694046  1.574e-01  1.205e+00    0.007
     321  24576  3.7694046  1.574e-01  1.204e+00    0.007
     322  24576  3.7694046  1.574e-01  1.203e+00    0.007
     323  24576  3.7694046  1.574e-01  1.201e+00    0.007
     324  24576  3.7694046  1.574e-01  1.200e+00    0.007
     325  24576  3.7694046  1.574e-01  1.199e+00    0.007
     326  24576  3.7694046  1.574e-01  1.198e+00    0.007
     327  24576  3.7694046  1.574e-01  1.197e+00    0.007
     328  24576  3.7694046  1.574e-01  1.195e+00    0.007
     329  24576  3.7694046  1.574e-01  1.194e+00    0.007
     330  24576  3.7694046  1.574e-01  1.193e+00    0.007
     331  24576  3.7694046  1.574e-01  1.192e+00    0.007
     332  24576  3.7694046  1.574e-01  1.191e+00    0.007
     333  24576  3.7694046  1.574e-01  1.189e+00    0.007
     334  24576  3.7694046  1.574e-01  1.188e+00    0.007
     335  24576  3.7694046  1.574e-01  1.187e+00    0.007
     336  24576  3.7694046  1.574e-01  1.186e+00    0.007
     337  24576  3.7694046  1.574e-01  1.185e+00    0.007
     338  24576  3.7694046  1.574e-01  1.183e+00    0.007
     339  24576  3.7694046  1.574e-01  1.182e+00    0.007
     340  24576  3.7694046  1.574e-01  1.181e+00    0.007
     341  24576  3.7694046  1.574e-01  1.180e+00    0.007
     342  24576  3.7694046  1.574e-01  1.179e+00    0.007
     343  24576  3.7694046  1.574e-01  1.178e+00    0.007
     344  24576  3.7694046  1.574e-01  1.176e+00    0.007
     345  24576  3.7694046  1.574e-01  1.175e+00    0.007
     346  24576  3.7694046  1.574e-01  1.174e+00    0.007
     347  24576  3.7694046  1.574e-01  1.173e+00    0.007
     348  24576  3.7694046  1.574e-01  1.172e+00    0.007
     349  24576  3.7694046  1.574e-01  1.170e+00    0.007
     350  24576  3.7694046  1.574e-01  1.169e+00    0.007
     351  24576  3.7694046  1.574e-01  1.168e+00    0.007
     352  24576  3.7694046  1.574e-01  1.167e+00    0.007
     353  24576  3.7694046  1.574e-01  1.166e+00    0.007
     354  24576  3.7694046  1.574e-01  1.165e+00    0.007
     355  24576  3.7694046  1.574e-01  1.163e+00    0.007
     356  24576  3.7694046  1.574e-01  1.162e+00    0.007
     357  24576  3.7694046  1.574e-01  1.161e+00    0.007
     358  24576  3.7694046  1.574e-01  1.160e+00    0.007
     359  24576  3.7694046  1.574e-01  1.159e+00    0.007
     360  24576  3.7694046  1.574e-01  1.158e+00    0.007
     361  24576  3.7694046  1.574e-01  1.157e+00    0.007
     362  24576  3.7694046  1.574e-01  1.155e+00    0.007
     363  24576  3.7694046  1.574e-01  1.154e+00    0.007
     364  24576  3.7694046  1.574e-01  1.153e+00    0.007
     365  24576  3.7694046  1.574e-01  1.152e+00    0.007
     366  24576  3.7694046  1.574e-01  1.151e+00    0.007
     367  24576  3.7694046  1.574e-01  1.150e+00    0.007
     368  24576  3.7694046  1.574e-01  1.148e+00    0.007
     369  24576  3.7694046  1.575e-01  1.147e+00    0.007
     370  24576  3.7694046  1.575e-01  1.146e+00    0.007
     371  24576  3.7694046  1.575e-01  1.145e+00    0.007
     372  24576  3.7694046  1.575e-01  1.144e+00    0.007
     373  24576  3.7694046  1.575e-01  1.143e+00    0.007
     374  24576  3.7694046  1.575e-01  1.142e+00    0.007
     375  24576  3.7694046  1.575e-01  1.140e+00    0.007
     376  24576  3.7694046  1.575e-01  1.139e+00    0.007
     377  24576  3.7694046  1.575e-01  1.138e+00    0.007
     378  24576  3.7694046  1.575e-01  1.137e+00    0.007
     379  24576  3.7694046  1.575e-01  1.136e+00    0.007
     380  24576  3.7694046  1.575e-01  1.135e+00    0.007
     381  24576  3.7694046  1.575e-01  1.134e+00    0.007
     382  24576  3.7694046  1.575e-01  1.133e+00    0.007
     383  24576  3.7694046  1.575e-01  1.131e+00    0.007
     384  24576  3.7694046  1.575e-01  1.130e+00    0.007
     385  24576  3.7694046  1.575e-01  1.129e+00    0.007
     386  24576  3.7694046  1.575e-01  1.128e+00    0.007
     387  24576  3.7694046  1.575e-01  1.127e+00    0.007
     388  24576  3.7694046  1.575e-01  1.126e+00    0.007
     389  24576  3.7694046  1.575e-01  1.125e+00    0.007
     390  24576  3.7694046  1.575e-01  1.123e+00    0.007
     391  24576  3.7694046  1.575e-01  1.122e+00    0.007
     392  24576  3.7694046  1.575e-01  1.121e+00    0.007
     393  24576  3.7694046  1.575e-01  1.120e+00    0.007
     394  24576  3.7694046  1.575e-01  1.119e+00    0.007
     395  24576  3.7694046  1.575e-01  1.118e+00    0.007
     396  24576  3.7694046  1.575e-01  1.117e+00    0.007
     397  24576  3.7694046  1.575e-01  1.116e+00    0.007
     398  24576  3.7694046  1.575e-01  1.115e+00    0.007
     399  24576  3.7694046  1.575e-01  1.113e+00    0.007
     400  24576  3.7694046  1.575e-01  1.112e+00    0.007
     401  24576  3.7694046  1.575e-01  1.111e+00    0.007
     402  24576  3.7694046  1.575e-01  1.110e+00    0.007
     403  24576  3.7694046  1.575e-01  1.109e+00    0.007
     404  24576  3.7694046  1.575e-01  1.108e+00    0.007
     405  24576  3.7694046  1.575e-01  1.107e+00    0.007
     406  24576  3.7694046  1.575e-01  1.106e+00    0.007
     407  24576  3.7694046  1.575e-01  1.105e+00    0.007
     408  24576  3.7694046  1.575e-01  1.103e+00    0.007
     409  24576  3.7694046  1.575e-01  1.102e+00    0.007
     410  24576  3.7694046  1.575e-01  1.101e+00    0.007
     411  24576  3.7694046  1.575e-01  1.100e+00    0.007
     412  24576  3.7694046  1.575e-01  1.099e+00    0.007
     413  24576  3.7694046  1.575e-01  1.098e+00    0.007
     414  24576  3.7694046  1.575e-01  1.097e+00    0.007
     415  24576  3.7694046  1.575e-01  1.096e+00    0.007
     416  24576  3.7694046  1.575e-01  1.095e+00    0.007
     417  24576  3.7694046  1.575e-01  1.094e+00    0.007
     418  24576  3.7694046  1.575e-01  1.092e+00    0.007
     419  24576  3.7694046  1.575e-01  1.091e+00    0.007
     420  24576  3.7694046  1.575e-01  1.090e+00    0.007
     421  24576  3.7694046  1.575e-01  1.089e+00    0.007
     422  24576  3.7694046  1.575e-01  1.088e+00    0.007
     423  24576  3.7694046  1.575e-01  1.087e+00    0.007
     424  24576  3.7694046  1.575e-01  1.086e+00    0.007
     425  24576  3.7694046  1.575e-01  1.085e+00    0.007
     426  24576  3.7694046  1.575e-01  1.084e+00    0.007
     427  24576  3.7694046  1.575e-01  1.083e+00    0.007
     428  24576  3.7694046  1.575e-01  1.082e+00    0.007
     429  24576  3.7694046  1.575e-01  1.081e+00    0.007
     430  24576  3.7694046  1.575e-01  1.079e+00    0.007
     431  24576  3.7694046  1.575e-01  1.078e+00    0.007
     432  24576  3.7694046  1.575e-01  1.077e+00    0.007
     433  24576  3.7694046  1.575e-01  1.076e+00    0.007
     434  24576  3.7694046  1.575e-01  1.075e+00    0.007
     435  24576  3.7694046  1.575e-01  1.074e+00    0.007
     436  24576  3.7694046  1.575e-01  1.073e+00    0.007
     437  24576  3.7694046  1.575e-01  1.072e+00    0.007
     438  24576  3.7694046  1.575e-01  1.071e+00    0.007
     439  24576  3.7694046  1.575e-01  1.070e+00    0.007
     440  24576  3.7694046  1.575e-01  1.069e+00    0.007
     441  24576  3.7694046  1.575e-01  1.068e+00    0.007
     442  24576  3.7694046  1.575e-01  1.067e+00    0.007
     443  24576  3.7694046  1.575e-01  1.066e+00    0.007
     444  24576  3.7694046  1.575e-01  1.064e+00    0.007
     445  24576  3.7694046  1.575e-01  1.063e+00    0.007
     446  24576  3.7694046  1.575e-01  1.062e+00    0.007
     447  24576  3.7694046  1.575e-01  1.061e+00    0.007
     448  24576  3.7694046  1.575e-01  1.060e+00    0.007
     449  24576  3.7694046  1.575e-01  1.059e+00    0.007
     450  24576  3.7694046  1.575e-01  1.058e+00    0.007
     451  24576  3.7694046  1.575e-01  1.057e+00    0.007
     452  24576  3.7694046  1.575e-01  1.056e+00    0.007
     453  24576  3.7694046  1.575e-01  1.055e+00    0.007
     454  24576  3.7694046  1.575e-01  1.054e+00    0.007
     455  24576  3.7694046  1.575e-01  1.053e+00    0.007
     456  24576  3.7694046  1.575e-01  1.052e+00    0.007
     457  24576  3.7694046  1.575e-01  1.051e+00    0.007
     458  24576  3.7694046  1.575e-01  1.050e+00    0.007
     459  24576  3.7694046  1.575e-01  1.049e+00    0.007
     460  24576  3.7694046  1.575e-01  1.048e+00    0.007
     461  24576  3.7694046  1.575e-01  1.047e+00    0.007
     462  24576  3.7694046  1.575e-01  1.045e+00    0.007
     463  24576  3.7694046  1.575e-01  1.044e+00    0.007
     464  24576  3.7694046  1.575e-01  1.043e+00    0.007
     465  24576  3.7694046  1.575e-01  1.042e+00    0.007
     466  24576  3.7694046  1.575e-01  1.041e+00    0.007
     467  24576  3.7694046  1.575e-01  1.040e+00    0.007
     468  24576  3.7694046  1.575e-01  1.039e+00    0.007
     469  24576  3.7694046  1.575e-01  1.038e+00    0.007
     470  24576  3.7694046  1.575e-01  1.037e+00    0.007
     471  24576  3.7694046  1.575e-01  1.036e+00    0.007
     472  24576  3.7694046  1.575e-01  1.035e+00    0.007
     473  24576  3.7694046  1.575e-01  1.034e+00    0.007
     474  24576  3.7694046  1.575e-01  1.033e+00    0.007
     475  24576  3.7694046  1.575e-01  1.032e+00    0.007
     476  24576  3.7694046  1.575e-01  1.031e+00    0.007
     477  24576  3.7694046  1.575e-01  1.030e+00    0.007
     478  24576  3.7694046  1.575e-01  1.029e+00    0.007
     479  24576  3.7694046  1.575e-01  1.028e+00    0.007
     480  24576  3.7694046  1.575e-01  1.027e+00    0.007
     481  24576  3.7694046  1.575e-01  1.026e+00    0.007
     482  24576  3.7694046  1.575e-01  1.025e+00    0.007
     483  24576  3.7694046  1.575e-01  1.024e+00    0.007
     484  24576  3.7694046  1.575e-01  1.023e+00    0.007
     485  24576  3.7694046  1.575e-01  1.022e+00    0.007
     486  24576  3.7694046  1.575e-01  1.021e+00    0.007
     487  24576  3.7694046  1.575e-01  1.020e+00    0.007
     488  24576  3.7694046  1.575e-01  1.019e+00    0.007
     489  24576  3.7694046  1.575e-01  1.018e+00    0.007
     490  24576  3.7694046  1.575e-01  1.017e+00    0.007
     491  24576  3.7694046  1.575e-01  1.016e+00    0.007
     492  24576  3.7694046  1.575e-01  1.015e+00    0.007
     493  24576  3.7694046  1.575e-01  1.014e+00    0.007
     494  24576  3.7694046  1.575e-01  1.013e+00    0.007
     495  24576  3.7694046  1.575e-01  1.012e+00    0.007
     496  24576  3.7694046  1.575e-01  1.011e+00    0.007
     497  24576  3.7694046  1.575e-01  1.010e+00    0.007
     498  24576  3.7694046  1.575e-01  1.009e+00    0.007
     499  24576  3.7694046  1.575e-01  1.008e+00    0.007
     500  24576  3.7694046  1.575e-01  1.007e+00    0.007
     501  24576  3.7694046  1.575e-01  1.006e+00    0.007
     502  24576  3.7694046  1.575e-01  1.005e+00    0.007
     503  24576  3.7694046  1.575e-01  1.004e+00    0.007
     504  24576  3.7694046  1.575e-01  1.003e+00    0.007
     505  24576  3.7694046  1.575e-01  1.002e+00    0.007
     506  24576  3.7694046  1.575e-01  1.001e+00    0.007
     507  24576  3.7694046  1.575e-01  9.995e-01    0.007
     508  24576  3.7694046  1.575e-01  9.985e-01    0.007
     509  24576  3.7694046  1.575e-01  9.975e-01    0.007
     510  24576  3.7694046  1.575e-01  9.965e-01    0.007
     511  24576  3.7694046  1.575e-01  9.955e-01    0.007
     512  24576  3.7694046  1.575e-01  9.945e-01    0.007
     513  24576  3.7694046  1.575e-01  9.935e-01    0.007
     514  24576  3.7694046  1.575e-01  9.925e-01    0.007
     515  24576  3.7694046  1.575e-01  9.915e-01    0.007
     516  24576  3.7694046  1.575e-01  9.906e-01    0.007
     517  24576  3.7694046  1.575e-01  9.896e-01    0.007
     518  24576  3.7694046  1.575e-01  9.886e-01    0.007
     519  24576  3.7694046  1.575e-01  9.876e-01    0.007
     520  24576  3.7694046  1.575e-01  9.866e-01    0.007
     521  24576  3.7694046  1.575e-01  9.856e-01    0.007
     522  24576  3.7694046  1.575e-01  9.846e-01    0.007
     523  24576  3.7694046  1.576e-01  9.836e-01    0.007
     524  24576  3.7694046  1.576e-01  9.827e-01    0.007
     525  24576  3.7694046  1.576e-01  9.817e-01    0.007
     526  24576  3.7694046  1.576e-01  9.807e-01    0.007
     527  24576  3.7694046  1.576e-01  9.797e-01    0.007
     528  24576  3.7694046  1.576e-01  9.787e-01    0.007
     529  24576  3.7694046  1.576e-01  9.778e-01    0.007
     530  24576  3.7694046  1.576e-01  9.768e-01    0.007
     531  24576  3.7694046  1.576e-01  9.758e-01    0.007
     532  24576  3.7694046  1.576e-01  9.748e-01    0.007
     533  24576  3.7694046  1.576e-01  9.739e-01    0.007
     534  24576  3.7694046  1.576e-01  9.729e-01    0.007
     535  24576  3.7694046  1.576e-01  9.719e-01    0.007
     536  24576  3.7694046  1.576e-01  9.710e-01    0.007
     537  24576  3.7694046  1.576e-01  9.700e-01    0.007
     538  24576  3.7694046  1.576e-01  9.690e-01    0.007
     539  24576  3.7694046  1.576e-01  9.680e-01    0.007
     540  24576  3.7694046  1.576e-01  9.671e-01    0.007
     541  24576  3.7694046  1.576e-01  9.661e-01    0.007
     542  24576  3.7694046  1.576e-01  9.651e-01    0.007
     543  24576  3.7694046  1.576e-01  9.642e-01    0.007
     544  24576  3.7694046  1.576e-01  9.632e-01    0.007
     545  24576  3.7694046  1.576e-01  9.623e-01    0.007
     546  24576  3.7694046  1.576e-01  9.613e-01    0.007
     547  24576  3.7694046  1.576e-01  9.603e-01    0.007
     548  24576  3.7694046  1.576e-01  9.594e-01    0.007
     549  24576  3.7694046  1.576e-01  9.584e-01    0.007
     550  24576  3.7694046  1.576e-01  9.575e-01    0.007
     551  24576  3.7694046  1.576e-01  9.565e-01    0.007
     552  24576  3.7694046  1.576e-01  9.555e-01    0.007
     553  24576  3.7694046  1.576e-01  9.546e-01    0.007
     554  24576  3.7694046  1.576e-01  9.536e-01    0.007
     555  24576  3.7694046  1.576e-01  9.527e-01    0.007
     556  24576  3.7694046  1.576e-01  9.517e-01    0.007
     557  24576  3.7694046  1.576e-01  9.508e-01    0.007
     558  24576  3.7694046  1.576e-01  9.498e-01    0.007
     559  24576  3.7694046  1.576e-01  9.489e-01    0.007
     560  24576  3.7694046  1.576e-01  9.479e-01    0.007
     561  24576  3.7694046  1.576e-01  9.470e-01    0.007
     562  24576  3.7694046  1.576e-01  9.460e-01    0.007
     563  24576  3.7694046  1.576e-01  9.451e-01    0.007
     564  24576  3.7694046  1.576e-01  9.442e-01    0.007
     565  24576  3.7694046  1.576e-01  9.432e-01    0.007
     566  24576  3.7694046  1.576e-01  9.423e-01    0.007
     567  24576  3.7694046  1.576e-01  9.413e-01    0.007
     568  24576  3.7694046  1.576e-01  9.404e-01    0.007
     569  24576  3.7694046  1.576e-01  9.394e-01    0.007
     570  24576  3.7694046  1.576e-01  9.385e-01    0.007
     571  24576  3.7694046  1.576e-01  9.376e-01    0.007
     572  24576  3.7694046  1.576e-01  9.366e-01    0.007
     573  24576  3.7694046  1.576e-01  9.357e-01    0.007
     574  24576  3.7694046  1.576e-01  9.348e-01    0.007
     575  24576  3.7694046  1.576e-01  9.338e-01    0.007
     576  24576  3.7694046  1.576e-01  9.329e-01    0.007
     577  24576  3.7694046  1.576e-01  9.320e-01    0.007
     578  24576  3.7694046  1.576e-01  9.310e-01    0.007
     579  24576  3.7694046  1.576e-01  9.301e-01    0.007
     580  24576  3.7694046  1.576e-01  9.292e-01    0.007
     581  24576  3.7694046  1.576e-01  9.282e-01    0.007
     582  24576  3.7694046  1.576e-01  9.273e-01    0.007
     583  24576  3.7694046  1.576e-01  9.264e-01    0.007
     584  24576  3.7694046  1.576e-01  9.255e-01    0.007
     585  24576  3.7694046  1.576e-01  9.245e-01    0.007
     586  24576  3.7694046  1.576e-01  9.236e-01    0.007
     587  24576  3.7694046  1.576e-01  9.227e-01    0.007
     588  24576  3.7694046  1.576e-01  9.218e-01    0.007
     589  24576  3.7694046  1.576e-01  9.209e-01    0.007
     590  24576  3.7694046  1.576e-01  9.199e-01    0.007
     591  24576  3.7694046  1.576e-01  9.190e-01    0.007
     592  24576  3.7694046  1.576e-01  9.181e-01    0.007
     593  24576  3.7694046  1.576e-01  9.172e-01    0.007
     594  24576  3.7694046  1.576e-01  9.163e-01    0.007
     595  24576  3.7694046  1.576e-01  9.153e-01    0.007
     596  24576  3.7694046  1.576e-01  9.144e-01    0.007
     597  24576  3.7694046  1.576e-01  9.135e-01    0.007
     598  24576  3.7694046  1.576e-01  9.126e-01    0.007
     599  24576  3.7694046  1.576e-01  9.117e-01    0.007
     600  24576  3.7694046  1.576e-01  9.108e-01    0.007
     601  24576  3.7694046  1.576e-01  9.099e-01    0.007
     602  24576  3.7694046  1.576e-01  9.090e-01    0.007
     603  24576  3.7694046  1.576e-01  9.081e-01    0.007
     604  24576  3.7694046  1.576e-01  9.072e-01    0.007
     605  24576  3.7694046  1.576e-01  9.062e-01    0.007
     606  24576  3.7694046  1.576e-01  9.053e-01    0.007
     607  24576  3.7694046  1.576e-01  9.044e-01    0.007
     608  24576  3.7694046  1.576e-01  9.035e-01    0.007
     609  24576  3.7694046  1.576e-01  9.026e-01    0.007
     610  24576  3.7694046  1.576e-01  9.017e-01    0.007
     611  24576  3.7694046  1.576e-01  9.008e-01    0.007
     612  24576  3.7694046  1.576e-01  8.999e-01    0.007
     613  24576  3.7694046  1.576e-01  8.990e-01    0.007
     614  24576  3.7694046  1.576e-01  8.981e-01    0.007
     615  24576  3.7694046  1.576e-01  8.972e-01    0.007
     616  24576  3.7694046  1.576e-01  8.963e-01    0.007
     617  24576  3.7694046  1.576e-01  8.954e-01    0.007
     618  24576  3.7694046  1.576e-01  8.945e-01    0.007
     619  24576  3.7694046  1.576e-01  8.937e-01    0.007
     620  24576  3.7694046  1.576e-01  8.928e-01    0.007
     621  24576  3.7694046  1.576e-01  8.919e-01    0.007
     622  24576  3.7694046  1.576e-01  8.910e-01    0.007
     623  24576  3.7694046  1.576e-01  8.901e-01    0.007
     624  24576  3.7694046  1.576e-01  8.892e-01    0.007
     625  24576  3.7694046  1.576e-01  8.883e-01    0.007
     626  24576  3.7694046  1.576e-01  8.874e-01    0.007
     627  24576  3.7694046  1.576e-01  8.865e-01    0.007
     628  24576  3.7694046  1.576e-01  8.857e-01    0.007
     629  24576  3.7694046  1.576e-01  8.848e-01    0.007
     630  24576  3.7694046  1.576e-01  8.839e-01    0.007
     631  24576  3.7694046  1.576e-01  8.830e-01    0.007
     632  24576  3.7694046  1.576e-01  8.821e-01    0.007
     633  24576  3.7694046  1.576e-01  8.812e-01    0.007
     634  24576  3.7694046  1.576e-01  8.804e-01    0.007
     635  24576  3.7694046  1.576e-01  8.795e-01    0.007
     636  24576  3.7694046  1.576e-01  8.786e-01    0.007
     637  24576  3.7694046  1.576e-01  8.777e-01    0.007
     638  24576  3.7694046  1.576e-01  8.768e-01    0.007
     639  24576  3.7694046  1.576e-01  8.760e-01    0.007
     640  24576  3.7694046  1.577e-01  8.751e-01    0.007
     641  24576  3.7694046  1.577e-01  8.742e-01    0.007
     642  24576  3.7694046  1.577e-01  8.733e-01    0.007
     643  24576  3.7694046  1.577e-01  8.725e-01    0.007
     644  24576  3.7694046  1.577e-01  8.716e-01    0.007
     645  24576  3.7694046  1.577e-01  8.707e-01    0.007
     646  24576  3.7694046  1.577e-01  8.699e-01    0.007
     647  24576  3.7694046  1.577e-01  8.690e-01    0.007
     648  24576  3.7694046  1.577e-01  8.681e-01    0.007
     649  24576  3.7694046  1.577e-01  8.673e-01    0.007
     650  24576  3.7694046  1.577e-01  8.664e-01    0.007
     651  24576  3.7694046  1.577e-01  8.655e-01    0.007
     652  24576  3.7694046  1.577e-01  8.647e-01    0.007
     653  24576  3.7694046  1.577e-01  8.638e-01    0.007
     654  24576  3.7694046  1.577e-01  8.629e-01    0.007
     655  24576  3.7694046  1.577e-01  8.621e-01    0.007
     656  24576  3.7694046  1.577e-01  8.612e-01    0.007
     657  24576  3.7694046  1.577e-01  8.603e-01    0.007
     658  24576  3.7694046  1.577e-01  8.595e-01    0.007
     659  24576  3.7694046  1.577e-01  8.586e-01    0.007
     660  24576  3.7694046  1.577e-01  8.578e-01    0.007
     661  24576  3.7694046  1.577e-01  8.569e-01    0.007
     662  24576  3.7694046  1.577e-01  8.561e-01    0.007
     663  24576  3.7694046  1.577e-01  8.552e-01    0.007
     664  24576  3.7694046  1.577e-01  8.543e-01    0.007
     665  24576  3.7694046  1.577e-01  8.535e-01    0.007
     666  24576  3.7694046  1.577e-01  8.526e-01    0.007
     667  24576  3.7694046  1.577e-01  8.518e-01    0.007
     668  24576  3.7694046  1.577e-01  8.509e-01    0.007
     669  24576  3.7694046  1.577e-01  8.501e-01    0.007
     670  24576  3.7694046  1.577e-01  8.492e-01    0.007
     671  24576  3.7694046  1.577e-01  8.484e-01    0.007
     672  24576  3.7694046  1.577e-01  8.475e-01    0.007
     673  24576  3.7694046  1.577e-01  8.467e-01    0.007
     674  24576  3.7694046  1.577e-01  8.459e-01    0.007
     675  24576  3.7694046  1.577e-01  8.450e-01    0.007
     676  24576  3.7694046  1.577e-01  8.442e-01    0.007
     677  24576  3.7694046  1.577e-01  8.433e-01    0.007
     678  24576  3.7694046  1.577e-01  8.425e-01    0.007
     679  24576  3.7694046  1.577e-01  8.416e-01    0.007
     680  24576  3.7694046  1.577e-01  8.408e-01    0.007
     681  24576  3.7694046  1.577e-01  8.400e-01    0.007
     682  24576  3.7694046  1.577e-01  8.391e-01    0.007
     683  24576  3.7694046  1.577e-01  8.383e-01    0.007
     684  24576  3.7694046  1.577e-01  8.374e-01    0.007
     685  24576  3.7694046  1.577e-01  8.366e-01    0.007
     686  24576  3.7694046  1.577e-01  8.358e-01    0.007
     687  24576  3.7694046  1.577e-01  8.349e-01    0.007
     688  24576  3.7694046  1.577e-01  8.341e-01    0.007
     689  24576  3.7694046  1.577e-01  8.333e-01    0.007
     690  24576  3.7694046  1.577e-01  8.324e-01    0.007
     691  24576  3.7694046  1.577e-01  8.316e-01    0.007
     692  24576  3.7694046  1.577e-01  8.308e-01    0.007
     693  24576  3.7694046  1.577e-01  8.299e-01    0.007
     694  24576  3.7694046  1.577e-01  8.291e-01    0.007
     695  24576  3.7694046  1.577e-01  8.283e-01    0.007
     696  24576  3.7694046  1.577e-01  8.275e-01    0.007
     697  24576  3.7694046  1.577e-01  8.266e-01    0.007
     698  24576  3.7694046  1.577e-01  8.258e-01    0.007
     699  24576  3.7694046  1.577e-01  8.250e-01    0.007
     700  24576  3.7694046  1.577e-01  8.242e-01    0.007
     701  24576  3.7694046  1.577e-01  8.233e-01    0.007
     702  24576  3.7694046  1.577e-01  8.225e-01    0.007
     703  24576  3.7694046  1.577e-01  8.217e-01    0.007
     704  24576  3.7694046  1.577e-01  8.209e-01    0.007
     705  24576  3.7694046  1.577e-01  8.200e-01    0.007
     706  24576  3.7694046  1.577e-01  8.192e-01    0.007
     707  24576  3.7694046  1.577e-01  8.184e-01    0.007
     708  24576  3.7694046  1.577e-01  8.176e-01    0.007
     709  24576  3.7694046  1.577e-01  8.168e-01    0.007
     710  24576  3.7694046  1.577e-01  8.160e-01    0.007
     711  24576  3.7694046  1.577e-01  8.151e-01    0.007
     712  24576  3.7694046  1.577e-01  8.143e-01    0.007
     713  24576  3.7694046  1.577e-01  8.135e-01    0.007
     714  24576  3.7694046  1.577e-01  8.127e-01    0.007
     715  24576  3.7694046  1.577e-01  8.119e-01    0.007
     716  24576  3.7694046  1.577e-01  8.111e-01    0.007
     717  24576  3.7694046  1.577e-01  8.103e-01    0.007
     718  24576  3.7694046  1.577e-01  8.095e-01    0.007
     719  24576  3.7694046  1.577e-01  8.087e-01    0.007
     720  24576  3.7694046  1.577e-01  8.078e-01    0.007
     721  24576  3.7694046  1.577e-01  8.070e-01    0.007
     722  24576  3.7694046  1.577e-01  8.062e-01    0.007
     723  24576  3.7694046  1.577e-01  8.054e-01    0.007
     724  24576  3.7694046  1.577e-01  8.046e-01    0.007
     725  24576  3.7694046  1.577e-01  8.038e-01    0.007
     726  24576  3.7694046  1.577e-01  8.030e-01    0.007
     727  24576  3.7694046  1.577e-01  8.022e-01    0.007
     728  24576  3.7694046  1.577e-01  8.014e-01    0.007
     729  24576  3.7694046  1.577e-01  8.006e-01    0.007
     730  24576  3.7694046  1.577e-01  7.998e-01    0.007
     731  24576  3.7694046  1.577e-01  7.990e-01    0.007
     732  24576  3.7694046  1.577e-01  7.982e-01    0.007
     733  24576  3.7694046  1.577e-01  7.974e-01    0.007
     734  24576  3.7694046  1.577e-01  7.966e-01    0.007
     735  24576  3.7694046  1.577e-01  7.958e-01    0.007
     736  24576  3.7694046  1.578e-01  7.950e-01    0.007
     737  24576  3.7694046  1.578e-01  7.942e-01    0.007
     738  24576  3.7694046  1.578e-01  7.934e-01    0.007
     739  24576  3.7694046  1.578e-01  7.926e-01    0.007
     740  24576  3.7694046  1.578e-01  7.919e-01    0.007
     741  24576  3.7694046  1.578e-01  7.911e-01    0.007
     742  24576  3.7694046  1.578e-01  7.903e-01    0.007
     743  24576  3.7694046  1.578e-01  7.895e-01    0.007
     744  24576  3.7694046  1.578e-01  7.887e-01    0.007
     745  24576  3.7694046  1.578e-01  7.879e-01    0.007
     746  24576  3.7694046  1.578e-01  7.871e-01    0.007
     747  24576  3.7694046  1.578e-01  7.863e-01    0.007
     748  24576  3.7694046  1.578e-01  7.855e-01    0.007
     749  24576  3.7694046  1.578e-01  7.848e-01    0.007
     750  24576  3.7694046  1.578e-01  7.840e-01    0.007
     751  24576  3.7694046  1.578e-01  7.832e-01    0.007
     752  24576  3.7694046  1.578e-01  7.824e-01    0.007
     753  24576  3.7694046  1.578e-01  7.816e-01    0.007
     754  24576  3.7694046  1.578e-01  7.809e-01    0.007
     755  24576  3.7694046  1.578e-01  7.801e-01    0.007
     756  24576  3.7694046  1.578e-01  7.793e-01    0.007
     757  24576  3.7694046  1.578e-01  7.785e-01    0.007
     758  24576  3.7694046  1.578e-01  7.777e-01    0.007
     759  24576  3.7694046  1.578e-01  7.770e-01    0.007
     760  24576  3.7694046  1.578e-01  7.762e-01    0.007
     761  24576  3.7694046  1.578e-01  7.754e-01    0.007
     762  24576  3.7694046  1.578e-01  7.746e-01    0.007
     763  24576  3.7694046  1.578e-01  7.739e-01    0.007
     764  24576  3.7694046  1.578e-01  7.731e-01    0.007
     765  24576  3.7694046  1.578e-01  7.723e-01    0.007
     766  24576  3.7694046  1.578e-01  7.715e-01    0.007
     767  24576  3.7694046  1.578e-01  7.708e-01    0.007
     768  24576  3.7694046  1.578e-01  7.700e-01    0.007
     769  24576  3.7694046  1.578e-01  7.692e-01    0.007
     770  24576  3.7694046  1.578e-01  7.685e-01    0.007
     771  24576  3.7694046  1.578e-01  7.677e-01    0.007
     772  24576  3.7694046  1.578e-01  7.669e-01    0.007
     773  24576  3.7694046  1.578e-01  7.662e-01    0.007
     774  24576  3.7694046  1.578e-01  7.654e-01    0.007
     775  24576  3.7694046  1.578e-01  7.646e-01    0.007
     776  24576  3.7694046  1.578e-01  7.639e-01    0.007
     777  24576  3.7694046  1.578e-01  7.631e-01    0.007
     778  24576  3.7694046  1.578e-01  7.623e-01    0.007
     779  24576  3.7694046  1.578e-01  7.616e-01    0.007
     780  24576  3.7694046  1.578e-01  7.608e-01    0.007
     781  24576  3.7694046  1.578e-01  7.601e-01    0.007
     782  24576  3.7694046  1.578e-01  7.593e-01    0.007
     783  24576  3.7694046  1.578e-01  7.585e-01    0.007
     784  24576  3.7694046  1.578e-01  7.578e-01    0.007
     785  24576  3.7694046  1.578e-01  7.570e-01    0.007
     786  24576  3.7694046  1.578e-01  7.563e-01    0.007
     787  24576  3.7694046  1.578e-01  7.555e-01    0.007
     788  24576  3.7694046  1.578e-01  7.548e-01    0.007
     789  24576  3.7694046  1.578e-01  7.540e-01    0.007
     790  24576  3.7694046  1.578e-01  7.533e-01    0.007
     791  24576  3.7694046  1.578e-01  7.525e-01    0.007
     792  24576  3.7694046  1.578e-01  7.518e-01    0.007
     793  24576  3.7694046  1.578e-01  7.510e-01    0.007
     794  24576  3.7694046  1.578e-01  7.502e-01    0.007
     795  24576  3.7694046  1.578e-01  7.495e-01    0.007
     796  24576  3.7694046  1.578e-01  7.488e-01    0.007
     797  24576  3.7694046  1.578e-01  7.480e-01    0.007
     798  24576  3.7694046  1.578e-01  7.473e-01    0.007
     799  24576  3.7694046  1.578e-01  7.465e-01    0.007
     800  24576  3.7694046  1.578e-01  7.458e-01    0.007
     801  24576  3.7694046  1.578e-01  7.450e-01    0.007
     802  24576  3.7694046  1.578e-01  7.443e-01    0.007
     803  24576  3.7694046  1.578e-01  7.435e-01    0.007
     804  24576  3.7694046  1.578e-01  7.428e-01    0.007
     805  24576  3.7694046  1.578e-01  7.420e-01    0.007
     806  24576  3.7694046  1.578e-01  7.413e-01    0.007
     807  24576  3.7694046  1.578e-01  7.406e-01    0.007
     808  24576  3.7694046  1.578e-01  7.398e-01    0.007
     809  24576  3.7694046  1.578e-01  7.391e-01    0.007
     810  24576  3.7694046  1.578e-01  7.383e-01    0.007
     811  24576  3.7694046  1.578e-01  7.376e-01    0.007
     812  24576  3.7694046  1.578e-01  7.369e-01    0.007
     813  24576  3.7694046  1.578e-01  7.361e-01    0.007
     814  24576  3.7694046  1.578e-01  7.354e-01    0.007
     815  24576  3.7694046  1.578e-01  7.347e-01    0.007
     816  24576  3.7694046  1.579e-01  7.339e-01    0.007
     817  24576  3.7694046  1.579e-01  7.332e-01    0.007
     818  24576  3.7694046  1.579e-01  7.325e-01    0.007
     819  24576  3.7694046  1.579e-01  7.317e-01    0.007
     820  24576  3.7694046  1.579e-01  7.310e-01    0.007
     821  24576  3.7694046  1.579e-01  7.303e-01    0.007
     822  24576  3.7694046  1.579e-01  7.295e-01    0.007
     823  24576  3.7694046  1.579e-01  7.288e-01    0.007
     824  24576  3.7694046  1.579e-01  7.281e-01    0.007
     825  24576  3.7694046  1.579e-01  7.274e-01    0.007
     826  24576  3.7694046  1.579e-01  7.266e-01    0.007
     827  24576  3.7694046  1.579e-01  7.259e-01    0.007
     828  24576  3.7694046  1.579e-01  7.252e-01    0.007
     829  24576  3.7694046  1.579e-01  7.245e-01    0.007
     830  24576  3.7694046  1.579e-01  7.237e-01    0.007
     831  24576  3.7694046  1.579e-01  7.230e-01    0.007
     832  24576  3.7694046  1.579e-01  7.223e-01    0.007
     833  24576  3.7694046  1.579e-01  7.216e-01    0.007
     834  24576  3.7694046  1.579e-01  7.208e-01    0.007
     835  24576  3.7694046  1.579e-01  7.201e-01    0.007
     836  24576  3.7694046  1.579e-01  7.194e-01    0.007
     837  24576  3.7694046  1.579e-01  7.187e-01    0.007
     838  24576  3.7694046  1.579e-01  7.180e-01    0.007
     839  24576  3.7694046  1.579e-01  7.173e-01    0.007
     840  24576  3.7694046  1.579e-01  7.165e-01    0.007
     841  24576  3.7694046  1.579e-01  7.158e-01    0.007
     842  24576  3.7694046  1.579e-01  7.151e-01    0.007
     843  24576  3.7694046  1.579e-01  7.144e-01    0.007
     844  24576  3.7694046  1.579e-01  7.137e-01    0.007
     845  24576  3.7694046  1.579e-01  7.130e-01    0.007
     846  24576  3.7694046  1.579e-01  7.123e-01    0.007
     847  24576  3.7694046  1.579e-01  7.115e-01    0.007
     848  24576  3.7694046  1.579e-01  7.108e-01    0.007
     849  24576  3.7694046  1.579e-01  7.101e-01    0.007
     850  24576  3.7694046  1.579e-01  7.094e-01    0.007
     851  24576  3.7694046  1.579e-01  7.087e-01    0.007
     852  24576  3.7694046  1.579e-01  7.080e-01    0.007
     853  24576  3.7694046  1.579e-01  7.073e-01    0.007
     854  24576  3.7694046  1.579e-01  7.066e-01    0.007
     855  24576  3.7694046  1.579e-01  7.059e-01    0.007
     856  24576  3.7694046  1.579e-01  7.052e-01    0.007
     857  24576  3.7694046  1.579e-01  7.045e-01    0.007
     858  24576  3.7694046  1.579e-01  7.038e-01    0.007
     859  24576  3.7694046  1.579e-01  7.031e-01    0.007
     860  24576  3.7694046  1.579e-01  7.024e-01    0.007
     861  24576  3.7694046  1.579e-01  7.017e-01    0.007
     862  24576  3.7694046  1.579e-01  7.010e-01    0.007
     863  24576  3.7694046  1.579e-01  7.003e-01    0.007
     864  24576  3.7694046  1.579e-01  6.996e-01    0.007
     865  24576  3.7694046  1.579e-01  6.989e-01    0.007
     866  24576  3.7694046  1.579e-01  6.982e-01    0.007
     867  24576  3.7694046  1.579e-01  6.975e-01    0.007
     868  24576  3.7694046  1.579e-01  6.968e-01    0.007
     869  24576  3.7694046  1.579e-01  6.961e-01    0.007
     870  24576  3.7694046  1.579e-01  6.954e-01    0.007
     871  24576  3.7694046  1.579e-01  6.947e-01    0.007
     872  24576  3.7694046  1.579e-01  6.940e-01    0.007
     873  24576  3.7694046  1.579e-01  6.933e-01    0.007
     874  24576  3.7694046  1.579e-01  6.926e-01    0.007
     875  24576  3.7694046  1.579e-01  6.919e-01    0.007
     876  24576  3.7694046  1.579e-01  6.912e-01    0.007
     877  24576  3.7694046  1.579e-01  6.905e-01    0.007
     878  24576  3.7694046  1.579e-01  6.898e-01    0.007
     879  24576  3.7694046  1.579e-01  6.891e-01    0.007
     880  24576  3.7694046  1.579e-01  6.885e-01    0.007
     881  24576  3.7694046  1.579e-01  6.878e-01    0.007
     882  24576  3.7694046  1.579e-01  6.871e-01    0.007
     883  24576  3.7694046  1.579e-01  6.864e-01    0.007
     884  24576  3.7694046  1.579e-01  6.857e-01    0.007
     885  24576  3.7694046  1.580e-01  6.850e-01    0.007
     886  24576  3.7694046  1.580e-01  6.843e-01    0.007
     887  24576  3.7694046  1.580e-01  6.837e-01    0.007
     888  24576  3.7694046  1.580e-01  6.830e-01    0.007
     889  24576  3.7694046  1.580e-01  6.823e-01    0.007
     890  24576  3.7694046  1.580e-01  6.816e-01    0.007
     891  24576  3.7694046  1.580e-01  6.809e-01    0.007
     892  24576  3.7694046  1.580e-01  6.802e-01    0.007
     893  24576  3.7694046  1.580e-01  6.796e-01    0.007
     894  24576  3.7694046  1.580e-01  6.789e-01    0.007
     895  24576  3.7694046  1.580e-01  6.782e-01    0.007
     896  24576  3.7694046  1.580e-01  6.775e-01    0.007
     897  24576  3.7694046  1.580e-01  6.769e-01    0.007
     898  24576  3.7694046  1.580e-01  6.762e-01    0.007
     899  24576  3.7694046  1.580e-01  6.755e-01    0.007
     900  24576  3.7694046  1.580e-01  6.748e-01    0.007
     901  24576  3.7694046  1.580e-01  6.742e-01    0.007
     902  24576  3.7694046  1.580e-01  6.735e-01    0.007
     903  24576  3.7694046  1.580e-01  6.728e-01    0.007
     904  24576  3.7694046  1.580e-01  6.721e-01    0.007
     905  24576  3.7694046  1.580e-01  6.715e-01    0.007
     906  24576  3.7694046  1.580e-01  6.708e-01    0.007
     907  24576  3.7694046  1.580e-01  6.701e-01    0.007
     908  24576  3.7694046  1.580e-01  6.695e-01    0.007
     909  24576  3.7694046  1.580e-01  6.688e-01    0.007
     910  24576  3.7694046  1.580e-01  6.681e-01    0.007
     911  24576  3.7694046  1.580e-01  6.674e-01    0.007
     912  24576  3.7694046  1.580e-01  6.668e-01    0.007
     913  24576  3.7694046  1.580e-01  6.661e-01    0.007
     914  24576  3.7694046  1.580e-01  6.655e-01    0.007
     915  24576  3.7694046  1.580e-01  6.648e-01    0.007
     916  24576  3.7694046  1.580e-01  6.641e-01    0.007
     917  24576  3.7694046  1.580e-01  6.635e-01    0.007
     918  24576  3.7694046  1.580e-01  6.628e-01    0.007
     919  24576  3.7694046  1.580e-01  6.621e-01    0.007
     920  24576  3.7694046  1.580e-01  6.615e-01    0.007
     921  24576  3.7694046  1.580e-01  6.608e-01    0.007
     922  24576  3.7694046  1.580e-01  6.602e-01    0.007
     923  24576  3.7694046  1.580e-01  6.595e-01    0.007
     924  24576  3.7694046  1.580e-01  6.588e-01    0.007
     925  24576  3.7694046  1.580e-01  6.582e-01    0.007
     926  24576  3.7694046  1.580e-01  6.575e-01    0.007
     927  24576  3.7694046  1.580e-01  6.569e-01    0.007
     928  24576  3.7694046  1.580e-01  6.562e-01    0.007
     929  24576  3.7694046  1.580e-01  6.555e-01    0.007
     930  24576  3.7694046  1.580e-01  6.549e-01    0.007
     931  24576  3.7694046  1.580e-01  6.542e-01    0.007
     932  24576  3.7694046  1.580e-01  6.536e-01    0.007
     933  24576  3.7694046  1.580e-01  6.529e-01    0.007
     934  24576  3.7694046  1.580e-01  6.523e-01    0.007
     935  24576  3.7694046  1.580e-01  6.516e-01    0.007
     936  24576  3.7694046  1.580e-01  6.510e-01    0.007
     937  24576  3.7694046  1.580e-01  6.503e-01    0.007
     938  24576  3.7694046  1.580e-01  6.497e-01    0.007
     939  24576  3.7694046  1.580e-01  6.490e-01    0.007
     940  24576  3.7694046  1.580e-01  6.484e-01    0.007
     941  24576  3.7694046  1.580e-01  6.477e-01    0.007
     942  24576  3.7694046  1.580e-01  6.471e-01    0.007
     943  24576  3.7694046  1.580e-01  6.464e-01    0.007
     944  24576  3.7694046  1.580e-01  6.458e-01    0.007
     945  24576  3.7694046  1.581e-01  6.451e-01    0.007
     946  24576  3.7694046  1.581e-01  6.445e-01    0.007
     947  24576  3.7694046  1.581e-01  6.439e-01    0.007
     948  24576  3.7694046  1.581e-01  6.432e-01    0.007
     949  24576  3.7694046  1.581e-01  6.426e-01    0.007
     950  24576  3.7694046  1.581e-01  6.419e-01    0.007
     951  24576  3.7694046  1.581e-01  6.413e-01    0.007
     952  24576  3.7694046  1.581e-01  6.407e-01    0.007
     953  24576  3.7694046  1.581e-01  6.400e-01    0.007
     954  24576  3.7694046  1.581e-01  6.394e-01    0.007
     955  24576  3.7694046  1.581e-01  6.387e-01    0.007
     956  24576  3.7694046  1.581e-01  6.381e-01    0.007
     957  24576  3.7694046  1.581e-01  6.375e-01    0.007
     958  24576  3.7694046  1.581e-01  6.368e-01    0.007
     959  24576  3.7694046  1.581e-01  6.362e-01    0.007
     960  24576  3.7694046  1.581e-01  6.355e-01    0.007
     961  24576  3.7694046  1.581e-01  6.349e-01    0.007
     962  24576  3.7694046  1.581e-01  6.343e-01    0.007
     963  24576  3.7694046  1.581e-01  6.336e-01    0.007
     964  24576  3.7694046  1.581e-01  6.330e-01    0.007
     965  24576  3.7694046  1.581e-01  6.324e-01    0.007
     966  24576  3.7694046  1.581e-01  6.317e-01    0.007
     967  24576  3.7694046  1.581e-01  6.311e-01    0.007
     968  24576  3.7694046  1.581e-01  6.305e-01    0.007
     969  24576  3.7694046  1.581e-01  6.299e-01    0.007
     970  24576  3.7694046  1.581e-01  6.292e-01    0.007
     971  24576  3.7694046  1.581e-01  6.286e-01    0.007
     972  24576  3.7694046  1.581e-01  6.280e-01    0.007
     973  24576  3.7694046  1.581e-01  6.273e-01    0.007
     974  24576  3.7694046  1.581e-01  6.267e-01    0.007
     975  24576  3.7694046  1.581e-01  6.261e-01    0.007
     976  24576  3.7694046  1.581e-01  6.255e-01    0.007
     977  24576  3.7694046  1.581e-01  6.248e-01    0.007
     978  24576  3.7694046  1.581e-01  6.242e-01    0.007
     979  24576  3.7694046  1.581e-01  6.236e-01    0.007
     980  24576  3.7694046  1.581e-01  6.230e-01    0.007
     981  24576  3.7694046  1.581e-01  6.223e-01    0.007
     982  24576  3.7694046  1.581e-01  6.217e-01    0.007
     983  24576  3.7694046  1.581e-01  6.211e-01    0.007
     984  24576  3.7694046  1.581e-01  6.205e-01    0.007
     985  24576  3.7694046  1.581e-01  6.199e-01    0.007
     986  24576  3.7694046  1.581e-01  6.192e-01    0.007
     987  24576  3.7694046  1.581e-01  6.186e-01    0.007
     988  24576  3.7694046  1.581e-01  6.180e-01    0.007
     989  24576  3.7694046  1.581e-01  6.174e-01    0.007
     990  24576  3.7694046  1.581e-01  6.168e-01    0.007
     991  24576  3.7694046  1.581e-01  6.162e-01    0.007
     992  24576  3.7694046  1.581e-01  6.155e-01    0.007
     993  24576  3.7694046  1.581e-01  6.149e-01    0.007
     994  24576  3.7694046  1.581e-01  6.143e-01    0.007
     995  24576  3.7694046  1.581e-01  6.137e-01    0.007
     996  24576  3.7694046  1.581e-01  6.131e-01    0.007
     997  24576  3.7694046  1.581e-01  6.125e-01    0.007
     998  24576  3.7694046  1.581e-01  6.119e-01    0.007
     999  24576  3.7694046  1.582e-01  6.113e-01    0.007
    1000  24576  3.7694046  1.582e-01  6.106e-01    0.007
    1001  24576  3.7694046  1.582e-01  6.100e-01    0.007
    1002  24576  3.7694046  1.582e-01  6.094e-01    0.007
    1003  24576  3.7694046  1.582e-01  6.088e-01    0.007
    1004  24576  3.7694046  1.582e-01  6.082e-01    0.007
    1005  24576  3.7694046  1.582e-01  6.076e-01    0.007
    1006  24576  3.7694046  1.582e-01  6.070e-01    0.007
    1007  24576  3.7694046  1.582e-01  6.064e-01    0.007
    1008  24576  3.7694046  1.582e-01  6.058e-01    0.007
    1009  24576  3.7694046  1.582e-01  6.052e-01    0.007
    1010  24576  3.7694046  1.582e-01  6.046e-01    0.007
    1011  24576  3.7694046  1.582e-01  6.040e-01    0.007
    1012  24576  3.7694046  1.582e-01  6.034e-01    0.007
    1013  24576  3.7694046  1.582e-01  6.028e-01    0.007
    1014  24576  3.7694046  1.582e-01  6.022e-01    0.007
    1015  24576  3.7694046  1.582e-01  6.016e-01    0.007
    1016  24576  3.7694046  1.582e-01  6.010e-01    0.007
    1017  24576  3.7694046  1.582e-01  6.004e-01    0.007
    1018  24576  3.7694046  1.582e-01  5.998e-01    0.007
    1019  24576  3.7694046  1.582e-01  5.992e-01    0.007
    1020  24576  3.7694046  1.582e-01  5.986e-01    0.007
    1021  24576  3.7694046  1.582e-01  5.980e-01    0.007
    1022  24576  3.7694046  1.582e-01  5.974e-01    0.007
    1023  24576  3.7694046  1.582e-01  5.968e-01    0.007
    1024  24576  3.7694046  1.582e-01  5.962e-01    0.007
    1025  24576  3.7694046  1.582e-01  5.956e-01    0.007
    1026  24576  3.7694046  1.582e-01  5.950e-01    0.007
    1027  24576  3.7694046  1.582e-01  5.944e-01    0.007
    1028  24576  3.7694046  1.582e-01  5.938e-01    0.007
    1029  24576  3.7694046  1.582e-01  5.932e-01    0.007
    1030  24576  3.7694046  1.582e-01  5.926e-01    0.007
    1031  24576  3.7694046  1.582e-01  5.920e-01    0.007
    1032  24576  3.7694046  1.582e-01  5.914e-01    0.007
    1033  24576  3.7694046  1.582e-01  5.908e-01    0.007
    1034  24576  3.7694046  1.582e-01  5.902e-01    0.007
    1035  24576  3.7694046  1.582e-01  5.896e-01    0.007
    1036  24576  3.7694046  1.582e-01  5.891e-01    0.007
    1037  24576  3.7694046  1.582e-01  5.885e-01    0.007
    1038  24576  3.7694046  1.582e-01  5.879e-01    0.007
    1039  24576  3.7694046  1.582e-01  5.873e-01    0.007
    1040  24576  3.7694046  1.582e-01  5.867e-01    0.007
    1041  24576  3.7694046  1.582e-01  5.861e-01    0.007
    1042  24576  3.7694046  1.582e-01  5.855e-01    0.007
    1043  24576  3.7694046  1.582e-01  5.850e-01    0.007
    1044  24576  3.7694046  1.582e-01  5.844e-01    0.007
    1045  24576  3.7694046  1.582e-01  5.838e-01    0.007
    1046  24576  3.7694046  1.582e-01  5.832e-01    0.007
    1047  24576  3.7694046  1.582e-01  5.826e-01    0.007
    1048  24576  3.7694046  1.583e-01  5.820e-01    0.007
    1049  24576  3.7694046  1.583e-01  5.815e-01    0.007
    1050  24576  3.7694046  1.583e-01  5.809e-01    0.007
    1051  24576  3.7694046  1.583e-01  5.803e-01    0.007
    1052  24576  3.7694046  1.583e-01  5.797e-01    0.007
    1053  24576  3.7694046  1.583e-01  5.791e-01    0.007
    1054  24576  3.7694046  1.583e-01  5.786e-01    0.007
    1055  24576  3.7694046  1.583e-01  5.780e-01    0.007
    1056  24576  3.7694046  1.583e-01  5.774e-01    0.007
    1057  24576  3.7694046  1.583e-01  5.768e-01    0.007
    1058  24576  3.7694046  1.583e-01  5.762e-01    0.007
    1059  24576  3.7694046  1.583e-01  5.757e-01    0.007
    1060  24576  3.7694046  1.583e-01  5.751e-01    0.007
    1061  24576  3.7694046  1.583e-01  5.745e-01    0.007
    1062  24576  3.7694046  1.583e-01  5.739e-01    0.007
    1063  24576  3.7694046  1.583e-01  5.734e-01    0.007
    1064  24576  3.7694046  1.583e-01  5.728e-01    0.007
    1065  24576  3.7694046  1.583e-01  5.722e-01    0.007
    1066  24576  3.7694046  1.583e-01  5.717e-01    0.007
    1067  24576  3.7694046  1.583e-01  5.711e-01    0.007
    1068  24576  3.7694046  1.583e-01  5.705e-01    0.007
    1069  24576  3.7694046  1.583e-01  5.699e-01    0.007
    1070  24576  3.7694046  1.583e-01  5.694e-01    0.007
    1071  24576  3.7694046  1.583e-01  5.688e-01    0.007
    1072  24576  3.7694046  1.583e-01  5.682e-01    0.007
    1073  24576  3.7694046  1.583e-01  5.677e-01    0.007
    1074  24576  3.7694046  1.583e-01  5.671e-01    0.007
    1075  24576  3.7694046  1.583e-01  5.665e-01    0.007
    1076  24576  3.7694046  1.583e-01  5.660e-01    0.007
    1077  24576  3.7694046  1.583e-01  5.654e-01    0.007
    1078  24576  3.7694046  1.583e-01  5.648e-01    0.007
    1079  24576  3.7694046  1.583e-01  5.643e-01    0.007
    1080  24576  3.7694046  1.583e-01  5.637e-01    0.007
    1081  24576  3.7694046  1.583e-01  5.632e-01    0.007
    1082  24576  3.7694046  1.583e-01  5.626e-01    0.007
    1083  24576  3.7694046  1.583e-01  5.620e-01    0.007
    1084  24576  3.7694046  1.583e-01  5.615e-01    0.007
    1085  24576  3.7694046  1.583e-01  5.609e-01    0.007
    1086  24576  3.7694046  1.583e-01  5.603e-01    0.007
    1087  24576  3.7694046  1.583e-01  5.598e-01    0.007
    1088  24576  3.7694046  1.583e-01  5.592e-01    0.007
    1089  24576  3.7694046  1.583e-01  5.587e-01    0.007
    1090  24576  3.7694046  1.583e-01  5.581e-01    0.007
    1091  24576  3.7694046  1.583e-01  5.576e-01    0.007
    1092  24576  3.7694046  1.583e-01  5.570e-01    0.007
    1093  24576  3.7694046  1.584e-01  5.564e-01    0.007
    1094  24576  3.7694046  1.584e-01  5.559e-01    0.007
    1095  24576  3.7694046  1.584e-01  5.553e-01    0.007
    1096  24576  3.7694046  1.584e-01  5.548e-01    0.007
    1097  24576  3.7694046  1.584e-01  5.542e-01    0.007
    1098  24576  3.7694046  1.584e-01  5.537e-01    0.007
    1099  24576  3.7694046  1.584e-01  5.531e-01    0.007
    1100  24576  3.7694046  1.584e-01  5.526e-01    0.007
    1101  24576  3.7694046  1.584e-01  5.520e-01    0.007
    1102  24576  3.7694046  1.584e-01  5.515e-01    0.007
    1103  24576  3.7694046  1.584e-01  5.509e-01    0.007
    1104  24576  3.7694046  1.584e-01  5.504e-01    0.007
    1105  24576  3.7694046  1.584e-01  5.498e-01    0.007
    1106  24576  3.7694046  1.584e-01  5.493e-01    0.007
    1107  24576  3.7694046  1.584e-01  5.487e-01    0.007
    1108  24576  3.7694046  1.584e-01  5.482e-01    0.007
    1109  24576  3.7694046  1.584e-01  5.476e-01    0.007
    1110  24576  3.7694046  1.584e-01  5.471e-01    0.007
    1111  24576  3.7694046  1.584e-01  5.465e-01    0.007
    1112  24576  3.7694046  1.584e-01  5.460e-01    0.007
    1113  24576  3.7694046  1.584e-01  5.454e-01    0.007
    1114  24576  3.7694046  1.584e-01  5.449e-01    0.007
    1115  24576  3.7694046  1.584e-01  5.443e-01    0.007
    1116  24576  3.7694046  1.584e-01  5.438e-01    0.007
    1117  24576  3.7694046  1.584e-01  5.432e-01    0.007
    1118  24576  3.7694046  1.584e-01  5.427e-01    0.007
    1119  24576  3.7694046  1.584e-01  5.422e-01    0.007
    1120  24576  3.7694046  1.584e-01  5.416e-01    0.007
    1121  24576  3.7694046  1.584e-01  5.411e-01    0.007
    1122  24576  3.7694046  1.584e-01  5.405e-01    0.007
    1123  24576  3.7694046  1.584e-01  5.400e-01    0.007
    1124  24576  3.7694046  1.584e-01  5.395e-01    0.007
    1125  24576  3.7694046  1.584e-01  5.389e-01    0.007
    1126  24576  3.7694046  1.584e-01  5.384e-01    0.007
    1127  24576  3.7694046  1.584e-01  5.378e-01    0.007
    1128  24576  3.7694046  1.584e-01  5.373e-01    0.007
    1129  24576  3.7694046  1.584e-01  5.368e-01    0.007
    1130  24576  3.7694046  1.584e-01  5.362e-01    0.007
    1131  24576  3.7694046  1.584e-01  5.357e-01    0.007
    1132  24576  3.7694046  1.584e-01  5.352e-01    0.007
    1133  24576  3.7694046  1.584e-01  5.346e-01    0.007
    1134  24576  3.7694046  1.585e-01  5.341e-01    0.007
    1135  24576  3.7694046  1.585e-01  5.336e-01    0.007
    1136  24576  3.7694046  1.585e-01  5.330e-01    0.007
    1137  24576  3.7694046  1.585e-01  5.325e-01    0.007
    1138  24576  3.7694046  1.585e-01  5.320e-01    0.007
    1139  24576  3.7694046  1.585e-01  5.314e-01    0.007
    1140  24576  3.7694046  1.585e-01  5.309e-01    0.007
    1141  24576  3.7694046  1.585e-01  5.304e-01    0.007
    1142  24576  3.7694046  1.585e-01  5.298e-01    0.007
    1143  24576  3.7694046  1.585e-01  5.293e-01    0.007
    1144  24576  3.7694046  1.585e-01  5.288e-01    0.007
    1145  24576  3.7694046  1.585e-01  5.283e-01    0.007
    1146  24576  3.7694046  1.585e-01  5.277e-01    0.007
    1147  24576  3.7694046  1.585e-01  5.272e-01    0.007
    1148  24576  3.7694046  1.585e-01  5.267e-01    0.007
    1149  24576  3.7694046  1.585e-01  5.261e-01    0.007
    1150  24576  3.7694046  1.585e-01  5.256e-01    0.007
    1151  24576  3.7694046  1.585e-01  5.251e-01    0.007
    1152  24576  3.7694046  1.585e-01  5.246e-01    0.007
    1153  24576  3.7694046  1.585e-01  5.240e-01    0.007
    1154  24576  3.7694046  1.585e-01  5.235e-01    0.007
    1155  24576  3.7694046  1.585e-01  5.230e-01    0.007
    1156  24576  3.7694046  1.585e-01  5.225e-01    0.007
    1157  24576  3.7694046  1.585e-01  5.220e-01    0.007
    1158  24576  3.7694046  1.585e-01  5.214e-01    0.007
    1159  24576  3.7694046  1.585e-01  5.209e-01    0.007
    1160  24576  3.7694046  1.585e-01  5.204e-01    0.007
    1161  24576  3.7694046  1.585e-01  5.199e-01    0.007
    1162  24576  3.7694046  1.585e-01  5.194e-01    0.007
    1163  24576  3.7694046  1.585e-01  5.188e-01    0.007
    1164  24576  3.7694046  1.585e-01  5.183e-01    0.007
    1165  24576  3.7694046  1.585e-01  5.178e-01    0.007
    1166  24576  3.7694046  1.585e-01  5.173e-01    0.007
    1167  24576  3.7694046  1.585e-01  5.168e-01    0.007
    1168  24576  3.7694046  1.585e-01  5.163e-01    0.007
    1169  24576  3.7694046  1.585e-01  5.157e-01    0.007
    1170  24576  3.7694046  1.585e-01  5.152e-01    0.007
    1171  24576  3.7694046  1.585e-01  5.147e-01    0.007
    1172  24576  3.7694046  1.586e-01  5.142e-01    0.007
    1173  24576  3.7694046  1.586e-01  5.137e-01    0.007
    1174  24576  3.7694046  1.586e-01  5.132e-01    0.007
    1175  24576  3.7694046  1.586e-01  5.127e-01    0.007
    1176  24576  3.7694046  1.586e-01  5.121e-01    0.007
    1177  24576  3.7694046  1.586e-01  5.116e-01    0.007
    1178  24576  3.7694046  1.586e-01  5.111e-01    0.007
    1179  24576  3.7694046  1.586e-01  5.106e-01    0.007
    1180  24576  3.7694046  1.586e-01  5.101e-01    0.007
    1181  24576  3.7694046  1.586e-01  5.096e-01    0.007
    1182  24576  3.7694046  1.586e-01  5.091e-01    0.007
    1183  24576  3.7694046  1.586e-01  5.086e-01    0.007
    1184  24576  3.7694046  1.586e-01  5.081e-01    0.007
    1185  24576  3.7694046  1.586e-01  5.076e-01    0.007
    1186  24576  3.7694046  1.586e-01  5.070e-01    0.007
    1187  24576  3.7694046  1.586e-01  5.065e-01    0.007
    1188  24576  3.7694046  1.586e-01  5.060e-01    0.007
    1189  24576  3.7694046  1.586e-01  5.055e-01    0.007
    1190  24576  3.7694046  1.586e-01  5.050e-01    0.007
    1191  24576  3.7694046  1.586e-01  5.045e-01    0.007
    1192  24576  3.7694046  1.586e-01  5.040e-01    0.007
    1193  24576  3.7694046  1.586e-01  5.035e-01    0.007
    1194  24576  3.7694046  1.586e-01  5.030e-01    0.007
    1195  24576  3.7694046  1.586e-01  5.025e-01    0.007
    1196  24576  3.7694046  1.586e-01  5.020e-01    0.007
    1197  24576  3.7694046  1.586e-01  5.015e-01    0.007
    1198  24576  3.7694046  1.586e-01  5.010e-01    0.007
    1199  24576  3.7694046  1.586e-01  5.005e-01    0.007
    1200  24576  3.7694046  1.586e-01  5.000e-01    0.007

  resume_iteration_log:
    iter      n   solution  err_bound        tol  time(s)
    1200  24576  3.7694046  1.586e-01  5.000e-01    0.007
    1201  24576  3.7652121  1.225e-01  3.315e-01    0.011
    1202  24576  3.7652121  1.225e-01  3.312e-01    0.011
    1203  24576  3.7652121  1.225e-01  3.308e-01    0.011
    1204  24576  3.7652121  1.225e-01  3.305e-01    0.011
    1205  24576  3.7652121  1.225e-01  3.302e-01    0.011
    1206  24576  3.7652121  1.225e-01  3.298e-01    0.011
    1207  24576  3.7652121  1.225e-01  3.295e-01    0.011
    1208  24576  3.7652121  1.225e-01  3.292e-01    0.011
    1209  24576  3.7652121  1.225e-01  3.288e-01    0.011
    1210  24576  3.7652121  1.225e-01  3.285e-01    0.011
    1211  24576  3.7652121  1.225e-01  3.282e-01    0.011
    1212  24576  3.7652121  1.225e-01  3.279e-01    0.011
    1213  24576  3.7652121  1.225e-01  3.275e-01    0.011
    1214  24576  3.7652121  1.225e-01  3.272e-01    0.011
    1215  24576  3.7652121  1.225e-01  3.269e-01    0.011
    1216  24576  3.7652121  1.225e-01  3.265e-01    0.011
    1217  24576  3.7652121  1.225e-01  3.262e-01    0.011
    1218  24576  3.7652121  1.225e-01  3.259e-01    0.011
    1219  24576  3.7652121  1.225e-01  3.256e-01    0.011
    1220  24576  3.7652121  1.225e-01  3.252e-01    0.011
    1221  24576  3.7652121  1.225e-01  3.249e-01    0.011
    1222  24576  3.7652121  1.225e-01  3.246e-01    0.011
    1223  24576  3.7652121  1.225e-01  3.243e-01    0.011
    1224  24576  3.7652121  1.225e-01  3.239e-01    0.011
    1225  24576  3.7652121  1.225e-01  3.236e-01    0.011
    1226  24576  3.7652121  1.225e-01  3.233e-01    0.011
    1227  24576  3.7652121  1.225e-01  3.230e-01    0.011
    1228  24576  3.7652121  1.225e-01  3.227e-01    0.011
    1229  24576  3.7652121  1.225e-01  3.223e-01    0.011
    1230  24576  3.7652121  1.225e-01  3.220e-01    0.011
    1231  24576  3.7652121  1.225e-01  3.217e-01    0.011
    1232  24576  3.7652121  1.225e-01  3.214e-01    0.011
    1233  24576  3.7652121  1.225e-01  3.210e-01    0.011
    1234  24576  3.7652121  1.225e-01  3.207e-01    0.011
    1235  24576  3.7652121  1.225e-01  3.204e-01    0.011
    1236  24576  3.7652121  1.225e-01  3.201e-01    0.011
    1237  24576  3.7652121  1.225e-01  3.198e-01    0.011
    1238  24576  3.7652121  1.225e-01  3.194e-01    0.011
    1239  24576  3.7652121  1.225e-01  3.191e-01    0.011
    1240  24576  3.7652121  1.225e-01  3.188e-01    0.011
    1241  24576  3.7652121  1.225e-01  3.185e-01    0.011
    1242  24576  3.7652121  1.225e-01  3.182e-01    0.011
    1243  24576  3.7652121  1.225e-01  3.179e-01    0.011
    1244  24576  3.7652121  1.225e-01  3.175e-01    0.011
    1245  24576  3.7652121  1.225e-01  3.172e-01    0.011
    1246  24576  3.7652121  1.225e-01  3.169e-01    0.011
    1247  24576  3.7652121  1.225e-01  3.166e-01    0.011
    1248  24576  3.7652121  1.225e-01  3.163e-01    0.011
    1249  24576  3.7652121  1.225e-01  3.160e-01    0.011
    1250  24576  3.7652121  1.225e-01  3.156e-01    0.011
    1251  24576  3.7652121  1.225e-01  3.153e-01    0.011
    1252  24576  3.7652121  1.225e-01  3.150e-01    0.011
    1253  24576  3.7652121  1.225e-01  3.147e-01    0.011
    1254  24576  3.7652121  1.225e-01  3.144e-01    0.011
    1255  24576  3.7652121  1.225e-01  3.141e-01    0.011
    1256  24576  3.7652121  1.225e-01  3.138e-01    0.011
    1257  24576  3.7652121  1.225e-01  3.134e-01    0.011
    1258  24576  3.7652121  1.225e-01  3.131e-01    0.011
    1259  24576  3.7652121  1.225e-01  3.128e-01    0.011
    1260  24576  3.7652121  1.225e-01  3.125e-01    0.011
    1261  24576  3.7652121  1.225e-01  3.122e-01    0.011
    1262  24576  3.7652121  1.225e-01  3.119e-01    0.011
    1263  24576  3.7652121  1.225e-01  3.116e-01    0.011
    1264  24576  3.7652121  1.225e-01  3.113e-01    0.011
    1265  24576  3.7652121  1.225e-01  3.109e-01    0.011
    1266  24576  3.7652121  1.225e-01  3.106e-01    0.011
    1267  24576  3.7652121  1.225e-01  3.103e-01    0.011
    1268  24576  3.7652121  1.225e-01  3.100e-01    0.011
    1269  24576  3.7652121  1.225e-01  3.097e-01    0.011
    1270  24576  3.7652121  1.225e-01  3.094e-01    0.011
    1271  24576  3.7652121  1.225e-01  3.091e-01    0.011
    1272  24576  3.7652121  1.225e-01  3.088e-01    0.011
    1273  24576  3.7652121  1.225e-01  3.085e-01    0.011
    1274  24576  3.7652121  1.225e-01  3.082e-01    0.011
    1275  24576  3.7652121  1.225e-01  3.078e-01    0.011
    1276  24576  3.7652121  1.225e-01  3.075e-01    0.011
    1277  24576  3.7652121  1.225e-01  3.072e-01    0.011
    1278  24576  3.7652121  1.225e-01  3.069e-01    0.011
    1279  24576  3.7652121  1.225e-01  3.066e-01    0.011
    1280  24576  3.7652121  1.225e-01  3.063e-01    0.011
    1281  24576  3.7652121  1.225e-01  3.060e-01    0.011
    1282  24576  3.7652121  1.225e-01  3.057e-01    0.011
    1283  24576  3.7652121  1.225e-01  3.054e-01    0.011
    1284  24576  3.7652121  1.225e-01  3.051e-01    0.011
    1285  24576  3.7652121  1.225e-01  3.048e-01    0.012
    1286  24576  3.7652121  1.225e-01  3.045e-01    0.012
    1287  24576  3.7652121  1.225e-01  3.042e-01    0.012
    1288  24576  3.7652121  1.225e-01  3.039e-01    0.012
    1289  24576  3.7652121  1.225e-01  3.036e-01    0.012
    1290  24576  3.7652121  1.225e-01  3.033e-01    0.012
    1291  24576  3.7652121  1.225e-01  3.030e-01    0.012
    1292  24576  3.7652121  1.225e-01  3.027e-01    0.012
    1293  24576  3.7652121  1.225e-01  3.024e-01    0.012
    1294  24576  3.7652121  1.225e-01  3.021e-01    0.012
    1295  24576  3.7652121  1.225e-01  3.018e-01    0.012
    1296  24576  3.7652121  1.225e-01  3.015e-01    0.012
    1297  24576  3.7652121  1.225e-01  3.012e-01    0.012
    1298  24576  3.7652121  1.225e-01  3.009e-01    0.012
    1299  24576  3.7652121  1.225e-01  3.006e-01    0.012
    1300  24576  3.7652121  1.225e-01  3.003e-01    0.012
    1301  24576  3.7652121  1.225e-01  3.000e-01    0.012
    1302  24576  3.7652121  1.225e-01  2.997e-01    0.012
    1303  24576  3.7652121  1.225e-01  2.994e-01    0.012
    1304  24576  3.7652121  1.225e-01  2.991e-01    0.012
    1305  24576  3.7652121  1.225e-01  2.988e-01    0.012
    1306  24576  3.7652121  1.225e-01  2.985e-01    0.012
    1307  24576  3.7652121  1.225e-01  2.982e-01    0.012
    1308  24576  3.7652121  1.225e-01  2.979e-01    0.012
    1309  24576  3.7652121  1.225e-01  2.976e-01    0.012
    1310  24576  3.7652121  1.225e-01  2.973e-01    0.012
    1311  24576  3.7652121  1.225e-01  2.970e-01    0.012
    1312  24576  3.7652121  1.225e-01  2.967e-01    0.012
    1313  24576  3.7652121  1.225e-01  2.964e-01    0.012
    1314  24576  3.7652121  1.225e-01  2.961e-01    0.012
    1315  24576  3.7652121  1.225e-01  2.958e-01    0.012
    1316  24576  3.7652121  1.225e-01  2.955e-01    0.012
    1317  24576  3.7652121  1.225e-01  2.952e-01    0.012
    1318  24576  3.7652121  1.225e-01  2.949e-01    0.012
    1319  24576  3.7652121  1.225e-01  2.946e-01    0.012
    1320  24576  3.7652121  1.225e-01  2.943e-01    0.012
    1321  24576  3.7652121  1.225e-01  2.940e-01    0.012
    1322  24576  3.7652121  1.225e-01  2.937e-01    0.012
    1323  24576  3.7652121  1.225e-01  2.934e-01    0.012
    1324  24576  3.7652121  1.225e-01  2.931e-01    0.012
    1325  24576  3.7652121  1.225e-01  2.928e-01    0.012
    1326  24576  3.7652121  1.225e-01  2.925e-01    0.012
    1327  24576  3.7652121  1.225e-01  2.923e-01    0.012
    1328  24576  3.7652121  1.225e-01  2.920e-01    0.012
    1329  24576  3.7652121  1.225e-01  2.917e-01    0.012
    1330  24576  3.7652121  1.225e-01  2.914e-01    0.012
    1331  24576  3.7652121  1.225e-01  2.911e-01    0.012
    1332  24576  3.7652121  1.225e-01  2.908e-01    0.012
    1333  24576  3.7652121  1.225e-01  2.905e-01    0.012
    1334  24576  3.7652121  1.225e-01  2.902e-01    0.012
    1335  24576  3.7652121  1.225e-01  2.899e-01    0.012
    1336  24576  3.7652121  1.225e-01  2.896e-01    0.012
    1337  24576  3.7652121  1.225e-01  2.894e-01    0.012
    1338  24576  3.7652121  1.225e-01  2.891e-01    0.012
    1339  24576  3.7652121  1.225e-01  2.888e-01    0.012
    1340  24576  3.7652121  1.225e-01  2.885e-01    0.012
    1341  24576  3.7652121  1.225e-01  2.882e-01    0.012
    1342  24576  3.7652121  1.225e-01  2.879e-01    0.012
    1343  24576  3.7652121  1.225e-01  2.876e-01    0.012
    1344  24576  3.7652121  1.225e-01  2.873e-01    0.012
    1345  24576  3.7652121  1.225e-01  2.870e-01    0.012
    1346  24576  3.7652121  1.225e-01  2.868e-01    0.012
    1347  24576  3.7652121  1.225e-01  2.865e-01    0.012
    1348  24576  3.7652121  1.225e-01  2.862e-01    0.012
    1349  24576  3.7652121  1.225e-01  2.859e-01    0.012
    1350  24576  3.7652121  1.225e-01  2.856e-01    0.012
    1351  24576  3.7652121  1.225e-01  2.853e-01    0.012
    1352  24576  3.7652121  1.225e-01  2.850e-01    0.012
    1353  24576  3.7652121  1.225e-01  2.848e-01    0.012
    1354  24576  3.7652121  1.225e-01  2.845e-01    0.012
    1355  24576  3.7652121  1.225e-01  2.842e-01    0.012
    1356  24576  3.7652121  1.225e-01  2.839e-01    0.012
    1357  24576  3.7652121  1.225e-01  2.836e-01    0.012
    1358  24576  3.7652121  1.225e-01  2.833e-01    0.012
    1359  24576  3.7652121  1.225e-01  2.831e-01    0.012
    1360  24576  3.7652121  1.225e-01  2.828e-01    0.012
    1361  24576  3.7652121  1.225e-01  2.825e-01    0.012
    1362  24576  3.7652121  1.225e-01  2.822e-01    0.012
    1363  24576  3.7652121  1.225e-01  2.819e-01    0.012
    1364  24576  3.7652121  1.225e-01  2.816e-01    0.012
    1365  24576  3.7652121  1.225e-01  2.814e-01    0.012
    1366  24576  3.7652121  1.225e-01  2.811e-01    0.012
    1367  24576  3.7652121  1.225e-01  2.808e-01    0.012
    1368  24576  3.7652121  1.225e-01  2.805e-01    0.012
    1369  24576  3.7652121  1.225e-01  2.802e-01    0.012
    1370  24576  3.7652121  1.225e-01  2.800e-01    0.012
    1371  24576  3.7652121  1.225e-01  2.797e-01    0.012
    1372  24576  3.7652121  1.225e-01  2.794e-01    0.012
    1373  24576  3.7652121  1.225e-01  2.791e-01    0.012
    1374  24576  3.7652121  1.225e-01  2.788e-01    0.012
    1375  24576  3.7652121  1.225e-01  2.786e-01    0.012
    1376  24576  3.7652121  1.225e-01  2.783e-01    0.012
    1377  24576  3.7652121  1.225e-01  2.780e-01    0.012
    1378  24576  3.7652121  1.225e-01  2.777e-01    0.012
    1379  24576  3.7652121  1.225e-01  2.775e-01    0.012
    1380  24576  3.7652121  1.225e-01  2.772e-01    0.012
    1381  24576  3.7652121  1.225e-01  2.769e-01    0.012
    1382  24576  3.7652121  1.225e-01  2.766e-01    0.012
    1383  24576  3.7652121  1.225e-01  2.763e-01    0.012
    1384  24576  3.7652121  1.225e-01  2.761e-01    0.012
    1385  24576  3.7652121  1.225e-01  2.758e-01    0.012
    1386  24576  3.7652121  1.225e-01  2.755e-01    0.012
    1387  24576  3.7652121  1.225e-01  2.752e-01    0.012
    1388  24576  3.7652121  1.225e-01  2.750e-01    0.012
    1389  24576  3.7652121  1.225e-01  2.747e-01    0.012
    1390  24576  3.7652121  1.225e-01  2.744e-01    0.012
    1391  24576  3.7652121  1.225e-01  2.741e-01    0.012
    1392  24576  3.7652121  1.225e-01  2.739e-01    0.012
    1393  24576  3.7652121  1.225e-01  2.736e-01    0.012
    1394  24576  3.7652121  1.225e-01  2.733e-01    0.012
    1395  24576  3.7652121  1.225e-01  2.731e-01    0.012
    1396  24576  3.7652121  1.225e-01  2.728e-01    0.012
    1397  24576  3.7652121  1.225e-01  2.725e-01    0.012
    1398  24576  3.7652121  1.225e-01  2.722e-01    0.012
    1399  24576  3.7652121  1.225e-01  2.720e-01    0.012
    1400  24576  3.7652121  1.225e-01  2.717e-01    0.012
    1401  24576  3.7652121  1.225e-01  2.714e-01    0.012
    1402  24576  3.7652121  1.225e-01  2.711e-01    0.012
    1403  24576  3.7652121  1.225e-01  2.709e-01    0.012
    1404  24576  3.7652121  1.225e-01  2.706e-01    0.012
    1405  24576  3.7652121  1.225e-01  2.703e-01    0.012
    1406  24576  3.7652121  1.225e-01  2.701e-01    0.012
    1407  24576  3.7652121  1.225e-01  2.698e-01    0.012
    1408  24576  3.7652121  1.225e-01  2.695e-01    0.012
    1409  24576  3.7652121  1.225e-01  2.693e-01    0.012
    1410  24576  3.7652121  1.225e-01  2.690e-01    0.012
    1411  24576  3.7652121  1.225e-01  2.687e-01    0.012
    1412  24576  3.7652121  1.225e-01  2.685e-01    0.012
    1413  24576  3.7652121  1.225e-01  2.682e-01    0.012
    1414  24576  3.7652121  1.225e-01  2.679e-01    0.012
    1415  24576  3.7652121  1.225e-01  2.676e-01    0.012
    1416  24576  3.7652121  1.225e-01  2.674e-01    0.012
    1417  24576  3.7652121  1.225e-01  2.671e-01    0.012
    1418  24576  3.7652121  1.225e-01  2.668e-01    0.012
    1419  24576  3.7652121  1.225e-01  2.666e-01    0.012
    1420  24576  3.7652121  1.225e-01  2.663e-01    0.012
    1421  24576  3.7652121  1.225e-01  2.660e-01    0.012
    1422  24576  3.7652121  1.225e-01  2.658e-01    0.012
    1423  24576  3.7652121  1.225e-01  2.655e-01    0.012
    1424  24576  3.7652121  1.225e-01  2.653e-01    0.012
    1425  24576  3.7652121  1.225e-01  2.650e-01    0.012
    1426  24576  3.7652121  1.225e-01  2.647e-01    0.012
    1427  24576  3.7652121  1.225e-01  2.645e-01    0.012
    1428  24576  3.7652121  1.225e-01  2.642e-01    0.012
    1429  24576  3.7652121  1.225e-01  2.639e-01    0.012
    1430  24576  3.7652121  1.225e-01  2.637e-01    0.012
    1431  24576  3.7652121  1.225e-01  2.634e-01    0.012
    1432  24576  3.7652121  1.225e-01  2.631e-01    0.012
    1433  24576  3.7652121  1.225e-01  2.629e-01    0.012
    1434  24576  3.7652121  1.225e-01  2.626e-01    0.012
    1435  24576  3.7652121  1.225e-01  2.624e-01    0.012
    1436  24576  3.7652121  1.225e-01  2.621e-01    0.012
    1437  24576  3.7652121  1.225e-01  2.618e-01    0.012
    1438  24576  3.7652121  1.225e-01  2.616e-01    0.012
    1439  24576  3.7652121  1.225e-01  2.613e-01    0.012
    1440  24576  3.7652121  1.225e-01  2.610e-01    0.012
    1441  24576  3.7652121  1.225e-01  2.608e-01    0.012
    1442  24576  3.7652121  1.225e-01  2.605e-01    0.012
    1443  24576  3.7652121  1.225e-01  2.603e-01    0.012
    1444  24576  3.7652121  1.225e-01  2.600e-01    0.012
    1445  24576  3.7652121  1.225e-01  2.597e-01    0.012
    1446  24576  3.7652121  1.225e-01  2.595e-01    0.012
    1447  24576  3.7652121  1.225e-01  2.592e-01    0.012
    1448  24576  3.7652121  1.225e-01  2.590e-01    0.012
    1449  24576  3.7652121  1.225e-01  2.587e-01    0.012
    1450  24576  3.7652121  1.225e-01  2.584e-01    0.012
    1451  24576  3.7652121  1.225e-01  2.582e-01    0.012
    1452  24576  3.7652121  1.225e-01  2.579e-01    0.012
    1453  24576  3.7652121  1.225e-01  2.577e-01    0.012
    1454  24576  3.7652121  1.225e-01  2.574e-01    0.012
    1455  24576  3.7652121  1.225e-01  2.572e-01    0.012
    1456  24576  3.7652121  1.225e-01  2.569e-01    0.012
    1457  24576  3.7652121  1.225e-01  2.566e-01    0.012
    1458  24576  3.7652121  1.225e-01  2.564e-01    0.012
    1459  24576  3.7652121  1.225e-01  2.561e-01    0.012
    1460  24576  3.7652121  1.225e-01  2.559e-01    0.012
    1461  24576  3.7652121  1.225e-01  2.556e-01    0.012
    1462  24576  3.7652121  1.225e-01  2.554e-01    0.012
    1463  24576  3.7652121  1.225e-01  2.551e-01    0.012
    1464  24576  3.7652121  1.225e-01  2.549e-01    0.012
    1465  24576  3.7652121  1.225e-01  2.546e-01    0.012
    1466  24576  3.7652121  1.225e-01  2.543e-01    0.012
    1467  24576  3.7652121  1.225e-01  2.541e-01    0.012
    1468  24576  3.7652121  1.225e-01  2.538e-01    0.012
    1469  24576  3.7652121  1.225e-01  2.536e-01    0.012
    1470  24576  3.7652121  1.225e-01  2.533e-01    0.012
    1471  24576  3.7652121  1.225e-01  2.531e-01    0.012
    1472  24576  3.7652121  1.225e-01  2.528e-01    0.012
    1473  24576  3.7652121  1.225e-01  2.526e-01    0.012
    1474  24576  3.7652121  1.225e-01  2.523e-01    0.012
    1475  24576  3.7652121  1.225e-01  2.521e-01    0.012
    1476  24576  3.7652121  1.225e-01  2.518e-01    0.012
    1477  24576  3.7652121  1.225e-01  2.516e-01    0.012
    1478  24576  3.7652121  1.225e-01  2.513e-01    0.012
    1479  24576  3.7652121  1.225e-01  2.511e-01    0.012
    1480  24576  3.7652121  1.225e-01  2.508e-01    0.012
    1481  24576  3.7652121  1.225e-01  2.506e-01    0.012
    1482  24576  3.7652121  1.225e-01  2.503e-01    0.012
    1483  24576  3.7652121  1.225e-01  2.501e-01    0.012
    1484  24576  3.7652121  1.225e-01  2.498e-01    0.012
    1485  24576  3.7652121  1.225e-01  2.496e-01    0.012
    1486  24576  3.7652121  1.225e-01  2.493e-01    0.012
    1487  24576  3.7652121  1.225e-01  2.491e-01    0.012
    1488  24576  3.7652121  1.225e-01  2.488e-01    0.012
    1489  24576  3.7652121  1.225e-01  2.486e-01    0.012
    1490  24576  3.7652121  1.225e-01  2.483e-01    0.012
    1491  24576  3.7652121  1.225e-01  2.481e-01    0.012
    1492  24576  3.7652121  1.225e-01  2.478e-01    0.012
    1493  24576  3.7652121  1.225e-01  2.476e-01    0.012
    1494  24576  3.7652121  1.225e-01  2.473e-01    0.012
    1495  24576  3.7652121  1.225e-01  2.471e-01    0.012
    1496  24576  3.7652121  1.225e-01  2.468e-01    0.012
    1497  24576  3.7652121  1.225e-01  2.466e-01    0.012
    1498  24576  3.7652121  1.225e-01  2.463e-01    0.012
    1499  24576  3.7652121  1.225e-01  2.461e-01    0.012
    1500  24576  3.7652121  1.225e-01  2.458e-01    0.012
    1501  24576  3.7652121  1.225e-01  2.456e-01    0.012
    1502  24576  3.7652121  1.225e-01  2.454e-01    0.012
    1503  24576  3.7652121  1.225e-01  2.451e-01    0.012
    1504  24576  3.7652121  1.225e-01  2.449e-01    0.012
    1505  24576  3.7652121  1.225e-01  2.446e-01    0.012
    1506  24576  3.7652121  1.225e-01  2.444e-01    0.012
    1507  24576  3.7652121  1.225e-01  2.441e-01    0.012
    1508  24576  3.7652121  1.225e-01  2.439e-01    0.012
    1509  24576  3.7652121  1.225e-01  2.436e-01    0.012
    1510  24576  3.7652121  1.225e-01  2.434e-01    0.012
    1511  24576  3.7652121  1.225e-01  2.432e-01    0.012
    1512  24576  3.7652121  1.225e-01  2.429e-01    0.012
    1513  24576  3.7652121  1.225e-01  2.427e-01    0.012
    1514  24576  3.7652121  1.225e-01  2.424e-01    0.012
    1515  24576  3.7652121  1.225e-01  2.422e-01    0.012
    1516  24576  3.7652121  1.225e-01  2.419e-01    0.012
    1517  24576  3.7652121  1.225e-01  2.417e-01    0.012
    1518  24576  3.7652121  1.225e-01  2.415e-01    0.012
    1519  24576  3.7652121  1.225e-01  2.412e-01    0.012
    1520  24576  3.7652121  1.225e-01  2.410e-01    0.012
    1521  24576  3.7652121  1.225e-01  2.407e-01    0.012
    1522  24576  3.7652121  1.225e-01  2.405e-01    0.012
    1523  24576  3.7652121  1.225e-01  2.403e-01    0.012
    1524  24576  3.7652121  1.225e-01  2.400e-01    0.012
    1525  24576  3.7652121  1.225e-01  2.398e-01    0.012
    1526  24576  3.7652121  1.225e-01  2.395e-01    0.012
    1527  24576  3.7652121  1.225e-01  2.393e-01    0.012
    1528  24576  3.7652121  1.225e-01  2.391e-01    0.012
    1529  24576  3.7652121  1.225e-01  2.388e-01    0.012
    1530  24576  3.7652121  1.225e-01  2.386e-01    0.012
    1531  24576  3.7652121  1.225e-01  2.383e-01    0.012
    1532  24576  3.7652121  1.225e-01  2.381e-01    0.012
    1533  24576  3.7652121  1.225e-01  2.379e-01    0.012
    1534  24576  3.7652121  1.225e-01  2.376e-01    0.012
    1535  24576  3.7652121  1.225e-01  2.374e-01    0.012
    1536  24576  3.7652121  1.225e-01  2.372e-01    0.012
    1537  24576  3.7652121  1.225e-01  2.369e-01    0.012
    1538  24576  3.7652121  1.225e-01  2.367e-01    0.012
    1539  24576  3.7652121  1.225e-01  2.365e-01    0.012
    1540  24576  3.7652121  1.225e-01  2.362e-01    0.012
    1541  24576  3.7652121  1.225e-01  2.360e-01    0.012
    1542  24576  3.7652121  1.225e-01  2.357e-01    0.012
    1543  24576  3.7652121  1.225e-01  2.355e-01    0.012
    1544  24576  3.7652121  1.225e-01  2.353e-01    0.012
    1545  24576  3.7652121  1.225e-01  2.350e-01    0.012
    1546  24576  3.7652121  1.225e-01  2.348e-01    0.012
    1547  24576  3.7652121  1.225e-01  2.346e-01    0.012
    1548  24576  3.7652121  1.225e-01  2.343e-01    0.012
    1549  24576  3.7652121  1.225e-01  2.341e-01    0.012
    1550  24576  3.7652121  1.225e-01  2.339e-01    0.012
    1551  24576  3.7652121  1.225e-01  2.336e-01    0.012
    1552  24576  3.7652121  1.225e-01  2.334e-01    0.012
    1553  24576  3.7652121  1.225e-01  2.332e-01    0.012
    1554  24576  3.7652121  1.225e-01  2.329e-01    0.012
    1555  24576  3.7652121  1.225e-01  2.327e-01    0.012
    1556  24576  3.7652121  1.225e-01  2.325e-01    0.012
    1557  24576  3.7652121  1.225e-01  2.322e-01    0.012
    1558  24576  3.7652121  1.225e-01  2.320e-01    0.012
    1559  24576  3.7652121  1.225e-01  2.318e-01    0.012
    1560  24576  3.7652121  1.225e-01  2.315e-01    0.012
    1561  24576  3.7652121  1.225e-01  2.313e-01    0.012
    1562  24576  3.7652121  1.225e-01  2.311e-01    0.012
    1563  24576  3.7652121  1.225e-01  2.308e-01    0.012
    1564  24576  3.7652121  1.225e-01  2.306e-01    0.012
    1565  24576  3.7652121  1.225e-01  2.304e-01    0.012
    1566  24576  3.7652121  1.225e-01  2.302e-01    0.012
    1567  24576  3.7652121  1.225e-01  2.299e-01    0.012
    1568  24576  3.7652121  1.225e-01  2.297e-01    0.012
    1569  24576  3.7652121  1.225e-01  2.295e-01    0.012
    1570  24576  3.7652121  1.225e-01  2.292e-01    0.012
    1571  24576  3.7652121  1.225e-01  2.290e-01    0.012
    1572  24576  3.7652121  1.225e-01  2.288e-01    0.012
    1573  24576  3.7652121  1.225e-01  2.286e-01    0.012
    1574  24576  3.7652121  1.225e-01  2.283e-01    0.012
    1575  24576  3.7652121  1.225e-01  2.281e-01    0.012
    1576  24576  3.7652121  1.225e-01  2.279e-01    0.012
    1577  24576  3.7652121  1.225e-01  2.276e-01    0.012
    1578  24576  3.7652121  1.225e-01  2.274e-01    0.012
    1579  24576  3.7652121  1.225e-01  2.272e-01    0.012
    1580  24576  3.7652121  1.225e-01  2.270e-01    0.012
    1581  24576  3.7652121  1.225e-01  2.267e-01    0.012
    1582  24576  3.7652121  1.225e-01  2.265e-01    0.012
    1583  24576  3.7652121  1.225e-01  2.263e-01    0.012
    1584  24576  3.7652121  1.225e-01  2.261e-01    0.012
    1585  24576  3.7652121  1.225e-01  2.258e-01    0.012
    1586  24576  3.7652121  1.225e-01  2.256e-01    0.012
    1587  24576  3.7652121  1.225e-01  2.254e-01    0.012
    1588  24576  3.7652121  1.225e-01  2.251e-01    0.012
    1589  24576  3.7652121  1.225e-01  2.249e-01    0.012
    1590  24576  3.7652121  1.225e-01  2.247e-01    0.012
    1591  24576  3.7652121  1.225e-01  2.245e-01    0.012
    1592  24576  3.7652121  1.225e-01  2.243e-01    0.012
    1593  24576  3.7652121  1.225e-01  2.240e-01    0.012
    1594  24576  3.7652121  1.225e-01  2.238e-01    0.012
    1595  24576  3.7652121  1.225e-01  2.236e-01    0.012
    1596  24576  3.7652121  1.225e-01  2.234e-01    0.012
    1597  24576  3.7652121  1.225e-01  2.231e-01    0.012
    1598  24576  3.7652121  1.225e-01  2.229e-01    0.012
    1599  24576  3.7652121  1.225e-01  2.227e-01    0.012
    1600  24576  3.7652121  1.225e-01  2.225e-01    0.012
    1601  24576  3.7652121  1.225e-01  2.222e-01    0.012
    1602  24576  3.7652121  1.225e-01  2.220e-01    0.012
    1603  24576  3.7652121  1.225e-01  2.218e-01    0.012
    1604  24576  3.7652121  1.225e-01  2.216e-01    0.012
    1605  24576  3.7652121  1.225e-01  2.214e-01    0.012
    1606  24576  3.7652121  1.225e-01  2.211e-01    0.012
    1607  24576  3.7652121  1.225e-01  2.209e-01    0.012
    1608  24576  3.7652121  1.225e-01  2.207e-01    0.012
    1609  24576  3.7652121  1.225e-01  2.205e-01    0.012
    1610  24576  3.7652121  1.225e-01  2.203e-01    0.012
    1611  24576  3.7652121  1.225e-01  2.200e-01    0.012
    1612  24576  3.7652121  1.225e-01  2.198e-01    0.012
    1613  24576  3.7652121  1.225e-01  2.196e-01    0.012
    1614  24576  3.7652121  1.225e-01  2.194e-01    0.012
    1615  24576  3.7652121  1.225e-01  2.192e-01    0.012
    1616  24576  3.7652121  1.225e-01  2.189e-01    0.012
    1617  24576  3.7652121  1.225e-01  2.187e-01    0.012
    1618  24576  3.7652121  1.225e-01  2.185e-01    0.012
    1619  24576  3.7652121  1.225e-01  2.183e-01    0.012
    1620  24576  3.7652121  1.225e-01  2.181e-01    0.012
    1621  24576  3.7652121  1.225e-01  2.178e-01    0.012
    1622  24576  3.7652121  1.225e-01  2.176e-01    0.012
    1623  24576  3.7652121  1.225e-01  2.174e-01    0.012
    1624  24576  3.7652121  1.225e-01  2.172e-01    0.012
    1625  24576  3.7652121  1.225e-01  2.170e-01    0.012
    1626  24576  3.7652121  1.225e-01  2.168e-01    0.012
    1627  24576  3.7652121  1.225e-01  2.165e-01    0.012
    1628  24576  3.7652121  1.225e-01  2.163e-01    0.012
    1629  24576  3.7652121  1.225e-01  2.161e-01    0.012
    1630  24576  3.7652121  1.225e-01  2.159e-01    0.012
    1631  24576  3.7652121  1.225e-01  2.157e-01    0.012
    1632  24576  3.7652121  1.225e-01  2.155e-01    0.012
    1633  24576  3.7652121  1.225e-01  2.152e-01    0.012
    1634  24576  3.7652121  1.225e-01  2.150e-01    0.012
    1635  24576  3.7652121  1.225e-01  2.148e-01    0.012
    1636  24576  3.7652121  1.225e-01  2.146e-01    0.012
    1637  24576  3.7652121  1.225e-01  2.144e-01    0.012
    1638  24576  3.7652121  1.225e-01  2.142e-01    0.012
    1639  24576  3.7652121  1.225e-01  2.140e-01    0.012
    1640  24576  3.7652121  1.225e-01  2.137e-01    0.012
    1641  24576  3.7652121  1.225e-01  2.135e-01    0.012
    1642  24576  3.7652121  1.225e-01  2.133e-01    0.012
    1643  24576  3.7652121  1.225e-01  2.131e-01    0.012
    1644  24576  3.7652121  1.225e-01  2.129e-01    0.012
    1645  24576  3.7652121  1.225e-01  2.127e-01    0.012
    1646  24576  3.7652121  1.225e-01  2.125e-01    0.012
    1647  24576  3.7652121  1.225e-01  2.123e-01    0.012
    1648  24576  3.7652121  1.225e-01  2.120e-01    0.012
    1649  24576  3.7652121  1.225e-01  2.118e-01    0.012
    1650  24576  3.7652121  1.225e-01  2.116e-01    0.012
    1651  24576  3.7652121  1.225e-01  2.114e-01    0.012
    1652  24576  3.7652121  1.225e-01  2.112e-01    0.012
    1653  24576  3.7652121  1.225e-01  2.110e-01    0.012
    1654  24576  3.7652121  1.225e-01  2.108e-01    0.012
    1655  24576  3.7652121  1.225e-01  2.106e-01    0.012
    1656  24576  3.7652121  1.225e-01  2.104e-01    0.012
    1657  24576  3.7652121  1.225e-01  2.101e-01    0.012
    1658  24576  3.7652121  1.225e-01  2.099e-01    0.012
    1659  24576  3.7652121  1.225e-01  2.097e-01    0.012
    1660  24576  3.7652121  1.225e-01  2.095e-01    0.012
    1661  24576  3.7652121  1.225e-01  2.093e-01    0.012
    1662  24576  3.7652121  1.225e-01  2.091e-01    0.012
    1663  24576  3.7652121  1.225e-01  2.089e-01    0.012
    1664  24576  3.7652121  1.225e-01  2.087e-01    0.012
    1665  24576  3.7652121  1.225e-01  2.085e-01    0.012
    1666  24576  3.7652121  1.225e-01  2.083e-01    0.012
    1667  24576  3.7652121  1.225e-01  2.081e-01    0.012
    1668  24576  3.7652121  1.225e-01  2.078e-01    0.012
    1669  24576  3.7652121  1.225e-01  2.076e-01    0.012
    1670  24576  3.7652121  1.225e-01  2.074e-01    0.012
    1671  24576  3.7652121  1.225e-01  2.072e-01    0.012
    1672  24576  3.7652121  1.225e-01  2.070e-01    0.012
    1673  24576  3.7652121  1.225e-01  2.068e-01    0.012
    1674  24576  3.7652121  1.225e-01  2.066e-01    0.012
    1675  24576  3.7652121  1.225e-01  2.064e-01    0.012
    1676  24576  3.7652121  1.225e-01  2.062e-01    0.012
    1677  24576  3.7652121  1.225e-01  2.060e-01    0.012
    1678  24576  3.7652121  1.225e-01  2.058e-01    0.012
    1679  24576  3.7652121  1.225e-01  2.056e-01    0.012
    1680  24576  3.7652121  1.225e-01  2.054e-01    0.012
    1681  24576  3.7652121  1.225e-01  2.052e-01    0.012
    1682  24576  3.7652121  1.225e-01  2.050e-01    0.012
    1683  24576  3.7652121  1.225e-01  2.048e-01    0.012
    1684  24576  3.7652121  1.225e-01  2.045e-01    0.012
    1685  24576  3.7652121  1.225e-01  2.043e-01    0.012
    1686  24576  3.7652121  1.225e-01  2.041e-01    0.012
    1687  24576  3.7652121  1.225e-01  2.039e-01    0.012
    1688  24576  3.7652121  1.225e-01  2.037e-01    0.012
    1689  24576  3.7652121  1.225e-01  2.035e-01    0.012
    1690  24576  3.7652121  1.225e-01  2.033e-01    0.012
    1691  24576  3.7652121  1.225e-01  2.031e-01    0.012
    1692  24576  3.7652121  1.225e-01  2.029e-01    0.012
    1693  24576  3.7652121  1.225e-01  2.027e-01    0.012
    1694  24576  3.7652121  1.225e-01  2.025e-01    0.012
    1695  24576  3.7652121  1.225e-01  2.023e-01    0.012
    1696  24576  3.7652121  1.225e-01  2.021e-01    0.012
    1697  24576  3.7652121  1.225e-01  2.019e-01    0.012
    1698  24576  3.7652121  1.225e-01  2.017e-01    0.012
    1699  24576  3.7652121  1.225e-01  2.015e-01    0.012
    1700  24576  3.7652121  1.225e-01  2.013e-01    0.012
    1701  24576  3.7652121  1.225e-01  2.011e-01    0.012
    1702  24576  3.7652121  1.225e-01  2.009e-01    0.012
    1703  24576  3.7652121  1.225e-01  2.007e-01    0.012
    1704  24576  3.7652121  1.225e-01  2.005e-01    0.012
    1705  24576  3.7652121  1.225e-01  2.003e-01    0.012
    1706  24576  3.7652121  1.225e-01  2.001e-01    0.012
    1707  24576  3.7652121  1.225e-01  1.999e-01    0.012
    1708  24576  3.7652121  1.225e-01  1.997e-01    0.012
    1709  24576  3.7652121  1.225e-01  1.995e-01    0.012
    1710  24576  3.7652121  1.225e-01  1.993e-01    0.012
    1711  24576  3.7652121  1.225e-01  1.991e-01    0.012
    1712  24576  3.7652121  1.225e-01  1.989e-01    0.012
    1713  24576  3.7652121  1.225e-01  1.987e-01    0.012
    1714  24576  3.7652121  1.225e-01  1.985e-01    0.012
    1715  24576  3.7652121  1.225e-01  1.983e-01    0.012
    1716  24576  3.7652121  1.225e-01  1.981e-01    0.012
    1717  24576  3.7652121  1.225e-01  1.979e-01    0.012
    1718  24576  3.7652121  1.225e-01  1.977e-01    0.012
    1719  24576  3.7652121  1.225e-01  1.975e-01    0.012
    1720  24576  3.7652121  1.225e-01  1.973e-01    0.012
    1721  24576  3.7652121  1.225e-01  1.971e-01    0.012
    1722  24576  3.7652121  1.225e-01  1.969e-01    0.012
    1723  24576  3.7652121  1.225e-01  1.967e-01    0.012
    1724  24576  3.7652121  1.225e-01  1.965e-01    0.012
    1725  24576  3.7652121  1.225e-01  1.963e-01    0.012
    1726  24576  3.7652121  1.225e-01  1.961e-01    0.012
    1727  24576  3.7652121  1.225e-01  1.959e-01    0.012
    1728  24576  3.7652121  1.225e-01  1.957e-01    0.012
    1729  24576  3.7652121  1.225e-01  1.956e-01    0.012
    1730  24576  3.7652121  1.225e-01  1.954e-01    0.012
    1731  24576  3.7652121  1.225e-01  1.952e-01    0.012
    1732  24576  3.7652121  1.225e-01  1.950e-01    0.012
    1733  24576  3.7652121  1.225e-01  1.948e-01    0.012
    1734  24576  3.7652121  1.225e-01  1.946e-01    0.012
    1735  24576  3.7652121  1.225e-01  1.944e-01    0.012
    1736  24576  3.7652121  1.225e-01  1.942e-01    0.012
    1737  24576  3.7652121  1.225e-01  1.940e-01    0.012
    1738  24576  3.7652121  1.225e-01  1.938e-01    0.012
    1739  24576  3.7652121  1.225e-01  1.936e-01    0.012
    1740  24576  3.7652121  1.225e-01  1.934e-01    0.012
    1741  24576  3.7652121  1.225e-01  1.932e-01    0.012
    1742  24576  3.7652121  1.225e-01  1.930e-01    0.012
    1743  24576  3.7652121  1.225e-01  1.928e-01    0.012
    1744  24576  3.7652121  1.225e-01  1.926e-01    0.012
    1745  24576  3.7652121  1.225e-01  1.925e-01    0.012
    1746  24576  3.7652121  1.225e-01  1.923e-01    0.012
    1747  24576  3.7652121  1.225e-01  1.921e-01    0.012
    1748  24576  3.7652121  1.225e-01  1.919e-01    0.012
    1749  24576  3.7652121  1.225e-01  1.917e-01    0.012
    1750  24576  3.7652121  1.225e-01  1.915e-01    0.012
    1751  24576  3.7652121  1.225e-01  1.913e-01    0.012
    1752  24576  3.7652121  1.225e-01  1.911e-01    0.012
    1753  24576  3.7652121  1.225e-01  1.909e-01    0.012
    1754  24576  3.7652121  1.225e-01  1.907e-01    0.012
    1755  24576  3.7652121  1.225e-01  1.905e-01    0.012
    1756  24576  3.7652121  1.225e-01  1.903e-01    0.012
    1757  24576  3.7652121  1.225e-01  1.902e-01    0.012
    1758  24576  3.7652121  1.225e-01  1.900e-01    0.012
    1759  24576  3.7652121  1.225e-01  1.898e-01    0.012
    1760  24576  3.7652121  1.225e-01  1.896e-01    0.012
    1761  24576  3.7652121  1.225e-01  1.894e-01    0.012
    1762  24576  3.7652121  1.225e-01  1.892e-01    0.012
    1763  24576  3.7652121  1.225e-01  1.890e-01    0.012
    1764  24576  3.7652121  1.225e-01  1.888e-01    0.012
    1765  24576  3.7652121  1.225e-01  1.886e-01    0.012
    1766  24576  3.7652121  1.225e-01  1.885e-01    0.012
    1767  24576  3.7652121  1.225e-01  1.883e-01    0.012
    1768  24576  3.7652121  1.225e-01  1.881e-01    0.012
    1769  24576  3.7652121  1.225e-01  1.879e-01    0.012
    1770  24576  3.7652121  1.225e-01  1.877e-01    0.012
    1771  24576  3.7652121  1.225e-01  1.875e-01    0.012
    1772  24576  3.7652121  1.225e-01  1.873e-01    0.012
    1773  24576  3.7652121  1.225e-01  1.871e-01    0.012
    1774  24576  3.7652121  1.225e-01  1.870e-01    0.012
    1775  24576  3.7652121  1.225e-01  1.868e-01    0.012
    1776  24576  3.7652121  1.225e-01  1.866e-01    0.012
    1777  24576  3.7652121  1.225e-01  1.864e-01    0.012
    1778  24576  3.7652121  1.225e-01  1.862e-01    0.012
    1779  24576  3.7652121  1.225e-01  1.860e-01    0.012
    1780  24576  3.7652121  1.225e-01  1.858e-01    0.012
    1781  24576  3.7652121  1.225e-01  1.856e-01    0.012
    1782  24576  3.7652121  1.225e-01  1.855e-01    0.012
    1783  24576  3.7652121  1.225e-01  1.853e-01    0.012
    1784  24576  3.7652121  1.225e-01  1.851e-01    0.012
    1785  24576  3.7652121  1.225e-01  1.849e-01    0.012
    1786  24576  3.7652121  1.225e-01  1.847e-01    0.012
    1787  24576  3.7652121  1.225e-01  1.845e-01    0.012
    1788  24576  3.7652121  1.225e-01  1.844e-01    0.012
    1789  24576  3.7652121  1.225e-01  1.842e-01    0.012
    1790  24576  3.7652121  1.225e-01  1.840e-01    0.012
    1791  24576  3.7652121  1.225e-01  1.838e-01    0.012
    1792  24576  3.7652121  1.225e-01  1.836e-01    0.012
    1793  24576  3.7652121  1.225e-01  1.834e-01    0.012
    1794  24576  3.7652121  1.225e-01  1.833e-01    0.012
    1795  24576  3.7652121  1.225e-01  1.831e-01    0.012
    1796  24576  3.7652121  1.225e-01  1.829e-01    0.012
    1797  24576  3.7652121  1.225e-01  1.827e-01    0.012
    1798  24576  3.7652121  1.225e-01  1.825e-01    0.012
    1799  24576  3.7652121  1.225e-01  1.823e-01    0.012
    1800  24576  3.7652121  1.225e-01  1.822e-01    0.012
    1801  24576  3.7652121  1.225e-01  1.820e-01    0.012
    1802  24576  3.7652121  1.225e-01  1.818e-01    0.012
    1803  24576  3.7652121  1.225e-01  1.816e-01    0.012
    1804  24576  3.7652121  1.225e-01  1.814e-01    0.012
    1805  24576  3.7652121  1.225e-01  1.812e-01    0.012
    1806  24576  3.7652121  1.225e-01  1.811e-01    0.012
    1807  24576  3.7652121  1.225e-01  1.809e-01    0.012
    1808  24576  3.7652121  1.225e-01  1.807e-01    0.012
    1809  24576  3.7652121  1.225e-01  1.805e-01    0.012
    1810  24576  3.7652121  1.225e-01  1.803e-01    0.012
    1811  24576  3.7652121  1.225e-01  1.802e-01    0.012
    1812  24576  3.7652121  1.225e-01  1.800e-01    0.012
    1813  24576  3.7652121  1.225e-01  1.798e-01    0.012
    1814  24576  3.7652121  1.225e-01  1.796e-01    0.012
    1815  24576  3.7652121  1.225e-01  1.794e-01    0.012
    1816  24576  3.7652121  1.225e-01  1.793e-01    0.012
    1817  24576  3.7652121  1.225e-01  1.791e-01    0.012
    1818  24576  3.7652121  1.225e-01  1.789e-01    0.012
    1819  24576  3.7652121  1.225e-01  1.787e-01    0.012
    1820  24576  3.7652121  1.225e-01  1.786e-01    0.012
    1821  24576  3.7652121  1.225e-01  1.784e-01    0.012
    1822  24576  3.7652121  1.225e-01  1.782e-01    0.012
    1823  24576  3.7652121  1.225e-01  1.780e-01    0.012
    1824  24576  3.7652121  1.225e-01  1.778e-01    0.012
    1825  24576  3.7652121  1.225e-01  1.777e-01    0.012
    1826  24576  3.7652121  1.225e-01  1.775e-01    0.012
    1827  24576  3.7652121  1.225e-01  1.773e-01    0.012
    1828  24576  3.7652121  1.225e-01  1.771e-01    0.012
    1829  24576  3.7652121  1.225e-01  1.770e-01    0.012
    1830  24576  3.7652121  1.225e-01  1.768e-01    0.012
    1831  24576  3.7652121  1.225e-01  1.766e-01    0.012
    1832  24576  3.7652121  1.225e-01  1.764e-01    0.012
    1833  24576  3.7652121  1.225e-01  1.762e-01    0.012
    1834  24576  3.7652121  1.225e-01  1.761e-01    0.012
    1835  24576  3.7652121  1.225e-01  1.759e-01    0.012
    1836  24576  3.7652121  1.225e-01  1.757e-01    0.012
    1837  24576  3.7652121  1.225e-01  1.755e-01    0.012
    1838  24576  3.7652121  1.225e-01  1.754e-01    0.012
    1839  24576  3.7652121  1.225e-01  1.752e-01    0.012
    1840  24576  3.7652121  1.225e-01  1.750e-01    0.012
    1841  24576  3.7652121  1.225e-01  1.748e-01    0.012
    1842  24576  3.7652121  1.225e-01  1.747e-01    0.012
    1843  24576  3.7652121  1.225e-01  1.745e-01    0.012
    1844  24576  3.7652121  1.225e-01  1.743e-01    0.012
    1845  24576  3.7652121  1.225e-01  1.741e-01    0.012
    1846  24576  3.7652121  1.225e-01  1.740e-01    0.012
    1847  24576  3.7652121  1.225e-01  1.738e-01    0.012
    1848  24576  3.7652121  1.225e-01  1.736e-01    0.012
    1849  24576  3.7652121  1.225e-01  1.735e-01    0.012
    1850  24576  3.7652121  1.225e-01  1.733e-01    0.012
    1851  24576  3.7652121  1.225e-01  1.731e-01    0.012
    1852  24576  3.7652121  1.225e-01  1.729e-01    0.012
    1853  24576  3.7652121  1.225e-01  1.728e-01    0.012
    1854  24576  3.7652121  1.225e-01  1.726e-01    0.012
    1855  24576  3.7652121  1.225e-01  1.724e-01    0.012
    1856  24576  3.7652121  1.225e-01  1.722e-01    0.012
    1857  24576  3.7652121  1.225e-01  1.721e-01    0.012
    1858  24576  3.7652121  1.225e-01  1.719e-01    0.012
    1859  24576  3.7652121  1.225e-01  1.717e-01    0.012
    1860  24576  3.7652121  1.225e-01  1.716e-01    0.012
    1861  24576  3.7652121  1.225e-01  1.714e-01    0.012
    1862  24576  3.7652121  1.225e-01  1.712e-01    0.012
    1863  24576  3.7652121  1.225e-01  1.710e-01    0.012
    1864  24576  3.7652121  1.225e-01  1.709e-01    0.012
    1865  24576  3.7652121  1.225e-01  1.707e-01    0.012
    1866  24576  3.7652121  1.225e-01  1.705e-01    0.012
    1867  24576  3.7652121  1.225e-01  1.704e-01    0.012
    1868  24576  3.7652121  1.225e-01  1.702e-01    0.012
    1869  24576  3.7652121  1.225e-01  1.700e-01    0.012
    1870  24576  3.7652121  1.225e-01  1.698e-01    0.012
    1871  24576  3.7652121  1.225e-01  1.697e-01    0.012
    1872  24576  3.7652121  1.225e-01  1.695e-01    0.012
    1873  24576  3.7652121  1.225e-01  1.693e-01    0.012
    1874  24576  3.7652121  1.225e-01  1.692e-01    0.012
    1875  24576  3.7652121  1.225e-01  1.690e-01    0.012
    1876  24576  3.7652121  1.225e-01  1.688e-01    0.012
    1877  24576  3.7652121  1.225e-01  1.687e-01    0.012
    1878  24576  3.7652121  1.225e-01  1.685e-01    0.012
    1879  24576  3.7652121  1.225e-01  1.683e-01    0.012
    1880  24576  3.7652121  1.225e-01  1.682e-01    0.012
    1881  24576  3.7652121  1.225e-01  1.680e-01    0.012
    1882  24576  3.7652121  1.225e-01  1.678e-01    0.012
    1883  24576  3.7652121  1.225e-01  1.677e-01    0.012
    1884  24576  3.7652121  1.225e-01  1.675e-01    0.012
    1885  24576  3.7652121  1.225e-01  1.673e-01    0.012
    1886  24576  3.7652121  1.225e-01  1.672e-01    0.012
    1887  24576  3.7652121  1.225e-01  1.670e-01    0.012
    1888  24576  3.7652121  1.225e-01  1.668e-01    0.012
    1889  24576  3.7652121  1.225e-01  1.667e-01    0.012
    1890  24576  3.7652121  1.225e-01  1.665e-01    0.012
    1891  24576  3.7652121  1.225e-01  1.663e-01    0.012
    1892  24576  3.7652121  1.225e-01  1.662e-01    0.012
    1893  24576  3.7652121  1.225e-01  1.660e-01    0.012
    1894  24576  3.7652121  1.225e-01  1.658e-01    0.012
    1895  24576  3.7652121  1.225e-01  1.657e-01    0.012
    1896  24576  3.7652121  1.225e-01  1.655e-01    0.012
    1897  24576  3.7652121  1.225e-01  1.653e-01    0.012
    1898  24576  3.7652121  1.225e-01  1.652e-01    0.012
    1899  24576  3.7652121  1.225e-01  1.650e-01    0.012
    1900  24576  3.7652121  1.225e-01  1.648e-01    0.012
    1901  24576  3.7652121  1.225e-01  1.647e-01    0.012
    1902  24576  3.7652121  1.225e-01  1.645e-01    0.012
    1903  24576  3.7652121  1.225e-01  1.643e-01    0.012
    1904  24576  3.7652121  1.225e-01  1.642e-01    0.012
    1905  24576  3.7652121  1.225e-01  1.640e-01    0.012
    1906  24576  3.7652121  1.225e-01  1.638e-01    0.012
    1907  24576  3.7652121  1.225e-01  1.637e-01    0.012
    1908  24576  3.7652121  1.225e-01  1.635e-01    0.012
    1909  24576  3.7652121  1.225e-01  1.634e-01    0.012
    1910  24576  3.7652121  1.225e-01  1.632e-01    0.012
    1911  24576  3.7652121  1.225e-01  1.630e-01    0.012
    1912  24576  3.7652121  1.225e-01  1.629e-01    0.012
    1913  24576  3.7652121  1.225e-01  1.627e-01    0.012
    1914  24576  3.7652121  1.225e-01  1.625e-01    0.012
    1915  24576  3.7652121  1.225e-01  1.624e-01    0.012
    1916  24576  3.7652121  1.225e-01  1.622e-01    0.012
    1917  24576  3.7652121  1.225e-01  1.621e-01    0.012
    1918  24576  3.7652121  1.225e-01  1.619e-01    0.012
    1919  24576  3.7652121  1.225e-01  1.617e-01    0.012
    1920  24576  3.7652121  1.225e-01  1.616e-01    0.012
    1921  24576  3.7652121  1.225e-01  1.614e-01    0.012
    1922  24576  3.7652121  1.225e-01  1.612e-01    0.012
    1923  24576  3.7652121  1.225e-01  1.611e-01    0.012
    1924  24576  3.7652121  1.225e-01  1.609e-01    0.012
    1925  24576  3.7652121  1.225e-01  1.608e-01    0.012
    1926  24576  3.7652121  1.225e-01  1.606e-01    0.012
    1927  24576  3.7652121  1.225e-01  1.604e-01    0.012
    1928  24576  3.7652121  1.225e-01  1.603e-01    0.012
    1929  24576  3.7652121  1.225e-01  1.601e-01    0.012
    1930  24576  3.7652121  1.225e-01  1.600e-01    0.012
    1931  24576  3.7652121  1.225e-01  1.598e-01    0.012
    1932  24576  3.7652121  1.225e-01  1.596e-01    0.012
    1933  24576  3.7652121  1.225e-01  1.595e-01    0.012
    1934  24576  3.7652121  1.225e-01  1.593e-01    0.012
    1935  24576  3.7652121  1.225e-01  1.592e-01    0.012
    1936  24576  3.7652121  1.225e-01  1.590e-01    0.012
    1937  24576  3.7652121  1.225e-01  1.588e-01    0.012
    1938  24576  3.7652121  1.225e-01  1.587e-01    0.012
    1939  24576  3.7652121  1.225e-01  1.585e-01    0.012
    1940  24576  3.7652121  1.225e-01  1.584e-01    0.012
    1941  24576  3.7652121  1.225e-01  1.582e-01    0.012
    1942  24576  3.7652121  1.225e-01  1.581e-01    0.012
    1943  24576  3.7652121  1.225e-01  1.579e-01    0.012
    1944  24576  3.7652121  1.225e-01  1.577e-01    0.012
    1945  24576  3.7652121  1.225e-01  1.576e-01    0.012
    1946  24576  3.7652121  1.225e-01  1.574e-01    0.012
    1947  24576  3.7652121  1.225e-01  1.573e-01    0.012
    1948  24576  3.7652121  1.225e-01  1.571e-01    0.012
    1949  24576  3.7652121  1.225e-01  1.570e-01    0.012
    1950  24576  3.7652121  1.225e-01  1.568e-01    0.012
    1951  24576  3.7652121  1.225e-01  1.566e-01    0.012
    1952  24576  3.7652121  1.225e-01  1.565e-01    0.012
    1953  24576  3.7652121  1.225e-01  1.563e-01    0.012
    1954  24576  3.7652121  1.225e-01  1.562e-01    0.012
    1955  24576  3.7652121  1.225e-01  1.560e-01    0.012
    1956  24576  3.7652121  1.225e-01  1.559e-01    0.012
    1957  24576  3.7652121  1.225e-01  1.557e-01    0.012
    1958  24576  3.7652121  1.225e-01  1.555e-01    0.012
    1959  24576  3.7652121  1.225e-01  1.554e-01    0.012
    1960  24576  3.7652121  1.225e-01  1.552e-01    0.012
    1961  24576  3.7652121  1.225e-01  1.551e-01    0.012
    1962  24576  3.7652121  1.225e-01  1.549e-01    0.012
    1963  24576  3.7652121  1.225e-01  1.548e-01    0.012
    1964  24576  3.7652121  1.225e-01  1.546e-01    0.012
    1965  24576  3.7652121  1.225e-01  1.545e-01    0.012
    1966  24576  3.7652121  1.225e-01  1.543e-01    0.012
    1967  24576  3.7652121  1.225e-01  1.542e-01    0.012
    1968  24576  3.7652121  1.225e-01  1.540e-01    0.012
    1969  24576  3.7652121  1.225e-01  1.538e-01    0.012
    1970  24576  3.7652121  1.225e-01  1.537e-01    0.012
    1971  24576  3.7652121  1.225e-01  1.535e-01    0.012
    1972  24576  3.7652121  1.225e-01  1.534e-01    0.012
    1973  24576  3.7652121  1.225e-01  1.532e-01    0.012
    1974  24576  3.7652121  1.225e-01  1.531e-01    0.012
    1975  24576  3.7652121  1.225e-01  1.529e-01    0.012
    1976  24576  3.7652121  1.225e-01  1.528e-01    0.012
    1977  24576  3.7652121  1.225e-01  1.526e-01    0.012
    1978  24576  3.7652121  1.225e-01  1.525e-01    0.012
    1979  24576  3.7652121  1.225e-01  1.523e-01    0.012
    1980  24576  3.7652121  1.225e-01  1.522e-01    0.012
    1981  24576  3.7652121  1.225e-01  1.520e-01    0.012
    1982  24576  3.7652121  1.225e-01  1.519e-01    0.012
    1983  24576  3.7652121  1.225e-01  1.517e-01    0.012
    1984  24576  3.7652121  1.225e-01  1.516e-01    0.012
    1985  24576  3.7652121  1.225e-01  1.514e-01    0.012
    1986  24576  3.7652121  1.225e-01  1.513e-01    0.012
    1987  24576  3.7652121  1.225e-01  1.511e-01    0.012
    1988  24576  3.7652121  1.225e-01  1.510e-01    0.012
    1989  24576  3.7652121  1.225e-01  1.508e-01    0.012
    1990  24576  3.7652121  1.225e-01  1.507e-01    0.012
    1991  24576  3.7652121  1.225e-01  1.505e-01    0.012
    1992  24576  3.7652121  1.225e-01  1.504e-01    0.012
    1993  24576  3.7652121  1.225e-01  1.502e-01    0.012
    1994  24576  3.7652121  1.225e-01  1.500e-01    0.012
    1995  24576  3.7652121  1.225e-01  1.499e-01    0.012
    1996  24576  3.7652121  1.225e-01  1.498e-01    0.012
    1997  24576  3.7652121  1.225e-01  1.496e-01    0.012
    1998  24576  3.7652121  1.225e-01  1.495e-01    0.012
    1999  24576  3.7652121  1.225e-01  1.493e-01    0.012
    2000  24576  3.7652121  1.225e-01  1.492e-01    0.012
    2001  24576  3.7652121  1.225e-01  1.490e-01    0.012
    2002  24576  3.7652121  1.225e-01  1.489e-01    0.012
    2003  24576  3.7652121  1.225e-01  1.487e-01    0.012
    2004  24576  3.7652121  1.225e-01  1.486e-01    0.012
    2005  24576  3.7652121  1.225e-01  1.484e-01    0.012
    2006  24576  3.7652121  1.225e-01  1.483e-01    0.012
    2007  24576  3.7652121  1.225e-01  1.481e-01    0.012
    2008  24576  3.7652121  1.225e-01  1.480e-01    0.012
    2009  24576  3.7652121  1.225e-01  1.478e-01    0.012
    2010  24576  3.7652121  1.225e-01  1.477e-01    0.012
    2011  24576  3.7652121  1.225e-01  1.475e-01    0.012
    2012  24576  3.7652121  1.225e-01  1.474e-01    0.012
    2013  24576  3.7652121  1.225e-01  1.472e-01    0.012
    2014  24576  3.7652121  1.225e-01  1.471e-01    0.012
    2015  24576  3.7652121  1.225e-01  1.469e-01    0.012
    2016  24576  3.7652121  1.225e-01  1.468e-01    0.012
    2017  24576  3.7652121  1.225e-01  1.466e-01    0.012
    2018  24576  3.7652121  1.225e-01  1.465e-01    0.012
    2019  24576  3.7652121  1.225e-01  1.463e-01    0.012
    2020  24576  3.7652121  1.225e-01  1.462e-01    0.012
    2021  24576  3.7652121  1.225e-01  1.461e-01    0.012
    2022  24576  3.7652121  1.225e-01  1.459e-01    0.012
    2023  24576  3.7652121  1.225e-01  1.458e-01    0.012
    2024  24576  3.7652121  1.225e-01  1.456e-01    0.012
    2025  24576  3.7652121  1.225e-01  1.455e-01    0.012
    2026  24576  3.7652121  1.225e-01  1.453e-01    0.012
    2027  24576  3.7652121  1.225e-01  1.452e-01    0.012
    2028  24576  3.7652121  1.225e-01  1.450e-01    0.012
    2029  24576  3.7652121  1.225e-01  1.449e-01    0.012
    2030  24576  3.7652121  1.225e-01  1.447e-01    0.012
    2031  24576  3.7652121  1.225e-01  1.446e-01    0.012
    2032  24576  3.7652121  1.225e-01  1.445e-01    0.012
    2033  24576  3.7652121  1.225e-01  1.443e-01    0.012
    2034  24576  3.7652121  1.225e-01  1.442e-01    0.012
    2035  24576  3.7652121  1.225e-01  1.440e-01    0.012
    2036  24576  3.7652121  1.225e-01  1.439e-01    0.012
    2037  24576  3.7652121  1.225e-01  1.437e-01    0.012
    2038  24576  3.7652121  1.225e-01  1.436e-01    0.012
    2039  24576  3.7652121  1.225e-01  1.435e-01    0.012
    2040  24576  3.7652121  1.225e-01  1.433e-01    0.012
    2041  24576  3.7652121  1.225e-01  1.432e-01    0.012
    2042  24576  3.7652121  1.225e-01  1.430e-01    0.012
    2043  24576  3.7652121  1.225e-01  1.429e-01    0.012
    2044  24576  3.7652121  1.225e-01  1.427e-01    0.012
    2045  24576  3.7652121  1.225e-01  1.426e-01    0.012
    2046  24576  3.7652121  1.225e-01  1.425e-01    0.012
    2047  24576  3.7652121  1.225e-01  1.423e-01    0.012
    2048  24576  3.7652121  1.225e-01  1.422e-01    0.012
    2049  24576  3.7652121  1.225e-01  1.420e-01    0.012
    2050  24576  3.7652121  1.225e-01  1.419e-01    0.012
    2051  24576  3.7652121  1.225e-01  1.417e-01    0.012
    2052  24576  3.7652121  1.225e-01  1.416e-01    0.012
    2053  24576  3.7652121  1.225e-01  1.415e-01    0.012
    2054  24576  3.7652121  1.225e-01  1.413e-01    0.012
    2055  24576  3.7652121  1.225e-01  1.412e-01    0.012
    2056  24576  3.7652121  1.225e-01  1.410e-01    0.012
    2057  24576  3.7652121  1.225e-01  1.409e-01    0.012
    2058  24576  3.7652121  1.225e-01  1.408e-01    0.012
    2059  24576  3.7652121  1.225e-01  1.406e-01    0.012
    2060  24576  3.7652121  1.225e-01  1.405e-01    0.012
    2061  24576  3.7652121  1.225e-01  1.403e-01    0.012
    2062  24576  3.7652121  1.225e-01  1.402e-01    0.012
    2063  24576  3.7652121  1.225e-01  1.401e-01    0.012
    2064  24576  3.7652121  1.225e-01  1.399e-01    0.012
    2065  24576  3.7652121  1.225e-01  1.398e-01    0.012
    2066  24576  3.7652121  1.225e-01  1.396e-01    0.012
    2067  24576  3.7652121  1.225e-01  1.395e-01    0.012
    2068  24576  3.7652121  1.225e-01  1.394e-01    0.012
    2069  24576  3.7652121  1.225e-01  1.392e-01    0.012
    2070  24576  3.7652121  1.225e-01  1.391e-01    0.012
    2071  24576  3.7652121  1.225e-01  1.389e-01    0.012
    2072  24576  3.7652121  1.225e-01  1.388e-01    0.012
    2073  24576  3.7652121  1.225e-01  1.387e-01    0.012
    2074  24576  3.7652121  1.225e-01  1.385e-01    0.012
    2075  24576  3.7652121  1.225e-01  1.384e-01    0.012
    2076  24576  3.7652121  1.225e-01  1.382e-01    0.012
    2077  24576  3.7652121  1.225e-01  1.381e-01    0.012
    2078  24576  3.7652121  1.225e-01  1.380e-01    0.012
    2079  24576  3.7652121  1.225e-01  1.378e-01    0.012
    2080  24576  3.7652121  1.225e-01  1.377e-01    0.012
    2081  24576  3.7652121  1.225e-01  1.376e-01    0.012
    2082  24576  3.7652121  1.225e-01  1.374e-01    0.012
    2083  24576  3.7652121  1.225e-01  1.373e-01    0.012
    2084  24576  3.7652121  1.225e-01  1.371e-01    0.012
    2085  24576  3.7652121  1.225e-01  1.370e-01    0.012
    2086  24576  3.7652121  1.225e-01  1.369e-01    0.012
    2087  24576  3.7652121  1.225e-01  1.367e-01    0.012
    2088  24576  3.7652121  1.225e-01  1.366e-01    0.012
    2089  24576  3.7652121  1.225e-01  1.365e-01    0.012
    2090  24576  3.7652121  1.225e-01  1.363e-01    0.012
    2091  24576  3.7652121  1.225e-01  1.362e-01    0.012
    2092  24576  3.7652121  1.225e-01  1.360e-01    0.012
    2093  24576  3.7652121  1.225e-01  1.359e-01    0.012
    2094  24576  3.7652121  1.225e-01  1.358e-01    0.012
    2095  24576  3.7652121  1.225e-01  1.356e-01    0.012
    2096  24576  3.7652121  1.225e-01  1.355e-01    0.012
    2097  24576  3.7652121  1.225e-01  1.354e-01    0.012
    2098  24576  3.7652121  1.225e-01  1.352e-01    0.012
    2099  24576  3.7652121  1.225e-01  1.351e-01    0.012
    2100  24576  3.7652121  1.225e-01  1.350e-01    0.012
    2101  24576  3.7652121  1.225e-01  1.348e-01    0.012
    2102  24576  3.7652121  1.225e-01  1.347e-01    0.012
    2103  24576  3.7652121  1.225e-01  1.346e-01    0.012
    2104  24576  3.7652121  1.225e-01  1.344e-01    0.012
    2105  24576  3.7652121  1.225e-01  1.343e-01    0.012
    2106  24576  3.7652121  1.225e-01  1.342e-01    0.012
    2107  24576  3.7652121  1.225e-01  1.340e-01    0.012
    2108  24576  3.7652121  1.225e-01  1.339e-01    0.012
    2109  24576  3.7652121  1.225e-01  1.338e-01    0.012
    2110  24576  3.7652121  1.225e-01  1.336e-01    0.012
    2111  24576  3.7652121  1.225e-01  1.335e-01    0.012
    2112  24576  3.7652121  1.225e-01  1.334e-01    0.012
    2113  24576  3.7652121  1.225e-01  1.332e-01    0.012
    2114  24576  3.7652121  1.225e-01  1.331e-01    0.012
    2115  24576  3.7652121  1.225e-01  1.330e-01    0.012
    2116  24576  3.7652121  1.225e-01  1.328e-01    0.012
    2117  24576  3.7652121  1.225e-01  1.327e-01    0.012
    2118  24576  3.7652121  1.225e-01  1.326e-01    0.012
    2119  24576  3.7652121  1.225e-01  1.324e-01    0.012
    2120  24576  3.7652121  1.225e-01  1.323e-01    0.012
    2121  24576  3.7652121  1.225e-01  1.322e-01    0.012
    2122  24576  3.7652121  1.225e-01  1.320e-01    0.012
    2123  24576  3.7652121  1.225e-01  1.319e-01    0.012
    2124  24576  3.7652121  1.225e-01  1.318e-01    0.012
    2125  24576  3.7652121  1.225e-01  1.316e-01    0.012
    2126  24576  3.7652121  1.225e-01  1.315e-01    0.012
    2127  24576  3.7652121  1.225e-01  1.314e-01    0.012
    2128  24576  3.7652121  1.225e-01  1.312e-01    0.012
    2129  24576  3.7652121  1.225e-01  1.311e-01    0.012
    2130  24576  3.7652121  1.225e-01  1.310e-01    0.012
    2131  24576  3.7652121  1.225e-01  1.308e-01    0.012
    2132  24576  3.7652121  1.225e-01  1.307e-01    0.012
    2133  24576  3.7652121  1.225e-01  1.306e-01    0.012
    2134  24576  3.7652121  1.225e-01  1.305e-01    0.012
    2135  24576  3.7652121  1.225e-01  1.303e-01    0.012
    2136  24576  3.7652121  1.225e-01  1.302e-01    0.012
    2137  24576  3.7652121  1.225e-01  1.301e-01    0.012
    2138  24576  3.7652121  1.225e-01  1.299e-01    0.012
    2139  24576  3.7652121  1.225e-01  1.298e-01    0.012
    2140  24576  3.7652121  1.225e-01  1.297e-01    0.012
    2141  24576  3.7652121  1.225e-01  1.295e-01    0.012
    2142  24576  3.7652121  1.225e-01  1.294e-01    0.012
    2143  24576  3.7652121  1.225e-01  1.293e-01    0.012
    2144  24576  3.7652121  1.225e-01  1.292e-01    0.012
    2145  24576  3.7652121  1.225e-01  1.290e-01    0.012
    2146  24576  3.7652121  1.225e-01  1.289e-01    0.012
    2147  24576  3.7652121  1.225e-01  1.288e-01    0.012
    2148  24576  3.7652121  1.225e-01  1.286e-01    0.012
    2149  24576  3.7652121  1.225e-01  1.285e-01    0.012
    2150  24576  3.7652121  1.225e-01  1.284e-01    0.012
    2151  24576  3.7652121  1.225e-01  1.283e-01    0.012
    2152  24576  3.7652121  1.225e-01  1.281e-01    0.012
    2153  24576  3.7652121  1.225e-01  1.280e-01    0.012
    2154  24576  3.7652121  1.225e-01  1.279e-01    0.012
    2155  24576  3.7652121  1.225e-01  1.277e-01    0.012
    2156  24576  3.7652121  1.225e-01  1.276e-01    0.012
    2157  24576  3.7652121  1.225e-01  1.275e-01    0.012
    2158  24576  3.7652121  1.225e-01  1.274e-01    0.012
    2159  24576  3.7652121  1.225e-01  1.272e-01    0.012
    2160  24576  3.7652121  1.225e-01  1.271e-01    0.012
    2161  24576  3.7652121  1.225e-01  1.270e-01    0.012
    2162  24576  3.7652121  1.225e-01  1.269e-01    0.012
    2163  24576  3.7652121  1.225e-01  1.267e-01    0.012
    2164  24576  3.7652121  1.225e-01  1.266e-01    0.012
    2165  24576  3.7652121  1.225e-01  1.265e-01    0.012
    2166  24576  3.7652121  1.225e-01  1.263e-01    0.012
    2167  24576  3.7652121  1.225e-01  1.262e-01    0.012
    2168  24576  3.7652121  1.225e-01  1.261e-01    0.012
    2169  24576  3.7652121  1.225e-01  1.260e-01    0.012
    2170  24576  3.7652121  1.225e-01  1.258e-01    0.012
    2171  24576  3.7652121  1.225e-01  1.257e-01    0.012
    2172  24576  3.7652121  1.225e-01  1.256e-01    0.012
    2173  24576  3.7652121  1.225e-01  1.255e-01    0.012
    2174  24576  3.7652121  1.225e-01  1.253e-01    0.012
    2175  24576  3.7652121  1.225e-01  1.252e-01    0.012
    2176  24576  3.7652121  1.225e-01  1.251e-01    0.012
    2177  24576  3.7652121  1.225e-01  1.250e-01    0.012
    2178  24576  3.7652121  1.225e-01  1.248e-01    0.012
    2179  32768  3.7619261  1.114e-01  1.247e-01    0.013
    2180  32768  3.7619261  1.114e-01  1.246e-01    0.013
    2181  32768  3.7619261  1.114e-01  1.245e-01    0.013
    2182  32768  3.7619261  1.114e-01  1.243e-01    0.013
    2183  32768  3.7619261  1.114e-01  1.242e-01    0.013
    2184  32768  3.7619261  1.114e-01  1.241e-01    0.013
    2185  32768  3.7619261  1.114e-01  1.240e-01    0.013
    2186  32768  3.7619261  1.114e-01  1.238e-01    0.013
    2187  32768  3.7619261  1.114e-01  1.237e-01    0.013
    2188  32768  3.7619261  1.114e-01  1.236e-01    0.013
    2189  32768  3.7619261  1.114e-01  1.235e-01    0.013
    2190  32768  3.7619261  1.114e-01  1.234e-01    0.013
    2191  32768  3.7619261  1.114e-01  1.232e-01    0.013
    2192  32768  3.7619261  1.114e-01  1.231e-01    0.013
    2193  32768  3.7619261  1.114e-01  1.230e-01    0.013
    2194  32768  3.7619261  1.114e-01  1.229e-01    0.013
    2195  32768  3.7619261  1.114e-01  1.227e-01    0.013
    2196  32768  3.7619261  1.114e-01  1.226e-01    0.013
    2197  32768  3.7619261  1.114e-01  1.225e-01    0.013
    2198  32768  3.7619261  1.114e-01  1.224e-01    0.013
    2199  32768  3.7619261  1.114e-01  1.223e-01    0.013
    2200  32768  3.7619261  1.114e-01  1.221e-01    0.013
    2201  32768  3.7619261  1.114e-01  1.220e-01    0.013
    2202  32768  3.7619261  1.114e-01  1.219e-01    0.013
    2203  32768  3.7619261  1.114e-01  1.218e-01    0.013
    2204  32768  3.7619261  1.114e-01  1.216e-01    0.013
    2205  32768  3.7619261  1.114e-01  1.215e-01    0.013
    2206  32768  3.7619261  1.114e-01  1.214e-01    0.013
    2207  32768  3.7619261  1.114e-01  1.213e-01    0.013
    2208  32768  3.7619261  1.114e-01  1.212e-01    0.013
    2209  32768  3.7619261  1.114e-01  1.210e-01    0.013
    2210  32768  3.7619261  1.114e-01  1.209e-01    0.013
    2211  32768  3.7619261  1.114e-01  1.208e-01    0.013
    2212  32768  3.7619261  1.114e-01  1.207e-01    0.013
    2213  32768  3.7619261  1.114e-01  1.206e-01    0.013
    2214  32768  3.7619261  1.114e-01  1.204e-01    0.013
    2215  32768  3.7619261  1.114e-01  1.203e-01    0.013
    2216  32768  3.7619261  1.114e-01  1.202e-01    0.013
    2217  32768  3.7619261  1.114e-01  1.201e-01    0.013
    2218  32768  3.7619261  1.114e-01  1.200e-01    0.013
    2219  32768  3.7619261  1.114e-01  1.198e-01    0.013
    2220  32768  3.7619261  1.114e-01  1.197e-01    0.013
    2221  32768  3.7619261  1.114e-01  1.196e-01    0.013
    2222  32768  3.7619261  1.114e-01  1.195e-01    0.013
    2223  32768  3.7619261  1.114e-01  1.194e-01    0.013
    2224  32768  3.7619261  1.114e-01  1.192e-01    0.013
    2225  32768  3.7619261  1.114e-01  1.191e-01    0.013
    2226  32768  3.7619261  1.114e-01  1.190e-01    0.013
    2227  32768  3.7619261  1.114e-01  1.189e-01    0.013
    2228  32768  3.7619261  1.114e-01  1.188e-01    0.013
    2229  32768  3.7619261  1.114e-01  1.186e-01    0.013
    2230  32768  3.7619261  1.114e-01  1.185e-01    0.013
    2231  32768  3.7619261  1.114e-01  1.184e-01    0.013
    2232  32768  3.7619261  1.114e-01  1.183e-01    0.013
    2233  32768  3.7619261  1.114e-01  1.182e-01    0.013
    2234  32768  3.7619261  1.114e-01  1.180e-01    0.013
    2235  32768  3.7619261  1.114e-01  1.179e-01    0.013
    2236  32768  3.7619261  1.114e-01  1.178e-01    0.013
    2237  32768  3.7619261  1.114e-01  1.177e-01    0.013
    2238  32768  3.7619261  1.114e-01  1.176e-01    0.013
    2239  32768  3.7619261  1.114e-01  1.175e-01    0.013
    2240  32768  3.7619261  1.114e-01  1.173e-01    0.013
    2241  32768  3.7619261  1.114e-01  1.172e-01    0.013
    2242  32768  3.7619261  1.114e-01  1.171e-01    0.013
    2243  32768  3.7619261  1.114e-01  1.170e-01    0.013
    2244  32768  3.7619261  1.114e-01  1.169e-01    0.013
    2245  32768  3.7619261  1.114e-01  1.168e-01    0.013
    2246  32768  3.7619261  1.114e-01  1.166e-01    0.013
    2247  32768  3.7619261  1.114e-01  1.165e-01    0.013
    2248  32768  3.7619261  1.114e-01  1.164e-01    0.013
    2249  32768  3.7619261  1.114e-01  1.163e-01    0.013
    2250  32768  3.7619261  1.114e-01  1.162e-01    0.013
    2251  32768  3.7619261  1.114e-01  1.161e-01    0.013
    2252  32768  3.7619261  1.114e-01  1.159e-01    0.013
    2253  32768  3.7619261  1.114e-01  1.158e-01    0.013
    2254  32768  3.7619261  1.114e-01  1.157e-01    0.013
    2255  32768  3.7619261  1.114e-01  1.156e-01    0.013
    2256  32768  3.7619261  1.114e-01  1.155e-01    0.013
    2257  32768  3.7619261  1.114e-01  1.154e-01    0.013
    2258  32768  3.7619261  1.114e-01  1.152e-01    0.013
    2259  32768  3.7619261  1.114e-01  1.151e-01    0.013
    2260  32768  3.7619261  1.114e-01  1.150e-01    0.013
    2261  32768  3.7619261  1.114e-01  1.149e-01    0.013
    2262  32768  3.7619261  1.114e-01  1.148e-01    0.013
    2263  32768  3.7619261  1.114e-01  1.147e-01    0.013
    2264  32768  3.7619261  1.114e-01  1.146e-01    0.013
    2265  32768  3.7619261  1.114e-01  1.144e-01    0.013
    2266  32768  3.7619261  1.114e-01  1.143e-01    0.013
    2267  32768  3.7619261  1.114e-01  1.142e-01    0.013
    2268  32768  3.7619261  1.114e-01  1.141e-01    0.013
    2269  32768  3.7619261  1.114e-01  1.140e-01    0.013
    2270  32768  3.7619261  1.114e-01  1.139e-01    0.013
    2271  32768  3.7619261  1.114e-01  1.138e-01    0.013
    2272  32768  3.7619261  1.114e-01  1.136e-01    0.013
    2273  32768  3.7619261  1.114e-01  1.135e-01    0.013
    2274  32768  3.7619261  1.114e-01  1.134e-01    0.013
    2275  32768  3.7619261  1.114e-01  1.133e-01    0.013
    2276  32768  3.7619261  1.114e-01  1.132e-01    0.013
    2277  32768  3.7619261  1.114e-01  1.131e-01    0.013
    2278  32768  3.7619261  1.114e-01  1.130e-01    0.013
    2279  32768  3.7619261  1.114e-01  1.129e-01    0.013
    2280  32768  3.7619261  1.114e-01  1.127e-01    0.013
    2281  32768  3.7619261  1.114e-01  1.126e-01    0.013
    2282  32768  3.7619261  1.114e-01  1.125e-01    0.013
    2283  32768  3.7619261  1.114e-01  1.124e-01    0.013
    2284  32768  3.7619261  1.114e-01  1.123e-01    0.013
    2285  32768  3.7619261  1.114e-01  1.122e-01    0.013
    2286  32768  3.7619261  1.114e-01  1.121e-01    0.013
    2287  32768  3.7619261  1.114e-01  1.120e-01    0.013
    2288  32768  3.7619261  1.114e-01  1.118e-01    0.013
    2289  32768  3.7619261  1.114e-01  1.117e-01    0.013
    2290  32768  3.7619261  1.114e-01  1.116e-01    0.013
    2291  32768  3.7619261  1.114e-01  1.115e-01    0.013
    2292  57344  3.6118144  8.815e-02  1.114e-01    0.024
    2293  57344  3.6118144  8.815e-02  1.113e-01    0.024
    2294  57344  3.6118144  8.815e-02  1.112e-01    0.024
    2295  57344  3.6118144  8.815e-02  1.111e-01    0.024
    2296  57344  3.6118144  8.815e-02  1.110e-01    0.024
    2297  57344  3.6118144  8.815e-02  1.108e-01    0.024
    2298  57344  3.6118144  8.815e-02  1.107e-01    0.024
    2299  57344  3.6118144  8.815e-02  1.106e-01    0.024
    2300  57344  3.6118144  8.815e-02  1.105e-01    0.024
    2301  57344  3.6118144  8.815e-02  1.104e-01    0.024
    2302  57344  3.6118144  8.815e-02  1.103e-01    0.024
    2303  57344  3.6118144  8.815e-02  1.102e-01    0.024
    2304  57344  3.6118144  8.815e-02  1.101e-01    0.024
    2305  57344  3.6118144  8.815e-02  1.100e-01    0.024
    2306  57344  3.6118144  8.815e-02  1.099e-01    0.024
    2307  57344  3.6118144  8.815e-02  1.097e-01    0.024
    2308  57344  3.6118144  8.815e-02  1.096e-01    0.024
    2309  57344  3.6118144  8.815e-02  1.095e-01    0.024
    2310  57344  3.6118144  8.815e-02  1.094e-01    0.024
    2311  57344  3.6118144  8.815e-02  1.093e-01    0.024
    2312  57344  3.6118144  8.815e-02  1.092e-01    0.024
    2313  57344  3.6118144  8.815e-02  1.091e-01    0.024
    2314  57344  3.6118144  8.815e-02  1.090e-01    0.024
    2315  57344  3.6118144  8.815e-02  1.089e-01    0.024
    2316  57344  3.6118144  8.815e-02  1.088e-01    0.024
    2317  57344  3.6118144  8.815e-02  1.086e-01    0.024
    2318  57344  3.6118144  8.815e-02  1.085e-01    0.024
    2319  57344  3.6118144  8.815e-02  1.084e-01    0.024
    2320  57344  3.6118144  8.815e-02  1.083e-01    0.024
    2321  57344  3.6118144  8.815e-02  1.082e-01    0.024
    2322  57344  3.6118144  8.815e-02  1.081e-01    0.024
    2323  57344  3.6118144  8.815e-02  1.080e-01    0.024
    2324  57344  3.6118144  8.815e-02  1.079e-01    0.024
    2325  57344  3.6118144  8.815e-02  1.078e-01    0.024
    2326  57344  3.6118144  8.815e-02  1.077e-01    0.024
    2327  57344  3.6118144  8.815e-02  1.076e-01    0.024
    2328  57344  3.6118144  8.815e-02  1.075e-01    0.024
    2329  57344  3.6118144  8.815e-02  1.074e-01    0.024
    2330  57344  3.6118144  8.815e-02  1.072e-01    0.024
    2331  57344  3.6118144  8.815e-02  1.071e-01    0.024
    2332  57344  3.6118144  8.815e-02  1.070e-01    0.024
    2333  57344  3.6118144  8.815e-02  1.069e-01    0.024
    2334  57344  3.6118144  8.815e-02  1.068e-01    0.024
    2335  57344  3.6118144  8.815e-02  1.067e-01    0.024
    2336  57344  3.6118144  8.815e-02  1.066e-01    0.024
    2337  57344  3.6118144  8.815e-02  1.065e-01    0.024
    2338  57344  3.6118144  8.815e-02  1.064e-01    0.024
    2339  57344  3.6118144  8.815e-02  1.063e-01    0.024
    2340  57344  3.6118144  8.815e-02  1.062e-01    0.024
    2341  57344  3.6118144  8.815e-02  1.061e-01    0.024
    2342  57344  3.6118144  8.815e-02  1.060e-01    0.024
    2343  57344  3.6118144  8.815e-02  1.059e-01    0.024
    2344  57344  3.6118144  8.815e-02  1.058e-01    0.024
    2345  57344  3.6118144  8.815e-02  1.057e-01    0.024
    2346  57344  3.6118144  8.815e-02  1.055e-01    0.024
    2347  57344  3.6118144  8.815e-02  1.054e-01    0.024
    2348  57344  3.6118144  8.815e-02  1.053e-01    0.024
    2349  57344  3.6118144  8.815e-02  1.052e-01    0.024
    2350  57344  3.6118144  8.815e-02  1.051e-01    0.024
    2351  57344  3.6118144  8.815e-02  1.050e-01    0.024
    2352  57344  3.6118144  8.815e-02  1.049e-01    0.024
    2353  57344  3.6118144  8.815e-02  1.048e-01    0.024
    2354  57344  3.6118144  8.815e-02  1.047e-01    0.024
    2355  57344  3.6118144  8.815e-02  1.046e-01    0.024
    2356  57344  3.6118144  8.815e-02  1.045e-01    0.024
    2357  57344  3.6118144  8.815e-02  1.044e-01    0.024
    2358  57344  3.6118144  8.815e-02  1.043e-01    0.024
    2359  57344  3.6118144  8.815e-02  1.042e-01    0.024
    2360  57344  3.6118144  8.815e-02  1.041e-01    0.024
    2361  57344  3.6118144  8.815e-02  1.040e-01    0.024
    2362  57344  3.6118144  8.815e-02  1.039e-01    0.024
    2363  57344  3.6118144  8.815e-02  1.038e-01    0.024
    2364  57344  3.6118144  8.815e-02  1.037e-01    0.024
    2365  57344  3.6118144  8.815e-02  1.036e-01    0.024
    2366  57344  3.6118144  8.815e-02  1.035e-01    0.024
    2367  57344  3.6118144  8.815e-02  1.034e-01    0.024
    2368  57344  3.6118144  8.815e-02  1.033e-01    0.024
    2369  57344  3.6118144  8.815e-02  1.031e-01    0.024
    2370  57344  3.6118144  8.815e-02  1.030e-01    0.024
    2371  57344  3.6118144  8.815e-02  1.029e-01    0.024
    2372  57344  3.6118144  8.815e-02  1.028e-01    0.024
    2373  57344  3.6118144  8.815e-02  1.027e-01    0.024
    2374  57344  3.6118144  8.815e-02  1.026e-01    0.024
    2375  57344  3.6118144  8.815e-02  1.025e-01    0.024
    2376  57344  3.6118144  8.815e-02  1.024e-01    0.024
    2377  57344  3.6118144  8.815e-02  1.023e-01    0.024
    2378  57344  3.6118144  8.815e-02  1.022e-01    0.024
    2379  57344  3.6118144  8.815e-02  1.021e-01    0.024
    2380  57344  3.6118144  8.815e-02  1.020e-01    0.024
    2381  57344  3.6118144  8.815e-02  1.019e-01    0.024
    2382  57344  3.6118144  8.815e-02  1.018e-01    0.024
    2383  57344  3.6118144  8.815e-02  1.017e-01    0.024
    2384  57344  3.6118144  8.815e-02  1.016e-01    0.024
    2385  57344  3.6118144  8.815e-02  1.015e-01    0.024
    2386  57344  3.6118144  8.815e-02  1.014e-01    0.024
    2387  57344  3.6118144  8.815e-02  1.013e-01    0.024
    2388  57344  3.6118144  8.815e-02  1.012e-01    0.024
    2389  57344  3.6118144  8.815e-02  1.011e-01    0.024
    2390  57344  3.6118144  8.815e-02  1.010e-01    0.024
    2391  57344  3.6118144  8.815e-02  1.009e-01    0.024
    2392  57344  3.6118144  8.815e-02  1.008e-01    0.024
    2393  57344  3.6118144  8.815e-02  1.007e-01    0.024
    2394  57344  3.6118144  8.815e-02  1.006e-01    0.024
    2395  57344  3.6118144  8.815e-02  1.005e-01    0.024
    2396  57344  3.6118144  8.815e-02  1.004e-01    0.024
    2397  57344  3.6118144  8.815e-02  1.003e-01    0.024
    2398  57344  3.6118144  8.815e-02  1.002e-01    0.024
    2399  57344  3.6118144  8.815e-02  1.001e-01    0.024
    2400  57344  3.6118144  8.815e-02  1.000e-01    0.024

  fresh_iteration_log:
    iter      n   solution  err_bound        tol  time(s)
       1  24576  3.7819129  1.425e-01  3.315e-01    0.008
       2  24576  3.7819129  1.425e-01  3.312e-01    0.008
       3  24576  3.7819129  1.425e-01  3.308e-01    0.008
       4  24576  3.7819129  1.425e-01  3.305e-01    0.008
       5  24576  3.7819129  1.425e-01  3.302e-01    0.008
       6  24576  3.7819129  1.425e-01  3.298e-01    0.008
       7  24576  3.7819129  1.425e-01  3.295e-01    0.008
       8  24576  3.7819129  1.425e-01  3.292e-01    0.008
       9  24576  3.7819129  1.425e-01  3.288e-01    0.008
      10  24576  3.7819129  1.425e-01  3.285e-01    0.008
      11  24576  3.7819129  1.425e-01  3.282e-01    0.008
      12  24576  3.7819129  1.425e-01  3.279e-01    0.008
      13  24576  3.7819129  1.425e-01  3.275e-01    0.008
      14  24576  3.7819129  1.425e-01  3.272e-01    0.008
      15  24576  3.7819129  1.425e-01  3.269e-01    0.008
      16  24576  3.7819129  1.425e-01  3.265e-01    0.008
      17  24576  3.7819129  1.425e-01  3.262e-01    0.008
      18  24576  3.7819129  1.425e-01  3.259e-01    0.008
      19  24576  3.7819129  1.425e-01  3.256e-01    0.008
      20  24576  3.7819129  1.425e-01  3.252e-01    0.008
      21  24576  3.7819129  1.425e-01  3.249e-01    0.008
      22  24576  3.7819129  1.425e-01  3.246e-01    0.008
      23  24576  3.7819129  1.425e-01  3.243e-01    0.008
      24  24576  3.7819129  1.425e-01  3.239e-01    0.008
      25  24576  3.7819129  1.425e-01  3.236e-01    0.008
      26  24576  3.7819129  1.425e-01  3.233e-01    0.008
      27  24576  3.7819129  1.425e-01  3.230e-01    0.008
      28  24576  3.7819129  1.425e-01  3.227e-01    0.008
      29  24576  3.7819129  1.425e-01  3.223e-01    0.008
      30  24576  3.7819129  1.425e-01  3.220e-01    0.008
      31  24576  3.7819129  1.425e-01  3.217e-01    0.008
      32  24576  3.7819129  1.425e-01  3.214e-01    0.008
      33  24576  3.7819129  1.425e-01  3.210e-01    0.008
      34  24576  3.7819129  1.425e-01  3.207e-01    0.008
      35  24576  3.7819129  1.425e-01  3.204e-01    0.008
      36  24576  3.7819129  1.425e-01  3.201e-01    0.008
      37  24576  3.7819129  1.425e-01  3.198e-01    0.008
      38  24576  3.7819129  1.425e-01  3.194e-01    0.008
      39  24576  3.7819129  1.425e-01  3.191e-01    0.008
      40  24576  3.7819129  1.425e-01  3.188e-01    0.008
      41  24576  3.7819129  1.425e-01  3.185e-01    0.008
      42  24576  3.7819129  1.425e-01  3.182e-01    0.008
      43  24576  3.7819129  1.425e-01  3.179e-01    0.008
      44  24576  3.7819129  1.425e-01  3.175e-01    0.008
      45  24576  3.7819129  1.425e-01  3.172e-01    0.008
      46  24576  3.7819129  1.425e-01  3.169e-01    0.008
      47  24576  3.7819129  1.425e-01  3.166e-01    0.008
      48  24576  3.7819129  1.425e-01  3.163e-01    0.008
      49  24576  3.7819129  1.425e-01  3.160e-01    0.008
      50  24576  3.7819129  1.425e-01  3.156e-01    0.008
      51  24576  3.7819129  1.425e-01  3.153e-01    0.008
      52  24576  3.7819129  1.425e-01  3.150e-01    0.008
      53  24576  3.7819129  1.425e-01  3.147e-01    0.008
      54  24576  3.7819129  1.425e-01  3.144e-01    0.008
      55  24576  3.7819129  1.425e-01  3.141e-01    0.008
      56  24576  3.7819129  1.425e-01  3.138e-01    0.008
      57  24576  3.7819129  1.425e-01  3.134e-01    0.008
      58  24576  3.7819129  1.425e-01  3.131e-01    0.008
      59  24576  3.7819129  1.425e-01  3.128e-01    0.008
      60  24576  3.7819129  1.425e-01  3.125e-01    0.008
      61  24576  3.7819129  1.425e-01  3.122e-01    0.008
      62  24576  3.7819129  1.425e-01  3.119e-01    0.008
      63  24576  3.7819129  1.425e-01  3.116e-01    0.008
      64  24576  3.7819129  1.425e-01  3.113e-01    0.008
      65  24576  3.7819129  1.425e-01  3.109e-01    0.008
      66  24576  3.7819129  1.425e-01  3.106e-01    0.008
      67  24576  3.7819129  1.425e-01  3.103e-01    0.008
      68  24576  3.7819129  1.425e-01  3.100e-01    0.008
      69  24576  3.7819129  1.425e-01  3.097e-01    0.008
      70  24576  3.7819129  1.425e-01  3.094e-01    0.008
      71  24576  3.7819129  1.425e-01  3.091e-01    0.008
      72  24576  3.7819129  1.425e-01  3.088e-01    0.008
      73  24576  3.7819129  1.425e-01  3.085e-01    0.008
      74  24576  3.7819129  1.425e-01  3.082e-01    0.008
      75  24576  3.7819129  1.425e-01  3.078e-01    0.008
      76  24576  3.7819129  1.425e-01  3.075e-01    0.008
      77  24576  3.7819129  1.425e-01  3.072e-01    0.008
      78  24576  3.7819129  1.425e-01  3.069e-01    0.008
      79  24576  3.7819129  1.425e-01  3.066e-01    0.008
      80  24576  3.7819129  1.425e-01  3.063e-01    0.008
      81  24576  3.7819129  1.425e-01  3.060e-01    0.008
      82  24576  3.7819129  1.425e-01  3.057e-01    0.008
      83  24576  3.7819129  1.425e-01  3.054e-01    0.008
      84  24576  3.7819129  1.425e-01  3.051e-01    0.008
      85  24576  3.7819129  1.425e-01  3.048e-01    0.008
      86  24576  3.7819129  1.425e-01  3.045e-01    0.008
      87  24576  3.7819129  1.425e-01  3.042e-01    0.008
      88  24576  3.7819129  1.425e-01  3.039e-01    0.008
      89  24576  3.7819129  1.425e-01  3.036e-01    0.008
      90  24576  3.7819129  1.425e-01  3.033e-01    0.008
      91  24576  3.7819129  1.425e-01  3.030e-01    0.008
      92  24576  3.7819129  1.425e-01  3.027e-01    0.008
      93  24576  3.7819129  1.425e-01  3.024e-01    0.008
      94  24576  3.7819129  1.425e-01  3.021e-01    0.008
      95  24576  3.7819129  1.425e-01  3.018e-01    0.008
      96  24576  3.7819129  1.425e-01  3.015e-01    0.008
      97  24576  3.7819129  1.425e-01  3.012e-01    0.008
      98  24576  3.7819129  1.425e-01  3.009e-01    0.008
      99  24576  3.7819129  1.425e-01  3.006e-01    0.008
     100  24576  3.7819129  1.425e-01  3.003e-01    0.008
     101  24576  3.7819129  1.425e-01  3.000e-01    0.008
     102  24576  3.7819129  1.425e-01  2.997e-01    0.008
     103  24576  3.7819129  1.425e-01  2.994e-01    0.008
     104  24576  3.7819129  1.425e-01  2.991e-01    0.008
     105  24576  3.7819129  1.425e-01  2.988e-01    0.008
     106  24576  3.7819129  1.425e-01  2.985e-01    0.008
     107  24576  3.7819129  1.425e-01  2.982e-01    0.008
     108  24576  3.7819129  1.425e-01  2.979e-01    0.008
     109  24576  3.7819129  1.425e-01  2.976e-01    0.008
     110  24576  3.7819129  1.425e-01  2.973e-01    0.008
     111  24576  3.7819129  1.425e-01  2.970e-01    0.008
     112  24576  3.7819129  1.425e-01  2.967e-01    0.008
     113  24576  3.7819129  1.425e-01  2.964e-01    0.008
     114  24576  3.7819129  1.425e-01  2.961e-01    0.008
     115  24576  3.7819129  1.425e-01  2.958e-01    0.008
     116  24576  3.7819129  1.425e-01  2.955e-01    0.008
     117  24576  3.7819129  1.425e-01  2.952e-01    0.008
     118  24576  3.7819129  1.425e-01  2.949e-01    0.008
     119  24576  3.7819129  1.425e-01  2.946e-01    0.008
     120  24576  3.7819129  1.425e-01  2.943e-01    0.008
     121  24576  3.7819129  1.425e-01  2.940e-01    0.008
     122  24576  3.7819129  1.425e-01  2.937e-01    0.008
     123  24576  3.7819129  1.425e-01  2.934e-01    0.008
     124  24576  3.7819129  1.425e-01  2.931e-01    0.008
     125  24576  3.7819129  1.425e-01  2.928e-01    0.008
     126  24576  3.7819129  1.425e-01  2.925e-01    0.008
     127  24576  3.7819129  1.425e-01  2.923e-01    0.008
     128  24576  3.7819129  1.425e-01  2.920e-01    0.008
     129  24576  3.7819129  1.425e-01  2.917e-01    0.008
     130  24576  3.7819129  1.425e-01  2.914e-01    0.008
     131  24576  3.7819129  1.425e-01  2.911e-01    0.008
     132  24576  3.7819129  1.425e-01  2.908e-01    0.008
     133  24576  3.7819129  1.425e-01  2.905e-01    0.008
     134  24576  3.7819129  1.425e-01  2.902e-01    0.008
     135  24576  3.7819129  1.425e-01  2.899e-01    0.008
     136  24576  3.7819129  1.425e-01  2.896e-01    0.008
     137  24576  3.7819129  1.425e-01  2.894e-01    0.008
     138  24576  3.7819129  1.425e-01  2.891e-01    0.008
     139  24576  3.7819129  1.425e-01  2.888e-01    0.008
     140  24576  3.7819129  1.425e-01  2.885e-01    0.008
     141  24576  3.7819129  1.425e-01  2.882e-01    0.008
     142  24576  3.7819129  1.425e-01  2.879e-01    0.008
     143  24576  3.7819129  1.425e-01  2.876e-01    0.008
     144  24576  3.7819129  1.425e-01  2.873e-01    0.008
     145  24576  3.7819129  1.425e-01  2.870e-01    0.008
     146  24576  3.7819129  1.425e-01  2.868e-01    0.008
     147  24576  3.7819129  1.425e-01  2.865e-01    0.008
     148  24576  3.7819129  1.425e-01  2.862e-01    0.008
     149  24576  3.7819129  1.425e-01  2.859e-01    0.008
     150  24576  3.7819129  1.425e-01  2.856e-01    0.008
     151  24576  3.7819129  1.425e-01  2.853e-01    0.008
     152  24576  3.7819129  1.425e-01  2.850e-01    0.008
     153  24576  3.7819129  1.425e-01  2.848e-01    0.008
     154  24576  3.7819129  1.425e-01  2.845e-01    0.008
     155  24576  3.7819129  1.425e-01  2.842e-01    0.008
     156  24576  3.7819129  1.425e-01  2.839e-01    0.008
     157  24576  3.7819129  1.425e-01  2.836e-01    0.008
     158  24576  3.7819129  1.425e-01  2.833e-01    0.008
     159  24576  3.7819129  1.425e-01  2.831e-01    0.008
     160  24576  3.7819129  1.425e-01  2.828e-01    0.008
     161  24576  3.7819129  1.425e-01  2.825e-01    0.008
     162  24576  3.7819129  1.425e-01  2.822e-01    0.008
     163  24576  3.7819129  1.425e-01  2.819e-01    0.008
     164  24576  3.7819129  1.425e-01  2.816e-01    0.008
     165  24576  3.7819129  1.425e-01  2.814e-01    0.008
     166  24576  3.7819129  1.425e-01  2.811e-01    0.008
     167  24576  3.7819129  1.425e-01  2.808e-01    0.008
     168  24576  3.7819129  1.425e-01  2.805e-01    0.008
     169  24576  3.7819129  1.425e-01  2.802e-01    0.008
     170  24576  3.7819129  1.425e-01  2.800e-01    0.008
     171  24576  3.7819129  1.425e-01  2.797e-01    0.008
     172  24576  3.7819129  1.425e-01  2.794e-01    0.008
     173  24576  3.7819129  1.425e-01  2.791e-01    0.008
     174  24576  3.7819129  1.425e-01  2.788e-01    0.008
     175  24576  3.7819129  1.425e-01  2.786e-01    0.008
     176  24576  3.7819129  1.425e-01  2.783e-01    0.008
     177  24576  3.7819129  1.425e-01  2.780e-01    0.008
     178  24576  3.7819129  1.425e-01  2.777e-01    0.008
     179  24576  3.7819129  1.425e-01  2.775e-01    0.008
     180  24576  3.7819129  1.425e-01  2.772e-01    0.008
     181  24576  3.7819129  1.425e-01  2.769e-01    0.008
     182  24576  3.7819129  1.425e-01  2.766e-01    0.008
     183  24576  3.7819129  1.425e-01  2.763e-01    0.008
     184  24576  3.7819129  1.425e-01  2.761e-01    0.008
     185  24576  3.7819129  1.425e-01  2.758e-01    0.008
     186  24576  3.7819129  1.425e-01  2.755e-01    0.008
     187  24576  3.7819129  1.425e-01  2.752e-01    0.008
     188  24576  3.7819129  1.425e-01  2.750e-01    0.008
     189  24576  3.7819129  1.425e-01  2.747e-01    0.008
     190  24576  3.7819129  1.425e-01  2.744e-01    0.008
     191  24576  3.7819129  1.425e-01  2.741e-01    0.008
     192  24576  3.7819129  1.425e-01  2.739e-01    0.008
     193  24576  3.7819129  1.425e-01  2.736e-01    0.008
     194  24576  3.7819129  1.425e-01  2.733e-01    0.008
     195  24576  3.7819129  1.425e-01  2.731e-01    0.008
     196  24576  3.7819129  1.425e-01  2.728e-01    0.008
     197  24576  3.7819129  1.425e-01  2.725e-01    0.008
     198  24576  3.7819129  1.425e-01  2.722e-01    0.008
     199  24576  3.7819129  1.425e-01  2.720e-01    0.008
     200  24576  3.7819129  1.425e-01  2.717e-01    0.008
     201  24576  3.7819129  1.425e-01  2.714e-01    0.008
     202  24576  3.7819129  1.425e-01  2.711e-01    0.008
     203  24576  3.7819129  1.425e-01  2.709e-01    0.008
     204  24576  3.7819129  1.425e-01  2.706e-01    0.008
     205  24576  3.7819129  1.425e-01  2.703e-01    0.008
     206  24576  3.7819129  1.425e-01  2.701e-01    0.008
     207  24576  3.7819129  1.425e-01  2.698e-01    0.008
     208  24576  3.7819129  1.425e-01  2.695e-01    0.008
     209  24576  3.7819129  1.425e-01  2.693e-01    0.008
     210  24576  3.7819129  1.425e-01  2.690e-01    0.008
     211  24576  3.7819129  1.425e-01  2.687e-01    0.008
     212  24576  3.7819129  1.425e-01  2.685e-01    0.008
     213  24576  3.7819129  1.425e-01  2.682e-01    0.008
     214  24576  3.7819129  1.425e-01  2.679e-01    0.008
     215  24576  3.7819129  1.425e-01  2.676e-01    0.008
     216  24576  3.7819129  1.425e-01  2.674e-01    0.008
     217  24576  3.7819129  1.425e-01  2.671e-01    0.008
     218  24576  3.7819129  1.425e-01  2.668e-01    0.008
     219  24576  3.7819129  1.425e-01  2.666e-01    0.008
     220  24576  3.7819129  1.425e-01  2.663e-01    0.008
     221  24576  3.7819129  1.425e-01  2.660e-01    0.008
     222  24576  3.7819129  1.425e-01  2.658e-01    0.008
     223  24576  3.7819129  1.425e-01  2.655e-01    0.008
     224  24576  3.7819129  1.425e-01  2.653e-01    0.008
     225  24576  3.7819129  1.425e-01  2.650e-01    0.008
     226  24576  3.7819129  1.425e-01  2.647e-01    0.008
     227  24576  3.7819129  1.425e-01  2.645e-01    0.008
     228  24576  3.7819129  1.425e-01  2.642e-01    0.008
     229  24576  3.7819129  1.425e-01  2.639e-01    0.008
     230  24576  3.7819129  1.425e-01  2.637e-01    0.008
     231  24576  3.7819129  1.425e-01  2.634e-01    0.008
     232  24576  3.7819129  1.425e-01  2.631e-01    0.008
     233  24576  3.7819129  1.425e-01  2.629e-01    0.008
     234  24576  3.7819129  1.425e-01  2.626e-01    0.008
     235  24576  3.7819129  1.425e-01  2.624e-01    0.008
     236  24576  3.7819129  1.425e-01  2.621e-01    0.008
     237  24576  3.7819129  1.425e-01  2.618e-01    0.008
     238  24576  3.7819129  1.425e-01  2.616e-01    0.008
     239  24576  3.7819129  1.425e-01  2.613e-01    0.008
     240  24576  3.7819129  1.425e-01  2.610e-01    0.008
     241  24576  3.7819129  1.425e-01  2.608e-01    0.008
     242  24576  3.7819129  1.425e-01  2.605e-01    0.008
     243  24576  3.7819129  1.425e-01  2.603e-01    0.008
     244  24576  3.7819129  1.425e-01  2.600e-01    0.008
     245  24576  3.7819129  1.425e-01  2.597e-01    0.008
     246  24576  3.7819129  1.425e-01  2.595e-01    0.008
     247  24576  3.7819129  1.425e-01  2.592e-01    0.008
     248  24576  3.7819129  1.425e-01  2.590e-01    0.008
     249  24576  3.7819129  1.425e-01  2.587e-01    0.008
     250  24576  3.7819129  1.425e-01  2.584e-01    0.008
     251  24576  3.7819129  1.425e-01  2.582e-01    0.008
     252  24576  3.7819129  1.425e-01  2.579e-01    0.008
     253  24576  3.7819129  1.425e-01  2.577e-01    0.008
     254  24576  3.7819129  1.425e-01  2.574e-01    0.008
     255  24576  3.7819129  1.425e-01  2.572e-01    0.008
     256  24576  3.7819129  1.425e-01  2.569e-01    0.008
     257  24576  3.7819129  1.425e-01  2.566e-01    0.008
     258  24576  3.7819129  1.425e-01  2.564e-01    0.008
     259  24576  3.7819129  1.425e-01  2.561e-01    0.008
     260  24576  3.7819129  1.425e-01  2.559e-01    0.008
     261  24576  3.7819129  1.425e-01  2.556e-01    0.008
     262  24576  3.7819129  1.425e-01  2.554e-01    0.008
     263  24576  3.7819129  1.425e-01  2.551e-01    0.008
     264  24576  3.7819129  1.425e-01  2.549e-01    0.008
     265  24576  3.7819129  1.425e-01  2.546e-01    0.008
     266  24576  3.7819129  1.425e-01  2.543e-01    0.008
     267  24576  3.7819129  1.425e-01  2.541e-01    0.008
     268  24576  3.7819129  1.425e-01  2.538e-01    0.008
     269  24576  3.7819129  1.425e-01  2.536e-01    0.008
     270  24576  3.7819129  1.425e-01  2.533e-01    0.008
     271  24576  3.7819129  1.425e-01  2.531e-01    0.008
     272  24576  3.7819129  1.425e-01  2.528e-01    0.008
     273  24576  3.7819129  1.425e-01  2.526e-01    0.008
     274  24576  3.7819129  1.425e-01  2.523e-01    0.008
     275  24576  3.7819129  1.425e-01  2.521e-01    0.008
     276  24576  3.7819129  1.425e-01  2.518e-01    0.008
     277  24576  3.7819129  1.425e-01  2.516e-01    0.008
     278  24576  3.7819129  1.425e-01  2.513e-01    0.008
     279  24576  3.7819129  1.425e-01  2.511e-01    0.008
     280  24576  3.7819129  1.425e-01  2.508e-01    0.008
     281  24576  3.7819129  1.425e-01  2.506e-01    0.008
     282  24576  3.7819129  1.425e-01  2.503e-01    0.008
     283  24576  3.7819129  1.425e-01  2.501e-01    0.008
     284  24576  3.7819129  1.425e-01  2.498e-01    0.008
     285  24576  3.7819129  1.425e-01  2.496e-01    0.008
     286  24576  3.7819129  1.425e-01  2.493e-01    0.008
     287  24576  3.7819129  1.425e-01  2.491e-01    0.008
     288  24576  3.7819129  1.425e-01  2.488e-01    0.008
     289  24576  3.7819129  1.425e-01  2.486e-01    0.008
     290  24576  3.7819129  1.425e-01  2.483e-01    0.008
     291  24576  3.7819129  1.425e-01  2.481e-01    0.008
     292  24576  3.7819129  1.425e-01  2.478e-01    0.008
     293  24576  3.7819129  1.425e-01  2.476e-01    0.008
     294  24576  3.7819129  1.425e-01  2.473e-01    0.008
     295  24576  3.7819129  1.425e-01  2.471e-01    0.008
     296  24576  3.7819129  1.425e-01  2.468e-01    0.008
     297  24576  3.7819129  1.425e-01  2.466e-01    0.008
     298  24576  3.7819129  1.425e-01  2.463e-01    0.008
     299  24576  3.7819129  1.425e-01  2.461e-01    0.008
     300  24576  3.7819129  1.425e-01  2.458e-01    0.008
     301  24576  3.7819129  1.425e-01  2.456e-01    0.008
     302  24576  3.7819129  1.425e-01  2.454e-01    0.008
     303  24576  3.7819129  1.425e-01  2.451e-01    0.008
     304  24576  3.7819129  1.425e-01  2.449e-01    0.008
     305  24576  3.7819129  1.425e-01  2.446e-01    0.008
     306  24576  3.7819129  1.425e-01  2.444e-01    0.008
     307  24576  3.7819129  1.425e-01  2.441e-01    0.008
     308  24576  3.7819129  1.425e-01  2.439e-01    0.008
     309  24576  3.7819129  1.425e-01  2.436e-01    0.008
     310  24576  3.7819129  1.425e-01  2.434e-01    0.008
     311  24576  3.7819129  1.425e-01  2.432e-01    0.008
     312  24576  3.7819129  1.425e-01  2.429e-01    0.008
     313  24576  3.7819129  1.425e-01  2.427e-01    0.008
     314  24576  3.7819129  1.425e-01  2.424e-01    0.008
     315  24576  3.7819129  1.425e-01  2.422e-01    0.008
     316  24576  3.7819129  1.425e-01  2.419e-01    0.008
     317  24576  3.7819129  1.425e-01  2.417e-01    0.008
     318  24576  3.7819129  1.425e-01  2.415e-01    0.008
     319  24576  3.7819129  1.425e-01  2.412e-01    0.008
     320  24576  3.7819129  1.425e-01  2.410e-01    0.008
     321  24576  3.7819129  1.425e-01  2.407e-01    0.008
     322  24576  3.7819129  1.425e-01  2.405e-01    0.008
     323  24576  3.7819129  1.425e-01  2.403e-01    0.008
     324  24576  3.7819129  1.425e-01  2.400e-01    0.008
     325  24576  3.7819129  1.425e-01  2.398e-01    0.008
     326  24576  3.7819129  1.425e-01  2.395e-01    0.008
     327  24576  3.7819129  1.425e-01  2.393e-01    0.008
     328  24576  3.7819129  1.425e-01  2.391e-01    0.008
     329  24576  3.7819129  1.425e-01  2.388e-01    0.008
     330  24576  3.7819129  1.425e-01  2.386e-01    0.008
     331  24576  3.7819129  1.425e-01  2.383e-01    0.008
     332  24576  3.7819129  1.425e-01  2.381e-01    0.008
     333  24576  3.7819129  1.425e-01  2.379e-01    0.008
     334  24576  3.7819129  1.425e-01  2.376e-01    0.008
     335  24576  3.7819129  1.425e-01  2.374e-01    0.008
     336  24576  3.7819129  1.425e-01  2.372e-01    0.008
     337  24576  3.7819129  1.425e-01  2.369e-01    0.008
     338  24576  3.7819129  1.425e-01  2.367e-01    0.008
     339  24576  3.7819129  1.425e-01  2.365e-01    0.008
     340  24576  3.7819129  1.425e-01  2.362e-01    0.008
     341  24576  3.7819129  1.425e-01  2.360e-01    0.008
     342  24576  3.7819129  1.425e-01  2.357e-01    0.008
     343  24576  3.7819129  1.425e-01  2.355e-01    0.008
     344  24576  3.7819129  1.425e-01  2.353e-01    0.008
     345  24576  3.7819129  1.425e-01  2.350e-01    0.008
     346  24576  3.7819129  1.425e-01  2.348e-01    0.008
     347  24576  3.7819129  1.425e-01  2.346e-01    0.008
     348  24576  3.7819129  1.425e-01  2.343e-01    0.008
     349  24576  3.7819129  1.425e-01  2.341e-01    0.008
     350  24576  3.7819129  1.425e-01  2.339e-01    0.008
     351  24576  3.7819129  1.425e-01  2.336e-01    0.008
     352  24576  3.7819129  1.425e-01  2.334e-01    0.008
     353  24576  3.7819129  1.425e-01  2.332e-01    0.008
     354  24576  3.7819129  1.425e-01  2.329e-01    0.008
     355  24576  3.7819129  1.425e-01  2.327e-01    0.008
     356  24576  3.7819129  1.425e-01  2.325e-01    0.008
     357  24576  3.7819129  1.425e-01  2.322e-01    0.008
     358  24576  3.7819129  1.425e-01  2.320e-01    0.008
     359  24576  3.7819129  1.425e-01  2.318e-01    0.008
     360  24576  3.7819129  1.425e-01  2.315e-01    0.008
     361  24576  3.7819129  1.425e-01  2.313e-01    0.008
     362  24576  3.7819129  1.425e-01  2.311e-01    0.008
     363  24576  3.7819129  1.425e-01  2.308e-01    0.008
     364  24576  3.7819129  1.425e-01  2.306e-01    0.008
     365  24576  3.7819129  1.425e-01  2.304e-01    0.009
     366  24576  3.7819129  1.425e-01  2.302e-01    0.009
     367  24576  3.7819129  1.425e-01  2.299e-01    0.009
     368  24576  3.7819129  1.425e-01  2.297e-01    0.009
     369  24576  3.7819129  1.425e-01  2.295e-01    0.009
     370  24576  3.7819129  1.425e-01  2.292e-01    0.009
     371  24576  3.7819129  1.425e-01  2.290e-01    0.009
     372  24576  3.7819129  1.425e-01  2.288e-01    0.009
     373  24576  3.7819129  1.425e-01  2.286e-01    0.009
     374  24576  3.7819129  1.425e-01  2.283e-01    0.009
     375  24576  3.7819129  1.425e-01  2.281e-01    0.009
     376  24576  3.7819129  1.425e-01  2.279e-01    0.009
     377  24576  3.7819129  1.425e-01  2.276e-01    0.009
     378  24576  3.7819129  1.425e-01  2.274e-01    0.009
     379  24576  3.7819129  1.425e-01  2.272e-01    0.009
     380  24576  3.7819129  1.425e-01  2.270e-01    0.009
     381  24576  3.7819129  1.425e-01  2.267e-01    0.009
     382  24576  3.7819129  1.425e-01  2.265e-01    0.009
     383  24576  3.7819129  1.425e-01  2.263e-01    0.009
     384  24576  3.7819129  1.425e-01  2.261e-01    0.009
     385  24576  3.7819129  1.425e-01  2.258e-01    0.009
     386  24576  3.7819129  1.425e-01  2.256e-01    0.009
     387  24576  3.7819129  1.425e-01  2.254e-01    0.009
     388  24576  3.7819129  1.425e-01  2.251e-01    0.009
     389  24576  3.7819129  1.425e-01  2.249e-01    0.009
     390  24576  3.7819129  1.425e-01  2.247e-01    0.009
     391  24576  3.7819129  1.425e-01  2.245e-01    0.009
     392  24576  3.7819129  1.425e-01  2.243e-01    0.009
     393  24576  3.7819129  1.425e-01  2.240e-01    0.009
     394  24576  3.7819129  1.425e-01  2.238e-01    0.009
     395  24576  3.7819129  1.425e-01  2.236e-01    0.009
     396  24576  3.7819129  1.425e-01  2.234e-01    0.009
     397  24576  3.7819129  1.425e-01  2.231e-01    0.009
     398  24576  3.7819129  1.425e-01  2.229e-01    0.009
     399  24576  3.7819129  1.425e-01  2.227e-01    0.009
     400  24576  3.7819129  1.425e-01  2.225e-01    0.009
     401  24576  3.7819129  1.425e-01  2.222e-01    0.009
     402  24576  3.7819129  1.425e-01  2.220e-01    0.009
     403  24576  3.7819129  1.425e-01  2.218e-01    0.009
     404  24576  3.7819129  1.425e-01  2.216e-01    0.009
     405  24576  3.7819129  1.425e-01  2.214e-01    0.009
     406  24576  3.7819129  1.425e-01  2.211e-01    0.009
     407  24576  3.7819129  1.425e-01  2.209e-01    0.009
     408  24576  3.7819129  1.425e-01  2.207e-01    0.009
     409  24576  3.7819129  1.425e-01  2.205e-01    0.009
     410  24576  3.7819129  1.425e-01  2.203e-01    0.009
     411  24576  3.7819129  1.425e-01  2.200e-01    0.009
     412  24576  3.7819129  1.425e-01  2.198e-01    0.009
     413  24576  3.7819129  1.425e-01  2.196e-01    0.009
     414  24576  3.7819129  1.425e-01  2.194e-01    0.009
     415  24576  3.7819129  1.425e-01  2.192e-01    0.009
     416  24576  3.7819129  1.425e-01  2.189e-01    0.009
     417  24576  3.7819129  1.425e-01  2.187e-01    0.009
     418  24576  3.7819129  1.425e-01  2.185e-01    0.009
     419  24576  3.7819129  1.425e-01  2.183e-01    0.009
     420  24576  3.7819129  1.425e-01  2.181e-01    0.009
     421  24576  3.7819129  1.425e-01  2.178e-01    0.009
     422  24576  3.7819129  1.425e-01  2.176e-01    0.009
     423  24576  3.7819129  1.425e-01  2.174e-01    0.009
     424  24576  3.7819129  1.425e-01  2.172e-01    0.009
     425  24576  3.7819129  1.425e-01  2.170e-01    0.009
     426  24576  3.7819129  1.425e-01  2.168e-01    0.009
     427  24576  3.7819129  1.425e-01  2.165e-01    0.009
     428  24576  3.7819129  1.425e-01  2.163e-01    0.009
     429  24576  3.7819129  1.425e-01  2.161e-01    0.009
     430  24576  3.7819129  1.425e-01  2.159e-01    0.009
     431  24576  3.7819129  1.425e-01  2.157e-01    0.009
     432  24576  3.7819129  1.425e-01  2.155e-01    0.009
     433  24576  3.7819129  1.425e-01  2.152e-01    0.009
     434  24576  3.7819129  1.425e-01  2.150e-01    0.009
     435  24576  3.7819129  1.425e-01  2.148e-01    0.009
     436  24576  3.7819129  1.425e-01  2.146e-01    0.009
     437  24576  3.7819129  1.425e-01  2.144e-01    0.009
     438  24576  3.7819129  1.425e-01  2.142e-01    0.009
     439  24576  3.7819129  1.425e-01  2.140e-01    0.009
     440  24576  3.7819129  1.425e-01  2.137e-01    0.009
     441  24576  3.7819129  1.425e-01  2.135e-01    0.009
     442  24576  3.7819129  1.425e-01  2.133e-01    0.009
     443  24576  3.7819129  1.425e-01  2.131e-01    0.009
     444  24576  3.7819129  1.425e-01  2.129e-01    0.009
     445  24576  3.7819129  1.425e-01  2.127e-01    0.009
     446  24576  3.7819129  1.425e-01  2.125e-01    0.009
     447  24576  3.7819129  1.425e-01  2.123e-01    0.009
     448  24576  3.7819129  1.425e-01  2.120e-01    0.009
     449  24576  3.7819129  1.425e-01  2.118e-01    0.009
     450  24576  3.7819129  1.425e-01  2.116e-01    0.009
     451  24576  3.7819129  1.425e-01  2.114e-01    0.009
     452  24576  3.7819129  1.425e-01  2.112e-01    0.009
     453  24576  3.7819129  1.425e-01  2.110e-01    0.009
     454  24576  3.7819129  1.425e-01  2.108e-01    0.009
     455  24576  3.7819129  1.425e-01  2.106e-01    0.009
     456  24576  3.7819129  1.425e-01  2.104e-01    0.009
     457  24576  3.7819129  1.425e-01  2.101e-01    0.009
     458  24576  3.7819129  1.425e-01  2.099e-01    0.009
     459  24576  3.7819129  1.425e-01  2.097e-01    0.009
     460  24576  3.7819129  1.425e-01  2.095e-01    0.009
     461  24576  3.7819129  1.425e-01  2.093e-01    0.009
     462  24576  3.7819129  1.425e-01  2.091e-01    0.009
     463  24576  3.7819129  1.425e-01  2.089e-01    0.009
     464  24576  3.7819129  1.425e-01  2.087e-01    0.009
     465  24576  3.7819129  1.425e-01  2.085e-01    0.009
     466  24576  3.7819129  1.425e-01  2.083e-01    0.009
     467  24576  3.7819129  1.425e-01  2.081e-01    0.009
     468  24576  3.7819129  1.425e-01  2.078e-01    0.009
     469  24576  3.7819129  1.425e-01  2.076e-01    0.009
     470  24576  3.7819129  1.425e-01  2.074e-01    0.009
     471  24576  3.7819129  1.425e-01  2.072e-01    0.009
     472  24576  3.7819129  1.425e-01  2.070e-01    0.009
     473  24576  3.7819129  1.425e-01  2.068e-01    0.009
     474  24576  3.7819129  1.425e-01  2.066e-01    0.009
     475  24576  3.7819129  1.425e-01  2.064e-01    0.009
     476  24576  3.7819129  1.425e-01  2.062e-01    0.009
     477  24576  3.7819129  1.425e-01  2.060e-01    0.009
     478  24576  3.7819129  1.425e-01  2.058e-01    0.009
     479  24576  3.7819129  1.425e-01  2.056e-01    0.009
     480  24576  3.7819129  1.425e-01  2.054e-01    0.009
     481  24576  3.7819129  1.425e-01  2.052e-01    0.009
     482  24576  3.7819129  1.425e-01  2.050e-01    0.009
     483  24576  3.7819129  1.425e-01  2.048e-01    0.009
     484  24576  3.7819129  1.425e-01  2.045e-01    0.009
     485  24576  3.7819129  1.425e-01  2.043e-01    0.009
     486  24576  3.7819129  1.425e-01  2.041e-01    0.009
     487  24576  3.7819129  1.425e-01  2.039e-01    0.009
     488  24576  3.7819129  1.425e-01  2.037e-01    0.009
     489  24576  3.7819129  1.425e-01  2.035e-01    0.009
     490  24576  3.7819129  1.425e-01  2.033e-01    0.009
     491  24576  3.7819129  1.425e-01  2.031e-01    0.009
     492  24576  3.7819129  1.425e-01  2.029e-01    0.009
     493  24576  3.7819129  1.425e-01  2.027e-01    0.009
     494  24576  3.7819129  1.425e-01  2.025e-01    0.009
     495  24576  3.7819129  1.425e-01  2.023e-01    0.009
     496  24576  3.7819129  1.425e-01  2.021e-01    0.009
     497  24576  3.7819129  1.425e-01  2.019e-01    0.009
     498  24576  3.7819129  1.425e-01  2.017e-01    0.009
     499  24576  3.7819129  1.425e-01  2.015e-01    0.009
     500  24576  3.7819129  1.425e-01  2.013e-01    0.009
     501  24576  3.7819129  1.425e-01  2.011e-01    0.009
     502  24576  3.7819129  1.425e-01  2.009e-01    0.009
     503  24576  3.7819129  1.425e-01  2.007e-01    0.009
     504  24576  3.7819129  1.425e-01  2.005e-01    0.009
     505  24576  3.7819129  1.425e-01  2.003e-01    0.009
     506  24576  3.7819129  1.425e-01  2.001e-01    0.009
     507  24576  3.7819129  1.425e-01  1.999e-01    0.009
     508  24576  3.7819129  1.425e-01  1.997e-01    0.009
     509  24576  3.7819129  1.425e-01  1.995e-01    0.009
     510  24576  3.7819129  1.425e-01  1.993e-01    0.009
     511  24576  3.7819129  1.425e-01  1.991e-01    0.009
     512  24576  3.7819129  1.425e-01  1.989e-01    0.009
     513  24576  3.7819129  1.425e-01  1.987e-01    0.009
     514  24576  3.7819129  1.425e-01  1.985e-01    0.009
     515  24576  3.7819129  1.425e-01  1.983e-01    0.009
     516  24576  3.7819129  1.425e-01  1.981e-01    0.009
     517  24576  3.7819129  1.425e-01  1.979e-01    0.009
     518  24576  3.7819129  1.425e-01  1.977e-01    0.009
     519  24576  3.7819129  1.425e-01  1.975e-01    0.009
     520  24576  3.7819129  1.425e-01  1.973e-01    0.009
     521  24576  3.7819129  1.425e-01  1.971e-01    0.009
     522  24576  3.7819129  1.425e-01  1.969e-01    0.009
     523  24576  3.7819129  1.425e-01  1.967e-01    0.009
     524  24576  3.7819129  1.425e-01  1.965e-01    0.009
     525  24576  3.7819129  1.425e-01  1.963e-01    0.009
     526  24576  3.7819129  1.425e-01  1.961e-01    0.009
     527  24576  3.7819129  1.425e-01  1.959e-01    0.009
     528  24576  3.7819129  1.425e-01  1.957e-01    0.009
     529  24576  3.7819129  1.425e-01  1.956e-01    0.009
     530  24576  3.7819129  1.425e-01  1.954e-01    0.009
     531  24576  3.7819129  1.425e-01  1.952e-01    0.009
     532  24576  3.7819129  1.425e-01  1.950e-01    0.009
     533  24576  3.7819129  1.425e-01  1.948e-01    0.009
     534  24576  3.7819129  1.425e-01  1.946e-01    0.009
     535  24576  3.7819129  1.425e-01  1.944e-01    0.009
     536  24576  3.7819129  1.425e-01  1.942e-01    0.009
     537  24576  3.7819129  1.425e-01  1.940e-01    0.009
     538  24576  3.7819129  1.425e-01  1.938e-01    0.009
     539  24576  3.7819129  1.425e-01  1.936e-01    0.009
     540  24576  3.7819129  1.425e-01  1.934e-01    0.009
     541  24576  3.7819129  1.425e-01  1.932e-01    0.009
     542  24576  3.7819129  1.425e-01  1.930e-01    0.009
     543  24576  3.7819129  1.425e-01  1.928e-01    0.009
     544  24576  3.7819129  1.425e-01  1.926e-01    0.009
     545  24576  3.7819129  1.425e-01  1.925e-01    0.009
     546  24576  3.7819129  1.425e-01  1.923e-01    0.009
     547  24576  3.7819129  1.425e-01  1.921e-01    0.009
     548  24576  3.7819129  1.425e-01  1.919e-01    0.009
     549  24576  3.7819129  1.425e-01  1.917e-01    0.009
     550  24576  3.7819129  1.425e-01  1.915e-01    0.009
     551  24576  3.7819129  1.425e-01  1.913e-01    0.009
     552  24576  3.7819129  1.425e-01  1.911e-01    0.009
     553  24576  3.7819129  1.425e-01  1.909e-01    0.009
     554  24576  3.7819129  1.425e-01  1.907e-01    0.009
     555  24576  3.7819129  1.425e-01  1.905e-01    0.009
     556  24576  3.7819129  1.425e-01  1.903e-01    0.009
     557  24576  3.7819129  1.425e-01  1.902e-01    0.009
     558  24576  3.7819129  1.425e-01  1.900e-01    0.009
     559  24576  3.7819129  1.425e-01  1.898e-01    0.009
     560  24576  3.7819129  1.425e-01  1.896e-01    0.009
     561  24576  3.7819129  1.425e-01  1.894e-01    0.009
     562  24576  3.7819129  1.425e-01  1.892e-01    0.009
     563  24576  3.7819129  1.425e-01  1.890e-01    0.009
     564  24576  3.7819129  1.425e-01  1.888e-01    0.009
     565  24576  3.7819129  1.425e-01  1.886e-01    0.009
     566  24576  3.7819129  1.425e-01  1.885e-01    0.009
     567  24576  3.7819129  1.425e-01  1.883e-01    0.009
     568  24576  3.7819129  1.425e-01  1.881e-01    0.009
     569  24576  3.7819129  1.425e-01  1.879e-01    0.009
     570  24576  3.7819129  1.425e-01  1.877e-01    0.009
     571  24576  3.7819129  1.425e-01  1.875e-01    0.009
     572  24576  3.7819129  1.425e-01  1.873e-01    0.009
     573  24576  3.7819129  1.425e-01  1.871e-01    0.009
     574  24576  3.7819129  1.425e-01  1.870e-01    0.009
     575  24576  3.7819129  1.425e-01  1.868e-01    0.009
     576  24576  3.7819129  1.425e-01  1.866e-01    0.009
     577  24576  3.7819129  1.425e-01  1.864e-01    0.009
     578  24576  3.7819129  1.425e-01  1.862e-01    0.009
     579  24576  3.7819129  1.425e-01  1.860e-01    0.009
     580  24576  3.7819129  1.425e-01  1.858e-01    0.009
     581  24576  3.7819129  1.425e-01  1.856e-01    0.009
     582  24576  3.7819129  1.425e-01  1.855e-01    0.009
     583  24576  3.7819129  1.425e-01  1.853e-01    0.009
     584  24576  3.7819129  1.425e-01  1.851e-01    0.009
     585  24576  3.7819129  1.425e-01  1.849e-01    0.009
     586  24576  3.7819129  1.425e-01  1.847e-01    0.009
     587  24576  3.7819129  1.425e-01  1.845e-01    0.009
     588  24576  3.7819129  1.425e-01  1.844e-01    0.009
     589  24576  3.7819129  1.425e-01  1.842e-01    0.009
     590  24576  3.7819129  1.425e-01  1.840e-01    0.009
     591  24576  3.7819129  1.425e-01  1.838e-01    0.009
     592  24576  3.7819129  1.425e-01  1.836e-01    0.009
     593  24576  3.7819129  1.425e-01  1.834e-01    0.009
     594  24576  3.7819129  1.425e-01  1.833e-01    0.009
     595  24576  3.7819129  1.425e-01  1.831e-01    0.009
     596  24576  3.7819129  1.425e-01  1.829e-01    0.009
     597  24576  3.7819129  1.425e-01  1.827e-01    0.009
     598  24576  3.7819129  1.425e-01  1.825e-01    0.009
     599  24576  3.7819129  1.425e-01  1.823e-01    0.009
     600  24576  3.7819129  1.425e-01  1.822e-01    0.009
     601  24576  3.7819129  1.425e-01  1.820e-01    0.009
     602  24576  3.7819129  1.425e-01  1.818e-01    0.009
     603  24576  3.7819129  1.425e-01  1.816e-01    0.009
     604  24576  3.7819129  1.425e-01  1.814e-01    0.009
     605  24576  3.7819129  1.425e-01  1.812e-01    0.009
     606  24576  3.7819129  1.425e-01  1.811e-01    0.009
     607  24576  3.7819129  1.425e-01  1.809e-01    0.009
     608  24576  3.7819129  1.425e-01  1.807e-01    0.009
     609  24576  3.7819129  1.425e-01  1.805e-01    0.009
     610  24576  3.7819129  1.425e-01  1.803e-01    0.009
     611  24576  3.7819129  1.425e-01  1.802e-01    0.009
     612  24576  3.7819129  1.425e-01  1.800e-01    0.009
     613  24576  3.7819129  1.425e-01  1.798e-01    0.009
     614  24576  3.7819129  1.425e-01  1.796e-01    0.009
     615  24576  3.7819129  1.425e-01  1.794e-01    0.009
     616  24576  3.7819129  1.425e-01  1.793e-01    0.009
     617  24576  3.7819129  1.425e-01  1.791e-01    0.009
     618  24576  3.7819129  1.425e-01  1.789e-01    0.009
     619  24576  3.7819129  1.425e-01  1.787e-01    0.009
     620  24576  3.7819129  1.425e-01  1.786e-01    0.009
     621  24576  3.7819129  1.425e-01  1.784e-01    0.009
     622  24576  3.7819129  1.425e-01  1.782e-01    0.009
     623  24576  3.7819129  1.425e-01  1.780e-01    0.009
     624  24576  3.7819129  1.425e-01  1.778e-01    0.009
     625  24576  3.7819129  1.425e-01  1.777e-01    0.009
     626  24576  3.7819129  1.425e-01  1.775e-01    0.009
     627  24576  3.7819129  1.425e-01  1.773e-01    0.009
     628  24576  3.7819129  1.425e-01  1.771e-01    0.009
     629  24576  3.7819129  1.425e-01  1.770e-01    0.009
     630  24576  3.7819129  1.425e-01  1.768e-01    0.009
     631  24576  3.7819129  1.425e-01  1.766e-01    0.009
     632  24576  3.7819129  1.425e-01  1.764e-01    0.009
     633  24576  3.7819129  1.425e-01  1.762e-01    0.009
     634  24576  3.7819129  1.425e-01  1.761e-01    0.009
     635  24576  3.7819129  1.425e-01  1.759e-01    0.009
     636  24576  3.7819129  1.425e-01  1.757e-01    0.009
     637  24576  3.7819129  1.425e-01  1.755e-01    0.009
     638  24576  3.7819129  1.425e-01  1.754e-01    0.009
     639  24576  3.7819129  1.425e-01  1.752e-01    0.009
     640  24576  3.7819129  1.425e-01  1.750e-01    0.009
     641  24576  3.7819129  1.425e-01  1.748e-01    0.009
     642  24576  3.7819129  1.425e-01  1.747e-01    0.009
     643  24576  3.7819129  1.425e-01  1.745e-01    0.009
     644  24576  3.7819129  1.425e-01  1.743e-01    0.009
     645  24576  3.7819129  1.425e-01  1.741e-01    0.009
     646  24576  3.7819129  1.425e-01  1.740e-01    0.009
     647  24576  3.7819129  1.425e-01  1.738e-01    0.009
     648  24576  3.7819129  1.425e-01  1.736e-01    0.009
     649  24576  3.7819129  1.425e-01  1.735e-01    0.009
     650  24576  3.7819129  1.425e-01  1.733e-01    0.009
     651  24576  3.7819129  1.425e-01  1.731e-01    0.009
     652  24576  3.7819129  1.425e-01  1.729e-01    0.009
     653  24576  3.7819129  1.425e-01  1.728e-01    0.009
     654  24576  3.7819129  1.425e-01  1.726e-01    0.009
     655  24576  3.7819129  1.425e-01  1.724e-01    0.009
     656  24576  3.7819129  1.425e-01  1.722e-01    0.009
     657  24576  3.7819129  1.425e-01  1.721e-01    0.009
     658  24576  3.7819129  1.425e-01  1.719e-01    0.009
     659  24576  3.7819129  1.425e-01  1.717e-01    0.009
     660  24576  3.7819129  1.425e-01  1.716e-01    0.009
     661  24576  3.7819129  1.425e-01  1.714e-01    0.009
     662  24576  3.7819129  1.425e-01  1.712e-01    0.009
     663  24576  3.7819129  1.425e-01  1.710e-01    0.009
     664  24576  3.7819129  1.425e-01  1.709e-01    0.009
     665  24576  3.7819129  1.425e-01  1.707e-01    0.009
     666  24576  3.7819129  1.425e-01  1.705e-01    0.009
     667  24576  3.7819129  1.425e-01  1.704e-01    0.009
     668  24576  3.7819129  1.425e-01  1.702e-01    0.009
     669  24576  3.7819129  1.425e-01  1.700e-01    0.009
     670  24576  3.7819129  1.425e-01  1.698e-01    0.009
     671  24576  3.7819129  1.425e-01  1.697e-01    0.009
     672  24576  3.7819129  1.425e-01  1.695e-01    0.009
     673  24576  3.7819129  1.425e-01  1.693e-01    0.009
     674  24576  3.7819129  1.425e-01  1.692e-01    0.009
     675  24576  3.7819129  1.425e-01  1.690e-01    0.009
     676  24576  3.7819129  1.425e-01  1.688e-01    0.009
     677  24576  3.7819129  1.425e-01  1.687e-01    0.009
     678  24576  3.7819129  1.425e-01  1.685e-01    0.009
     679  24576  3.7819129  1.425e-01  1.683e-01    0.009
     680  24576  3.7819129  1.425e-01  1.682e-01    0.009
     681  24576  3.7819129  1.425e-01  1.680e-01    0.009
     682  24576  3.7819129  1.425e-01  1.678e-01    0.009
     683  24576  3.7819129  1.425e-01  1.677e-01    0.009
     684  24576  3.7819129  1.425e-01  1.675e-01    0.009
     685  24576  3.7819129  1.425e-01  1.673e-01    0.009
     686  24576  3.7819129  1.425e-01  1.672e-01    0.009
     687  24576  3.7819129  1.425e-01  1.670e-01    0.009
     688  24576  3.7819129  1.425e-01  1.668e-01    0.009
     689  24576  3.7819129  1.425e-01  1.667e-01    0.009
     690  24576  3.7819129  1.425e-01  1.665e-01    0.009
     691  24576  3.7819129  1.425e-01  1.663e-01    0.009
     692  24576  3.7819129  1.425e-01  1.662e-01    0.009
     693  24576  3.7819129  1.425e-01  1.660e-01    0.009
     694  24576  3.7819129  1.425e-01  1.658e-01    0.009
     695  24576  3.7819129  1.425e-01  1.657e-01    0.009
     696  24576  3.7819129  1.425e-01  1.655e-01    0.009
     697  24576  3.7819129  1.425e-01  1.653e-01    0.009
     698  24576  3.7819129  1.425e-01  1.652e-01    0.009
     699  24576  3.7819129  1.425e-01  1.650e-01    0.009
     700  24576  3.7819129  1.425e-01  1.648e-01    0.009
     701  24576  3.7819129  1.425e-01  1.647e-01    0.009
     702  24576  3.7819129  1.425e-01  1.645e-01    0.009
     703  24576  3.7819129  1.425e-01  1.643e-01    0.009
     704  24576  3.7819129  1.425e-01  1.642e-01    0.009
     705  24576  3.7819129  1.425e-01  1.640e-01    0.009
     706  24576  3.7819129  1.425e-01  1.638e-01    0.009
     707  24576  3.7819129  1.425e-01  1.637e-01    0.009
     708  24576  3.7819129  1.425e-01  1.635e-01    0.009
     709  24576  3.7819129  1.425e-01  1.634e-01    0.009
     710  24576  3.7819129  1.425e-01  1.632e-01    0.009
     711  24576  3.7819129  1.425e-01  1.630e-01    0.009
     712  24576  3.7819129  1.425e-01  1.629e-01    0.009
     713  24576  3.7819129  1.425e-01  1.627e-01    0.009
     714  24576  3.7819129  1.425e-01  1.625e-01    0.009
     715  24576  3.7819129  1.425e-01  1.624e-01    0.009
     716  24576  3.7819129  1.425e-01  1.622e-01    0.009
     717  24576  3.7819129  1.425e-01  1.621e-01    0.009
     718  24576  3.7819129  1.425e-01  1.619e-01    0.009
     719  24576  3.7819129  1.425e-01  1.617e-01    0.009
     720  24576  3.7819129  1.425e-01  1.616e-01    0.009
     721  24576  3.7819129  1.425e-01  1.614e-01    0.009
     722  24576  3.7819129  1.425e-01  1.612e-01    0.009
     723  24576  3.7819129  1.425e-01  1.611e-01    0.009
     724  24576  3.7819129  1.425e-01  1.609e-01    0.009
     725  24576  3.7819129  1.425e-01  1.608e-01    0.009
     726  24576  3.7819129  1.425e-01  1.606e-01    0.009
     727  24576  3.7819129  1.425e-01  1.604e-01    0.009
     728  24576  3.7819129  1.425e-01  1.603e-01    0.009
     729  24576  3.7819129  1.425e-01  1.601e-01    0.009
     730  24576  3.7819129  1.425e-01  1.600e-01    0.009
     731  24576  3.7819129  1.425e-01  1.598e-01    0.009
     732  24576  3.7819129  1.425e-01  1.596e-01    0.009
     733  24576  3.7819129  1.425e-01  1.595e-01    0.009
     734  24576  3.7819129  1.425e-01  1.593e-01    0.009
     735  24576  3.7819129  1.425e-01  1.592e-01    0.009
     736  24576  3.7819129  1.425e-01  1.590e-01    0.009
     737  24576  3.7819129  1.425e-01  1.588e-01    0.009
     738  24576  3.7819129  1.425e-01  1.587e-01    0.009
     739  24576  3.7819129  1.425e-01  1.585e-01    0.009
     740  24576  3.7819129  1.425e-01  1.584e-01    0.009
     741  24576  3.7819129  1.425e-01  1.582e-01    0.009
     742  24576  3.7819129  1.425e-01  1.581e-01    0.009
     743  24576  3.7819129  1.425e-01  1.579e-01    0.009
     744  24576  3.7819129  1.425e-01  1.577e-01    0.009
     745  24576  3.7819129  1.425e-01  1.576e-01    0.009
     746  24576  3.7819129  1.425e-01  1.574e-01    0.009
     747  24576  3.7819129  1.425e-01  1.573e-01    0.009
     748  24576  3.7819129  1.425e-01  1.571e-01    0.009
     749  24576  3.7819129  1.425e-01  1.570e-01    0.009
     750  24576  3.7819129  1.425e-01  1.568e-01    0.009
     751  24576  3.7819129  1.425e-01  1.566e-01    0.009
     752  24576  3.7819129  1.425e-01  1.565e-01    0.009
     753  24576  3.7819129  1.425e-01  1.563e-01    0.009
     754  24576  3.7819129  1.425e-01  1.562e-01    0.009
     755  24576  3.7819129  1.425e-01  1.560e-01    0.009
     756  24576  3.7819129  1.425e-01  1.559e-01    0.009
     757  24576  3.7819129  1.425e-01  1.557e-01    0.009
     758  24576  3.7819129  1.425e-01  1.555e-01    0.009
     759  24576  3.7819129  1.425e-01  1.554e-01    0.009
     760  24576  3.7819129  1.425e-01  1.552e-01    0.009
     761  24576  3.7819129  1.425e-01  1.551e-01    0.009
     762  24576  3.7819129  1.425e-01  1.549e-01    0.009
     763  24576  3.7819129  1.425e-01  1.548e-01    0.009
     764  24576  3.7819129  1.425e-01  1.546e-01    0.009
     765  24576  3.7819129  1.425e-01  1.545e-01    0.009
     766  24576  3.7819129  1.425e-01  1.543e-01    0.009
     767  24576  3.7819129  1.425e-01  1.542e-01    0.009
     768  24576  3.7819129  1.425e-01  1.540e-01    0.009
     769  24576  3.7819129  1.425e-01  1.538e-01    0.009
     770  24576  3.7819129  1.425e-01  1.537e-01    0.009
     771  24576  3.7819129  1.425e-01  1.535e-01    0.009
     772  24576  3.7819129  1.425e-01  1.534e-01    0.009
     773  24576  3.7819129  1.425e-01  1.532e-01    0.009
     774  24576  3.7819129  1.425e-01  1.531e-01    0.009
     775  32768  3.7669006  1.118e-01  1.529e-01    0.010
     776  32768  3.7669006  1.118e-01  1.528e-01    0.010
     777  32768  3.7669006  1.118e-01  1.526e-01    0.010
     778  32768  3.7669006  1.118e-01  1.525e-01    0.010
     779  32768  3.7669006  1.118e-01  1.523e-01    0.010
     780  32768  3.7669006  1.118e-01  1.522e-01    0.010
     781  32768  3.7669006  1.118e-01  1.520e-01    0.010
     782  32768  3.7669006  1.118e-01  1.519e-01    0.010
     783  32768  3.7669006  1.118e-01  1.517e-01    0.010
     784  32768  3.7669006  1.118e-01  1.516e-01    0.010
     785  32768  3.7669006  1.118e-01  1.514e-01    0.010
     786  32768  3.7669006  1.118e-01  1.513e-01    0.010
     787  32768  3.7669006  1.118e-01  1.511e-01    0.010
     788  32768  3.7669006  1.118e-01  1.510e-01    0.010
     789  32768  3.7669006  1.118e-01  1.508e-01    0.010
     790  32768  3.7669006  1.118e-01  1.507e-01    0.010
     791  32768  3.7669006  1.118e-01  1.505e-01    0.010
     792  32768  3.7669006  1.118e-01  1.504e-01    0.010
     793  32768  3.7669006  1.118e-01  1.502e-01    0.010
     794  32768  3.7669006  1.118e-01  1.500e-01    0.010
     795  32768  3.7669006  1.118e-01  1.499e-01    0.010
     796  32768  3.7669006  1.118e-01  1.498e-01    0.010
     797  32768  3.7669006  1.118e-01  1.496e-01    0.010
     798  32768  3.7669006  1.118e-01  1.495e-01    0.010
     799  32768  3.7669006  1.118e-01  1.493e-01    0.010
     800  32768  3.7669006  1.118e-01  1.492e-01    0.010
     801  32768  3.7669006  1.118e-01  1.490e-01    0.010
     802  32768  3.7669006  1.118e-01  1.489e-01    0.010
     803  32768  3.7669006  1.118e-01  1.487e-01    0.010
     804  32768  3.7669006  1.118e-01  1.486e-01    0.010
     805  32768  3.7669006  1.118e-01  1.484e-01    0.010
     806  32768  3.7669006  1.118e-01  1.483e-01    0.010
     807  32768  3.7669006  1.118e-01  1.481e-01    0.010
     808  32768  3.7669006  1.118e-01  1.480e-01    0.010
     809  32768  3.7669006  1.118e-01  1.478e-01    0.010
     810  32768  3.7669006  1.118e-01  1.477e-01    0.010
     811  32768  3.7669006  1.118e-01  1.475e-01    0.010
     812  32768  3.7669006  1.118e-01  1.474e-01    0.010
     813  32768  3.7669006  1.118e-01  1.472e-01    0.010
     814  32768  3.7669006  1.118e-01  1.471e-01    0.010
     815  32768  3.7669006  1.118e-01  1.469e-01    0.010
     816  32768  3.7669006  1.118e-01  1.468e-01    0.010
     817  32768  3.7669006  1.118e-01  1.466e-01    0.010
     818  32768  3.7669006  1.118e-01  1.465e-01    0.010
     819  32768  3.7669006  1.118e-01  1.463e-01    0.010
     820  32768  3.7669006  1.118e-01  1.462e-01    0.010
     821  32768  3.7669006  1.118e-01  1.461e-01    0.010
     822  32768  3.7669006  1.118e-01  1.459e-01    0.010
     823  32768  3.7669006  1.118e-01  1.458e-01    0.010
     824  32768  3.7669006  1.118e-01  1.456e-01    0.010
     825  32768  3.7669006  1.118e-01  1.455e-01    0.010
     826  32768  3.7669006  1.118e-01  1.453e-01    0.010
     827  32768  3.7669006  1.118e-01  1.452e-01    0.010
     828  32768  3.7669006  1.118e-01  1.450e-01    0.010
     829  32768  3.7669006  1.118e-01  1.449e-01    0.010
     830  32768  3.7669006  1.118e-01  1.447e-01    0.010
     831  32768  3.7669006  1.118e-01  1.446e-01    0.010
     832  32768  3.7669006  1.118e-01  1.445e-01    0.010
     833  32768  3.7669006  1.118e-01  1.443e-01    0.010
     834  32768  3.7669006  1.118e-01  1.442e-01    0.010
     835  32768  3.7669006  1.118e-01  1.440e-01    0.010
     836  32768  3.7669006  1.118e-01  1.439e-01    0.010
     837  32768  3.7669006  1.118e-01  1.437e-01    0.010
     838  32768  3.7669006  1.118e-01  1.436e-01    0.010
     839  32768  3.7669006  1.118e-01  1.435e-01    0.010
     840  32768  3.7669006  1.118e-01  1.433e-01    0.010
     841  32768  3.7669006  1.118e-01  1.432e-01    0.010
     842  32768  3.7669006  1.118e-01  1.430e-01    0.010
     843  32768  3.7669006  1.118e-01  1.429e-01    0.010
     844  32768  3.7669006  1.118e-01  1.427e-01    0.010
     845  32768  3.7669006  1.118e-01  1.426e-01    0.010
     846  32768  3.7669006  1.118e-01  1.425e-01    0.010
     847  32768  3.7669006  1.118e-01  1.423e-01    0.010
     848  32768  3.7669006  1.118e-01  1.422e-01    0.010
     849  32768  3.7669006  1.118e-01  1.420e-01    0.010
     850  32768  3.7669006  1.118e-01  1.419e-01    0.010
     851  32768  3.7669006  1.118e-01  1.417e-01    0.010
     852  32768  3.7669006  1.118e-01  1.416e-01    0.010
     853  32768  3.7669006  1.118e-01  1.415e-01    0.010
     854  32768  3.7669006  1.118e-01  1.413e-01    0.010
     855  32768  3.7669006  1.118e-01  1.412e-01    0.010
     856  32768  3.7669006  1.118e-01  1.410e-01    0.010
     857  32768  3.7669006  1.118e-01  1.409e-01    0.010
     858  32768  3.7669006  1.118e-01  1.408e-01    0.010
     859  32768  3.7669006  1.118e-01  1.406e-01    0.010
     860  32768  3.7669006  1.118e-01  1.405e-01    0.010
     861  32768  3.7669006  1.118e-01  1.403e-01    0.010
     862  32768  3.7669006  1.118e-01  1.402e-01    0.010
     863  32768  3.7669006  1.118e-01  1.401e-01    0.010
     864  32768  3.7669006  1.118e-01  1.399e-01    0.010
     865  32768  3.7669006  1.118e-01  1.398e-01    0.010
     866  32768  3.7669006  1.118e-01  1.396e-01    0.010
     867  32768  3.7669006  1.118e-01  1.395e-01    0.010
     868  32768  3.7669006  1.118e-01  1.394e-01    0.010
     869  32768  3.7669006  1.118e-01  1.392e-01    0.010
     870  32768  3.7669006  1.118e-01  1.391e-01    0.010
     871  32768  3.7669006  1.118e-01  1.389e-01    0.010
     872  32768  3.7669006  1.118e-01  1.388e-01    0.010
     873  32768  3.7669006  1.118e-01  1.387e-01    0.010
     874  32768  3.7669006  1.118e-01  1.385e-01    0.010
     875  32768  3.7669006  1.118e-01  1.384e-01    0.010
     876  32768  3.7669006  1.118e-01  1.382e-01    0.010
     877  32768  3.7669006  1.118e-01  1.381e-01    0.010
     878  32768  3.7669006  1.118e-01  1.380e-01    0.010
     879  32768  3.7669006  1.118e-01  1.378e-01    0.010
     880  32768  3.7669006  1.118e-01  1.377e-01    0.010
     881  32768  3.7669006  1.118e-01  1.376e-01    0.010
     882  32768  3.7669006  1.118e-01  1.374e-01    0.010
     883  32768  3.7669006  1.118e-01  1.373e-01    0.010
     884  32768  3.7669006  1.118e-01  1.371e-01    0.010
     885  32768  3.7669006  1.118e-01  1.370e-01    0.010
     886  32768  3.7669006  1.118e-01  1.369e-01    0.010
     887  32768  3.7669006  1.118e-01  1.367e-01    0.010
     888  32768  3.7669006  1.118e-01  1.366e-01    0.010
     889  32768  3.7669006  1.118e-01  1.365e-01    0.010
     890  32768  3.7669006  1.118e-01  1.363e-01    0.010
     891  32768  3.7669006  1.118e-01  1.362e-01    0.010
     892  32768  3.7669006  1.118e-01  1.360e-01    0.010
     893  32768  3.7669006  1.118e-01  1.359e-01    0.010
     894  32768  3.7669006  1.118e-01  1.358e-01    0.010
     895  32768  3.7669006  1.118e-01  1.356e-01    0.010
     896  32768  3.7669006  1.118e-01  1.355e-01    0.010
     897  32768  3.7669006  1.118e-01  1.354e-01    0.010
     898  32768  3.7669006  1.118e-01  1.352e-01    0.010
     899  32768  3.7669006  1.118e-01  1.351e-01    0.010
     900  32768  3.7669006  1.118e-01  1.350e-01    0.010
     901  32768  3.7669006  1.118e-01  1.348e-01    0.010
     902  32768  3.7669006  1.118e-01  1.347e-01    0.010
     903  32768  3.7669006  1.118e-01  1.346e-01    0.010
     904  32768  3.7669006  1.118e-01  1.344e-01    0.010
     905  32768  3.7669006  1.118e-01  1.343e-01    0.010
     906  32768  3.7669006  1.118e-01  1.342e-01    0.010
     907  32768  3.7669006  1.118e-01  1.340e-01    0.010
     908  32768  3.7669006  1.118e-01  1.339e-01    0.010
     909  32768  3.7669006  1.118e-01  1.338e-01    0.010
     910  32768  3.7669006  1.118e-01  1.336e-01    0.010
     911  32768  3.7669006  1.118e-01  1.335e-01    0.010
     912  32768  3.7669006  1.118e-01  1.334e-01    0.010
     913  32768  3.7669006  1.118e-01  1.332e-01    0.010
     914  32768  3.7669006  1.118e-01  1.331e-01    0.010
     915  32768  3.7669006  1.118e-01  1.330e-01    0.010
     916  32768  3.7669006  1.118e-01  1.328e-01    0.010
     917  32768  3.7669006  1.118e-01  1.327e-01    0.010
     918  32768  3.7669006  1.118e-01  1.326e-01    0.010
     919  32768  3.7669006  1.118e-01  1.324e-01    0.010
     920  32768  3.7669006  1.118e-01  1.323e-01    0.010
     921  32768  3.7669006  1.118e-01  1.322e-01    0.010
     922  32768  3.7669006  1.118e-01  1.320e-01    0.010
     923  32768  3.7669006  1.118e-01  1.319e-01    0.010
     924  32768  3.7669006  1.118e-01  1.318e-01    0.010
     925  32768  3.7669006  1.118e-01  1.316e-01    0.010
     926  32768  3.7669006  1.118e-01  1.315e-01    0.010
     927  32768  3.7669006  1.118e-01  1.314e-01    0.010
     928  32768  3.7669006  1.118e-01  1.312e-01    0.010
     929  32768  3.7669006  1.118e-01  1.311e-01    0.010
     930  32768  3.7669006  1.118e-01  1.310e-01    0.010
     931  32768  3.7669006  1.118e-01  1.308e-01    0.010
     932  32768  3.7669006  1.118e-01  1.307e-01    0.010
     933  32768  3.7669006  1.118e-01  1.306e-01    0.010
     934  32768  3.7669006  1.118e-01  1.305e-01    0.010
     935  32768  3.7669006  1.118e-01  1.303e-01    0.010
     936  32768  3.7669006  1.118e-01  1.302e-01    0.010
     937  32768  3.7669006  1.118e-01  1.301e-01    0.010
     938  32768  3.7669006  1.118e-01  1.299e-01    0.010
     939  32768  3.7669006  1.118e-01  1.298e-01    0.010
     940  32768  3.7669006  1.118e-01  1.297e-01    0.010
     941  32768  3.7669006  1.118e-01  1.295e-01    0.010
     942  32768  3.7669006  1.118e-01  1.294e-01    0.010
     943  32768  3.7669006  1.118e-01  1.293e-01    0.010
     944  32768  3.7669006  1.118e-01  1.292e-01    0.010
     945  32768  3.7669006  1.118e-01  1.290e-01    0.010
     946  32768  3.7669006  1.118e-01  1.289e-01    0.010
     947  32768  3.7669006  1.118e-01  1.288e-01    0.010
     948  32768  3.7669006  1.118e-01  1.286e-01    0.010
     949  32768  3.7669006  1.118e-01  1.285e-01    0.010
     950  32768  3.7669006  1.118e-01  1.284e-01    0.010
     951  32768  3.7669006  1.118e-01  1.283e-01    0.010
     952  32768  3.7669006  1.118e-01  1.281e-01    0.010
     953  32768  3.7669006  1.118e-01  1.280e-01    0.010
     954  32768  3.7669006  1.118e-01  1.279e-01    0.010
     955  32768  3.7669006  1.118e-01  1.277e-01    0.010
     956  32768  3.7669006  1.118e-01  1.276e-01    0.010
     957  32768  3.7669006  1.118e-01  1.275e-01    0.010
     958  32768  3.7669006  1.118e-01  1.274e-01    0.010
     959  32768  3.7669006  1.118e-01  1.272e-01    0.010
     960  32768  3.7669006  1.118e-01  1.271e-01    0.010
     961  32768  3.7669006  1.118e-01  1.270e-01    0.010
     962  32768  3.7669006  1.118e-01  1.269e-01    0.010
     963  32768  3.7669006  1.118e-01  1.267e-01    0.010
     964  32768  3.7669006  1.118e-01  1.266e-01    0.010
     965  32768  3.7669006  1.118e-01  1.265e-01    0.010
     966  32768  3.7669006  1.118e-01  1.263e-01    0.010
     967  32768  3.7669006  1.118e-01  1.262e-01    0.010
     968  32768  3.7669006  1.118e-01  1.261e-01    0.010
     969  32768  3.7669006  1.118e-01  1.260e-01    0.010
     970  32768  3.7669006  1.118e-01  1.258e-01    0.010
     971  32768  3.7669006  1.118e-01  1.257e-01    0.010
     972  32768  3.7669006  1.118e-01  1.256e-01    0.010
     973  32768  3.7669006  1.118e-01  1.255e-01    0.010
     974  32768  3.7669006  1.118e-01  1.253e-01    0.010
     975  32768  3.7669006  1.118e-01  1.252e-01    0.010
     976  32768  3.7669006  1.118e-01  1.251e-01    0.010
     977  32768  3.7669006  1.118e-01  1.250e-01    0.010
     978  32768  3.7669006  1.118e-01  1.248e-01    0.010
     979  32768  3.7669006  1.118e-01  1.247e-01    0.010
     980  32768  3.7669006  1.118e-01  1.246e-01    0.010
     981  32768  3.7669006  1.118e-01  1.245e-01    0.010
     982  32768  3.7669006  1.118e-01  1.243e-01    0.010
     983  32768  3.7669006  1.118e-01  1.242e-01    0.010
     984  32768  3.7669006  1.118e-01  1.241e-01    0.010
     985  32768  3.7669006  1.118e-01  1.240e-01    0.010
     986  32768  3.7669006  1.118e-01  1.238e-01    0.010
     987  32768  3.7669006  1.118e-01  1.237e-01    0.010
     988  32768  3.7669006  1.118e-01  1.236e-01    0.010
     989  32768  3.7669006  1.118e-01  1.235e-01    0.010
     990  32768  3.7669006  1.118e-01  1.234e-01    0.010
     991  32768  3.7669006  1.118e-01  1.232e-01    0.010
     992  32768  3.7669006  1.118e-01  1.231e-01    0.010
     993  32768  3.7669006  1.118e-01  1.230e-01    0.010
     994  32768  3.7669006  1.118e-01  1.229e-01    0.010
     995  32768  3.7669006  1.118e-01  1.227e-01    0.010
     996  32768  3.7669006  1.118e-01  1.226e-01    0.010
     997  32768  3.7669006  1.118e-01  1.225e-01    0.010
     998  32768  3.7669006  1.118e-01  1.224e-01    0.010
     999  32768  3.7669006  1.118e-01  1.223e-01    0.010
    1000  32768  3.7669006  1.118e-01  1.221e-01    0.010
    1001  32768  3.7669006  1.118e-01  1.220e-01    0.010
    1002  32768  3.7669006  1.118e-01  1.219e-01    0.010
    1003  32768  3.7669006  1.118e-01  1.218e-01    0.010
    1004  32768  3.7669006  1.118e-01  1.216e-01    0.010
    1005  32768  3.7669006  1.118e-01  1.215e-01    0.010
    1006  32768  3.7669006  1.118e-01  1.214e-01    0.010
    1007  32768  3.7669006  1.118e-01  1.213e-01    0.010
    1008  32768  3.7669006  1.118e-01  1.212e-01    0.010
    1009  32768  3.7669006  1.118e-01  1.210e-01    0.010
    1010  32768  3.7669006  1.118e-01  1.209e-01    0.010
    1011  32768  3.7669006  1.118e-01  1.208e-01    0.010
    1012  32768  3.7669006  1.118e-01  1.207e-01    0.010
    1013  32768  3.7669006  1.118e-01  1.206e-01    0.010
    1014  32768  3.7669006  1.118e-01  1.204e-01    0.010
    1015  32768  3.7669006  1.118e-01  1.203e-01    0.010
    1016  32768  3.7669006  1.118e-01  1.202e-01    0.010
    1017  32768  3.7669006  1.118e-01  1.201e-01    0.010
    1018  32768  3.7669006  1.118e-01  1.200e-01    0.010
    1019  32768  3.7669006  1.118e-01  1.198e-01    0.010
    1020  32768  3.7669006  1.118e-01  1.197e-01    0.010
    1021  32768  3.7669006  1.118e-01  1.196e-01    0.010
    1022  32768  3.7669006  1.118e-01  1.195e-01    0.010
    1023  32768  3.7669006  1.118e-01  1.194e-01    0.010
    1024  32768  3.7669006  1.118e-01  1.192e-01    0.010
    1025  32768  3.7669006  1.118e-01  1.191e-01    0.010
    1026  32768  3.7669006  1.118e-01  1.190e-01    0.010
    1027  32768  3.7669006  1.118e-01  1.189e-01    0.010
    1028  32768  3.7669006  1.118e-01  1.188e-01    0.010
    1029  32768  3.7669006  1.118e-01  1.186e-01    0.010
    1030  32768  3.7669006  1.118e-01  1.185e-01    0.010
    1031  32768  3.7669006  1.118e-01  1.184e-01    0.010
    1032  32768  3.7669006  1.118e-01  1.183e-01    0.010
    1033  32768  3.7669006  1.118e-01  1.182e-01    0.010
    1034  32768  3.7669006  1.118e-01  1.180e-01    0.010
    1035  32768  3.7669006  1.118e-01  1.179e-01    0.010
    1036  32768  3.7669006  1.118e-01  1.178e-01    0.010
    1037  32768  3.7669006  1.118e-01  1.177e-01    0.010
    1038  32768  3.7669006  1.118e-01  1.176e-01    0.010
    1039  32768  3.7669006  1.118e-01  1.175e-01    0.010
    1040  32768  3.7669006  1.118e-01  1.173e-01    0.010
    1041  32768  3.7669006  1.118e-01  1.172e-01    0.010
    1042  32768  3.7669006  1.118e-01  1.171e-01    0.010
    1043  32768  3.7669006  1.118e-01  1.170e-01    0.010
    1044  32768  3.7669006  1.118e-01  1.169e-01    0.010
    1045  32768  3.7669006  1.118e-01  1.168e-01    0.010
    1046  32768  3.7669006  1.118e-01  1.166e-01    0.010
    1047  32768  3.7669006  1.118e-01  1.165e-01    0.010
    1048  32768  3.7669006  1.118e-01  1.164e-01    0.010
    1049  32768  3.7669006  1.118e-01  1.163e-01    0.010
    1050  32768  3.7669006  1.118e-01  1.162e-01    0.010
    1051  32768  3.7669006  1.118e-01  1.161e-01    0.010
    1052  32768  3.7669006  1.118e-01  1.159e-01    0.010
    1053  32768  3.7669006  1.118e-01  1.158e-01    0.010
    1054  32768  3.7669006  1.118e-01  1.157e-01    0.010
    1055  32768  3.7669006  1.118e-01  1.156e-01    0.010
    1056  32768  3.7669006  1.118e-01  1.155e-01    0.010
    1057  32768  3.7669006  1.118e-01  1.154e-01    0.010
    1058  32768  3.7669006  1.118e-01  1.152e-01    0.010
    1059  32768  3.7669006  1.118e-01  1.151e-01    0.010
    1060  32768  3.7669006  1.118e-01  1.150e-01    0.010
    1061  49152  3.7635186  1.055e-01  1.149e-01    0.013
    1062  49152  3.7635186  1.055e-01  1.148e-01    0.013
    1063  49152  3.7635186  1.055e-01  1.147e-01    0.013
    1064  49152  3.7635186  1.055e-01  1.146e-01    0.013
    1065  49152  3.7635186  1.055e-01  1.144e-01    0.013
    1066  49152  3.7635186  1.055e-01  1.143e-01    0.013
    1067  49152  3.7635186  1.055e-01  1.142e-01    0.013
    1068  49152  3.7635186  1.055e-01  1.141e-01    0.013
    1069  49152  3.7635186  1.055e-01  1.140e-01    0.013
    1070  49152  3.7635186  1.055e-01  1.139e-01    0.013
    1071  49152  3.7635186  1.055e-01  1.138e-01    0.013
    1072  49152  3.7635186  1.055e-01  1.136e-01    0.013
    1073  49152  3.7635186  1.055e-01  1.135e-01    0.013
    1074  49152  3.7635186  1.055e-01  1.134e-01    0.013
    1075  49152  3.7635186  1.055e-01  1.133e-01    0.013
    1076  49152  3.7635186  1.055e-01  1.132e-01    0.013
    1077  49152  3.7635186  1.055e-01  1.131e-01    0.013
    1078  49152  3.7635186  1.055e-01  1.130e-01    0.013
    1079  49152  3.7635186  1.055e-01  1.129e-01    0.013
    1080  49152  3.7635186  1.055e-01  1.127e-01    0.013
    1081  49152  3.7635186  1.055e-01  1.126e-01    0.013
    1082  49152  3.7635186  1.055e-01  1.125e-01    0.013
    1083  49152  3.7635186  1.055e-01  1.124e-01    0.013
    1084  49152  3.7635186  1.055e-01  1.123e-01    0.013
    1085  49152  3.7635186  1.055e-01  1.122e-01    0.013
    1086  49152  3.7635186  1.055e-01  1.121e-01    0.013
    1087  49152  3.7635186  1.055e-01  1.120e-01    0.013
    1088  49152  3.7635186  1.055e-01  1.118e-01    0.013
    1089  49152  3.7635186  1.055e-01  1.117e-01    0.013
    1090  49152  3.7635186  1.055e-01  1.116e-01    0.013
    1091  49152  3.7635186  1.055e-01  1.115e-01    0.013
    1092  49152  3.7635186  1.055e-01  1.114e-01    0.013
    1093  49152  3.7635186  1.055e-01  1.113e-01    0.013
    1094  49152  3.7635186  1.055e-01  1.112e-01    0.013
    1095  49152  3.7635186  1.055e-01  1.111e-01    0.013
    1096  49152  3.7635186  1.055e-01  1.110e-01    0.013
    1097  49152  3.7635186  1.055e-01  1.108e-01    0.013
    1098  49152  3.7635186  1.055e-01  1.107e-01    0.013
    1099  49152  3.7635186  1.055e-01  1.106e-01    0.013
    1100  49152  3.7635186  1.055e-01  1.105e-01    0.013
    1101  49152  3.7635186  1.055e-01  1.104e-01    0.013
    1102  49152  3.7635186  1.055e-01  1.103e-01    0.013
    1103  49152  3.7635186  1.055e-01  1.102e-01    0.013
    1104  49152  3.7635186  1.055e-01  1.101e-01    0.013
    1105  49152  3.7635186  1.055e-01  1.100e-01    0.013
    1106  49152  3.7635186  1.055e-01  1.099e-01    0.013
    1107  49152  3.7635186  1.055e-01  1.097e-01    0.013
    1108  49152  3.7635186  1.055e-01  1.096e-01    0.013
    1109  49152  3.7635186  1.055e-01  1.095e-01    0.013
    1110  49152  3.7635186  1.055e-01  1.094e-01    0.013
    1111  49152  3.7635186  1.055e-01  1.093e-01    0.013
    1112  49152  3.7635186  1.055e-01  1.092e-01    0.013
    1113  49152  3.7635186  1.055e-01  1.091e-01    0.013
    1114  49152  3.7635186  1.055e-01  1.090e-01    0.013
    1115  49152  3.7635186  1.055e-01  1.089e-01    0.013
    1116  49152  3.7635186  1.055e-01  1.088e-01    0.013
    1117  49152  3.7635186  1.055e-01  1.086e-01    0.013
    1118  49152  3.7635186  1.055e-01  1.085e-01    0.013
    1119  49152  3.7635186  1.055e-01  1.084e-01    0.013
    1120  49152  3.7635186  1.055e-01  1.083e-01    0.013
    1121  49152  3.7635186  1.055e-01  1.082e-01    0.013
    1122  49152  3.7635186  1.055e-01  1.081e-01    0.013
    1123  49152  3.7635186  1.055e-01  1.080e-01    0.013
    1124  49152  3.7635186  1.055e-01  1.079e-01    0.013
    1125  49152  3.7635186  1.055e-01  1.078e-01    0.013
    1126  49152  3.7635186  1.055e-01  1.077e-01    0.013
    1127  49152  3.7635186  1.055e-01  1.076e-01    0.013
    1128  49152  3.7635186  1.055e-01  1.075e-01    0.013
    1129  49152  3.7635186  1.055e-01  1.074e-01    0.013
    1130  49152  3.7635186  1.055e-01  1.072e-01    0.013
    1131  49152  3.7635186  1.055e-01  1.071e-01    0.013
    1132  49152  3.7635186  1.055e-01  1.070e-01    0.013
    1133  81920  3.7517813  9.279e-02  1.069e-01    0.017
    1134  81920  3.7517813  9.279e-02  1.068e-01    0.017
    1135  81920  3.7517813  9.279e-02  1.067e-01    0.017
    1136  81920  3.7517813  9.279e-02  1.066e-01    0.017
    1137  81920  3.7517813  9.279e-02  1.065e-01    0.017
    1138  81920  3.7517813  9.279e-02  1.064e-01    0.017
    1139  81920  3.7517813  9.279e-02  1.063e-01    0.017
    1140  81920  3.7517813  9.279e-02  1.062e-01    0.017
    1141  81920  3.7517813  9.279e-02  1.061e-01    0.017
    1142  81920  3.7517813  9.279e-02  1.060e-01    0.017
    1143  81920  3.7517813  9.279e-02  1.059e-01    0.017
    1144  81920  3.7517813  9.279e-02  1.058e-01    0.017
    1145  81920  3.7517813  9.279e-02  1.057e-01    0.017
    1146  81920  3.7517813  9.279e-02  1.055e-01    0.017
    1147  81920  3.7517813  9.279e-02  1.054e-01    0.017
    1148  81920  3.7517813  9.279e-02  1.053e-01    0.017
    1149  81920  3.7517813  9.279e-02  1.052e-01    0.017
    1150  81920  3.7517813  9.279e-02  1.051e-01    0.017
    1151  81920  3.7517813  9.279e-02  1.050e-01    0.017
    1152  81920  3.7517813  9.279e-02  1.049e-01    0.017
    1153  81920  3.7517813  9.279e-02  1.048e-01    0.017
    1154  81920  3.7517813  9.279e-02  1.047e-01    0.017
    1155  81920  3.7517813  9.279e-02  1.046e-01    0.017
    1156  81920  3.7517813  9.279e-02  1.045e-01    0.017
    1157  81920  3.7517813  9.279e-02  1.044e-01    0.017
    1158  81920  3.7517813  9.279e-02  1.043e-01    0.017
    1159  81920  3.7517813  9.279e-02  1.042e-01    0.017
    1160  81920  3.7517813  9.279e-02  1.041e-01    0.017
    1161  81920  3.7517813  9.279e-02  1.040e-01    0.017
    1162  81920  3.7517813  9.279e-02  1.039e-01    0.017
    1163  81920  3.7517813  9.279e-02  1.038e-01    0.017
    1164  81920  3.7517813  9.279e-02  1.037e-01    0.017
    1165  81920  3.7517813  9.279e-02  1.036e-01    0.017
    1166  81920  3.7517813  9.279e-02  1.035e-01    0.017
    1167  81920  3.7517813  9.279e-02  1.034e-01    0.017
    1168  81920  3.7517813  9.279e-02  1.033e-01    0.017
    1169  81920  3.7517813  9.279e-02  1.031e-01    0.017
    1170  81920  3.7517813  9.279e-02  1.030e-01    0.017
    1171  81920  3.7517813  9.279e-02  1.029e-01    0.017
    1172  81920  3.7517813  9.279e-02  1.028e-01    0.017
    1173  81920  3.7517813  9.279e-02  1.027e-01    0.017
    1174  81920  3.7517813  9.279e-02  1.026e-01    0.017
    1175  81920  3.7517813  9.279e-02  1.025e-01    0.017
    1176  81920  3.7517813  9.279e-02  1.024e-01    0.017
    1177  81920  3.7517813  9.279e-02  1.023e-01    0.017
    1178  81920  3.7517813  9.279e-02  1.022e-01    0.017
    1179  81920  3.7517813  9.279e-02  1.021e-01    0.017
    1180  81920  3.7517813  9.279e-02  1.020e-01    0.017
    1181  81920  3.7517813  9.279e-02  1.019e-01    0.017
    1182  81920  3.7517813  9.279e-02  1.018e-01    0.017
    1183  81920  3.7517813  9.279e-02  1.017e-01    0.017
    1184  81920  3.7517813  9.279e-02  1.016e-01    0.017
    1185  81920  3.7517813  9.279e-02  1.015e-01    0.017
    1186  81920  3.7517813  9.279e-02  1.014e-01    0.017
    1187  81920  3.7517813  9.279e-02  1.013e-01    0.017
    1188  81920  3.7517813  9.279e-02  1.012e-01    0.017
    1189  81920  3.7517813  9.279e-02  1.011e-01    0.017
    1190  81920  3.7517813  9.279e-02  1.010e-01    0.017
    1191  81920  3.7517813  9.279e-02  1.009e-01    0.017
    1192  81920  3.7517813  9.279e-02  1.008e-01    0.017
    1193  81920  3.7517813  9.279e-02  1.007e-01    0.017
    1194  81920  3.7517813  9.279e-02  1.006e-01    0.017
    1195  81920  3.7517813  9.279e-02  1.005e-01    0.017
    1196  81920  3.7517813  9.279e-02  1.004e-01    0.017
    1197  81920  3.7517813  9.279e-02  1.003e-01    0.017
    1198  81920  3.7517813  9.279e-02  1.002e-01    0.017
    1199  81920  3.7517813  9.279e-02  1.001e-01    0.017
    1200  81920  3.7517813  9.279e-02  1.000e-01    0.017

  Stage summary of CubMLQMCCont
  ----------------------------------------------------------------------------
  Stage    rmse_tol   total n     new n  iters    solution half-width time (s)
  ----------------------------------------------------------------------------
  Loose       5e-01    24,576    24,576   1200   3.7694046   1.59e-01   0.0070
  Resumed     1e-01    57,344    32,768   1200   3.6118144   8.81e-02   0.0237
  Fresh       1e-01    81,920    81,920   1200   3.7517813   9.28e-02   0.0167
  ----------------------------------------------------------------------------

  WARNING: CubMLQMCCont: Inconsistent total samples (resume_n=57344, fresh_n=81920)

